{"type":"FeatureCollection","features":[{"type":"Feature","properties":{"code":"06007","name":"Adolfo Alsina"},"geometry":{"type":"Polygon","coordinates":[[[-63.28276,-36.60756],[-62.64731,-37.12305],[-62.59499,-37.09639],[-62.51102,-37.19602],[-62.50955,-37.23377],[-62.53881,-37.25742],[-62.4254,-37.34868],[-62.64215,-37.51981],[-62.8132,-37.37393],[-63.37766,-37.81518],[-63.38537,-36.52495],[-63.28276,-36.60756]]]}},{"type":"Feature","properties":{"code":"06014","name":"Adolfo Gonzales Chaves"},"geometry":{"type":"Polygon","coordinates":[[[-60.3334,-37.76862],[-60.32343,-37.77637],[-60.26196,-37.72875],[-60.08913,-37.85167],[-60.0605,-37.82823],[-60.01816,-37.86074],[-59.93661,-37.79445],[-59.75469,-37.91413],[-59.71834,-37.95598],[-59.67367,-37.97955],[-59.67703,-38.00011],[-59.64135,-38.02515],[-59.77794,-38.13764],[-59.7667,-38.14624],[-59.78882,-38.16498],[-59.75388,-38.19123],[-59.77588,-38.21026],[-59.79357,-38.19733],[-59.83417,-38.2315],[-59.88666,-38.15728],[-60.0363,-38.28084],[-60.37069,-38.01672],[-60.4632,-38.0895],[-60.44213,-38.10698],[-60.54961,-38.19215],[-60.75949,-38.02854],[-60.74377,-38.01605],[-60.84565,-37.9358],[-60.55667,-37.72085],[-60.58083,-37.70081],[-60.45274,-37.60104],[-60.37802,-37.66269],[-60.42421,-37.69767],[-60.3334,-37.76862]]]}},{"type":"Feature","properties":{"code":"06021","name":"Alberti"},"geometry":{"type":"Polygon","coordinates":[[[-60.28146,-34.79361],[-60.23955,-34.82653],[-60.30415,-34.88109],[-60.11875,-35.03516],[-60.15125,-35.06564],[-60.13272,-35.08242],[-60.05429,-35.09075],[-60.02109,-35.10804],[-60.23504,-35.29586],[-60.35384,-35.19383],[-60.33853,-35.17974],[-60.36504,-35.15958],[-60.32894,-35.12766],[-60.38869,-35.08823],[-60.44002,-35.03678],[-60.43491,-35.01639],[-60.47391,-34.99761],[-60.48776,-34.9748],[-60.4746,-34.93991],[-60.45304,-34.93041],[-60.44871,-34.87931],[-60.46028,-34.86237],[-60.32251,-34.76153],[-60.28146,-34.79361]]]}},{"type":"Feature","properties":{"code":"06028","name":"Almirante Brown"},"geometry":{"type":"Polygon","coordinates":[[[-58.33396,-34.75824],[-58.30978,-34.79339],[-58.3328,-34.80575],[-58.29247,-34.85487],[-58.39644,-34.90988],[-58.44775,-34.82599],[-58.33396,-34.75824]]]}},{"type":"Feature","properties":{"code":"06035","name":"Avellaneda"},"geometry":{"type":"Polygon","coordinates":[[[-58.33838,-34.63358],[-58.27964,-34.67864],[-58.3335,-34.72698],[-58.4065,-34.66351],[-58.33838,-34.63358]]]}},{"type":"Feature","properties":{"code":"06042","name":"Ayacucho"},"geometry":{"type":"Polygon","coordinates":[[[-58.21306,-36.61549],[-58.22618,-36.62767],[-58.11442,-36.72812],[-58.28654,-36.88103],[-58.01987,-37.07597],[-57.94442,-37.00758],[-57.76897,-37.13597],[-58.09451,-37.4374],[-58.08398,-37.44506],[-58.16358,-37.38824],[-58.28266,-37.49209],[-58.35463,-37.43985],[-58.4264,-37.50119],[-58.57711,-37.38398],[-58.6109,-37.41126],[-59.09013,-37.06278],[-59.04075,-37.02608],[-59.02149,-36.96009],[-59.00267,-36.94465],[-58.93688,-36.93605],[-58.91121,-36.87642],[-58.87309,-36.86076],[-58.86683,-36.83837],[-58.83701,-36.83625],[-58.79518,-36.806],[-58.79087,-36.78911],[-58.71996,-36.75258],[-58.66685,-36.74293],[-58.72095,-36.70023],[-58.43724,-36.4521],[-58.21306,-36.61549]]]}},{"type":"Feature","properties":{"code":"06049","name":"Azul"},"geometry":{"type":"Polygon","coordinates":[[[-59.48757,-36.22753],[-59.22971,-36.42085],[-59.25,-36.43752],[-59.13842,-36.54288],[-59.19554,-36.59087],[-59.2219,-36.57439],[-59.22656,-36.61687],[-59.25532,-36.64688],[-59.28153,-36.76464],[-59.35279,-36.82504],[-59.36501,-36.85126],[-59.35966,-36.89722],[-59.39957,-36.97078],[-59.43353,-36.99946],[-59.43683,-37.02133],[-59.47985,-37.03674],[-59.52083,-37.08236],[-59.56764,-37.09781],[-59.58657,-37.13249],[-59.66836,-37.18193],[-59.69936,-37.21661],[-59.80644,-37.25113],[-59.82649,-37.31093],[-59.88029,-37.35594],[-59.86061,-37.3712],[-59.95326,-37.44751],[-60.03793,-37.38112],[-59.98674,-37.33994],[-60.2076,-37.17277],[-60.12638,-37.09682],[-60.14521,-37.08118],[-60.11304,-37.04164],[-60.12285,-37.03431],[-60.10365,-37.01607],[-60.11613,-37.00657],[-60.0959,-36.98914],[-60.10674,-36.98081],[-60.02342,-36.91558],[-60.03289,-36.908],[-60.01256,-36.89103],[-60.02806,-36.88001],[-60.00751,-36.86352],[-60.0212,-36.85259],[-60.00136,-36.83548],[-60.16141,-36.71966],[-60.135,-36.67483],[-60.06283,-36.7318],[-59.91889,-36.61481],[-60.02369,-36.53184],[-59.93118,-36.46661],[-59.82391,-36.35854],[-59.7272,-36.28822],[-59.63458,-36.35887],[-59.48757,-36.22753]]]}},{"type":"Feature","properties":{"code":"06056","name":"Bahía Blanca"},"geometry":{"type":"Polygon","coordinates":[[[-62.21064,-38.44114],[-62.19634,-38.45202],[-62.08465,-38.36274],[-61.99865,-38.42681],[-62.01018,-38.43623],[-61.9886,-38.45251],[-61.93861,-38.41121],[-61.92536,-38.45346],[-61.89304,-38.42614],[-61.81274,-38.48546],[-61.7816,-38.45994],[-61.78,-38.45959],[-61.79504,-38.52967],[-61.77864,-38.57958],[-61.74762,-38.59689],[-61.75418,-38.61525],[-61.74236,-38.62721],[-61.81841,-38.68787],[-61.84793,-38.66536],[-61.92567,-38.73125],[-62.01216,-38.70677],[-62.06198,-38.71233],[-62.18198,-38.81706],[-62.21217,-38.7982],[-62.23451,-38.80517],[-62.23627,-38.78919],[-62.30177,-38.78719],[-62.35492,-38.75567],[-62.39902,-38.74947],[-62.4271,-38.76086],[-62.45138,-38.72997],[-62.47289,-38.66329],[-62.61121,-38.61124],[-62.61446,-38.59162],[-62.38781,-38.40855],[-62.34185,-38.44265],[-62.23976,-38.36088],[-62.20907,-38.39543],[-62.22774,-38.4106],[-62.20949,-38.42442],[-62.22069,-38.43341],[-62.21064,-38.44114]]]}},{"type":"Feature","properties":{"code":"06063","name":"Balcarce"},"geometry":{"type":"Polygon","coordinates":[[[-58.42719,-37.50067],[-58.35463,-37.43985],[-58.28266,-37.49209],[-58.16358,-37.38824],[-57.73357,-37.69777],[-58.25591,-38.13086],[-58.59123,-37.87799],[-58.50734,-37.80574],[-58.80913,-37.57872],[-58.57711,-37.38398],[-58.42719,-37.50067]]]}},{"type":"Feature","properties":{"code":"06070","name":"Baradero"},"geometry":{"type":"Polygon","coordinates":[[[-59.39368,-33.73657],[-59.23981,-33.7301],[-59.25482,-33.79388],[-59.22272,-33.81343],[-59.28917,-33.82628],[-59.30274,-33.85285],[-59.24014,-33.89626],[-59.22838,-33.92503],[-59.26054,-33.94158],[-59.34088,-33.92538],[-59.34559,-33.9524],[-59.31963,-34.0238],[-59.34104,-34.04257],[-59.40646,-34.06095],[-59.39554,-34.07451],[-59.46309,-34.13501],[-59.51091,-34.0994],[-59.56209,-34.16797],[-59.62753,-34.15832],[-59.67609,-34.16666],[-59.72227,-34.13107],[-59.70723,-34.09359],[-59.75439,-34.01356],[-59.71456,-33.94608],[-59.65302,-33.91721],[-59.62876,-33.87889],[-59.60457,-33.86604],[-59.60295,-33.82185],[-59.57243,-33.77572],[-59.51011,-33.77884],[-59.56258,-33.75937],[-59.4963,-33.64605],[-59.47571,-33.65839],[-59.45648,-33.71918],[-59.39368,-33.73657]]]}},{"type":"Feature","properties":{"code":"06077","name":"Arrecifes"},"geometry":{"type":"Polygon","coordinates":[[[-60.10961,-33.81354],[-60.02435,-33.82663],[-59.77871,-34.01381],[-59.812,-34.01516],[-59.84448,-34.05269],[-59.89626,-34.07819],[-59.98479,-34.08464],[-59.9836,-34.19757],[-60.03961,-34.26861],[-60.20288,-34.2039],[-60.20676,-34.17166],[-60.18456,-34.13553],[-60.16669,-34.06153],[-60.19631,-34.05144],[-60.2376,-34.01112],[-60.23147,-33.86979],[-60.15638,-33.74548],[-60.10961,-33.81354]]]}},{"type":"Feature","properties":{"code":"06084","name":"Benito Juárez"},"geometry":{"type":"Polygon","coordinates":[[[-60.17691,-37.19463],[-59.98674,-37.33994],[-60.03793,-37.38112],[-59.95326,-37.44751],[-59.86061,-37.3712],[-59.88029,-37.35594],[-59.82649,-37.31093],[-59.81155,-37.25632],[-59.77974,-37.23839],[-59.22598,-37.65084],[-59.30704,-37.72029],[-59.38335,-37.7586],[-59.67646,-37.99968],[-59.67367,-37.97955],[-59.71834,-37.95598],[-59.75469,-37.91413],[-59.93661,-37.79445],[-60.01816,-37.86074],[-60.0605,-37.82823],[-60.08913,-37.85167],[-60.26196,-37.72875],[-60.32343,-37.77637],[-60.42421,-37.69767],[-60.37802,-37.66269],[-60.46588,-37.59027],[-60.34919,-37.49604],[-60.50268,-37.3735],[-60.47173,-37.34923],[-60.43715,-37.37682],[-60.20058,-37.17804],[-60.17691,-37.19463]]]}},{"type":"Feature","properties":{"code":"06091","name":"Berazategui"},"geometry":{"type":"Polygon","coordinates":[[[-58.19101,-34.7382],[-58.01769,-34.78032],[-58.21108,-34.95178],[-58.24741,-34.92359],[-58.17987,-34.866],[-58.19991,-34.81377],[-58.26746,-34.77365],[-58.19101,-34.7382]]]}},{"type":"Feature","properties":{"code":"06098","name":"Berisso"},"geometry":{"type":"Polygon","coordinates":[[[-57.86216,-34.84109],[-57.75103,-34.91493],[-57.70822,-34.93035],[-57.75235,-34.97066],[-57.8959,-34.93044],[-57.93185,-34.90346],[-57.90054,-34.87486],[-57.87695,-34.82772],[-57.86216,-34.84109]]]}},{"type":"Feature","properties":{"code":"06105","name":"Bolívar"},"geometry":{"type":"Polygon","coordinates":[[[-60.78583,-35.90711],[-60.69545,-35.96881],[-60.63807,-35.92107],[-60.53112,-36.00052],[-60.57241,-36.02875],[-60.63476,-36.11002],[-60.68888,-36.13575],[-60.72734,-36.13721],[-60.81038,-36.21036],[-60.79908,-36.23155],[-60.80608,-36.25305],[-60.86025,-36.32251],[-60.906,-36.34157],[-60.86612,-36.37219],[-60.92962,-36.42455],[-60.89623,-36.45134],[-60.94041,-36.48666],[-61.25482,-36.73498],[-61.36885,-36.64099],[-61.49722,-36.74407],[-61.6641,-36.60689],[-61.61688,-36.5699],[-61.67698,-36.53008],[-61.68562,-36.53591],[-61.72467,-36.49427],[-61.4061,-36.24096],[-61.43969,-36.21442],[-61.0353,-35.87666],[-60.96967,-35.92662],[-60.86791,-35.84001],[-60.78583,-35.90711]]]}},{"type":"Feature","properties":{"code":"06112","name":"Bragado"},"geometry":{"type":"Polygon","coordinates":[[[-60.7124,-34.64714],[-60.68532,-34.65704],[-60.68637,-34.70765],[-60.65771,-34.70927],[-60.62576,-34.74336],[-60.62763,-34.75965],[-60.58805,-34.81675],[-60.55827,-34.82957],[-60.54081,-34.82152],[-60.52928,-34.84162],[-60.49468,-34.83849],[-60.45514,-34.86419],[-60.45304,-34.93041],[-60.4746,-34.93991],[-60.48538,-34.98029],[-60.43491,-35.01639],[-60.44002,-35.03678],[-60.38869,-35.08823],[-60.32894,-35.12766],[-60.36504,-35.15958],[-60.33853,-35.17974],[-60.35384,-35.19383],[-60.31579,-35.22313],[-60.52805,-35.4103],[-60.87266,-35.14367],[-60.75423,-35.0414],[-60.84769,-34.96808],[-60.72396,-34.86123],[-60.81568,-34.78965],[-60.76449,-34.74103],[-60.79551,-34.71747],[-60.7124,-34.64714]]]}},{"type":"Feature","properties":{"code":"06119","name":"Brandsen"},"geometry":{"type":"Polygon","coordinates":[[[-58.16704,-35.04774],[-58.17725,-35.05715],[-58.01807,-35.16811],[-58.07753,-35.22],[-58.05409,-35.23683],[-57.96811,-35.15969],[-57.89014,-35.22214],[-58.03584,-35.344],[-58.04482,-35.33456],[-58.13862,-35.42037],[-58.18685,-35.38258],[-58.21927,-35.40804],[-58.25955,-35.37711],[-58.24682,-35.36532],[-58.4469,-35.21403],[-58.35271,-35.13786],[-58.33884,-35.14853],[-58.16142,-34.97184],[-58.12026,-35.00457],[-58.16704,-35.04774]]]}},{"type":"Feature","properties":{"code":"06126","name":"Campana"},"geometry":{"type":"Polygon","coordinates":[[[-58.74946,-33.95459],[-58.6753,-34.02547],[-58.80475,-34.08751],[-58.76385,-34.12647],[-58.7467,-34.16551],[-58.6914,-34.17243],[-58.71215,-34.2489],[-58.79851,-34.23022],[-58.77874,-34.28675],[-58.86283,-34.26417],[-58.88079,-34.29792],[-58.91493,-34.32072],[-58.91798,-34.35231],[-58.90774,-34.35995],[-58.91973,-34.38103],[-59.05715,-34.2415],[-59.10581,-34.2139],[-59.10226,-34.19745],[-58.97331,-34.1291],[-58.9775,-34.11328],[-59.00952,-34.09907],[-58.96605,-33.96058],[-58.77771,-33.94263],[-58.74946,-33.95459]]]}},{"type":"Feature","properties":{"code":"06134","name":"Cañuelas"},"geometry":{"type":"Polygon","coordinates":[[[-58.64294,-34.90064],[-58.59905,-34.94295],[-58.62015,-34.96074],[-58.55426,-35.00914],[-58.60044,-35.05242],[-58.57932,-35.06835],[-58.57792,-35.15166],[-58.46797,-35.23842],[-58.57165,-35.3282],[-58.52511,-35.36657],[-58.5821,-35.42144],[-58.66313,-35.35495],[-58.67415,-35.36038],[-58.70743,-35.33509],[-58.67832,-35.30447],[-58.74675,-35.2527],[-58.77077,-35.27398],[-58.89485,-35.17619],[-58.86897,-35.15357],[-58.9341,-35.10351],[-58.77748,-34.96496],[-58.79107,-34.95526],[-58.76534,-34.959],[-58.72693,-34.92375],[-58.65033,-34.89109],[-58.64294,-34.90064]]]}},{"type":"Feature","properties":{"code":"06140","name":"Capitán Sarmiento"},"geometry":{"type":"Polygon","coordinates":[[[-59.74648,-33.99814],[-59.75439,-34.01356],[-59.74039,-34.04847],[-59.70723,-34.09359],[-59.72227,-34.13107],[-59.67518,-34.16775],[-59.87394,-34.2643],[-59.89524,-34.23644],[-59.97057,-34.28655],[-60.03961,-34.26861],[-59.9836,-34.19757],[-59.98479,-34.08464],[-59.89626,-34.07819],[-59.84448,-34.05269],[-59.812,-34.01516],[-59.79206,-34.02035],[-59.74648,-33.99814]]]}},{"type":"Feature","properties":{"code":"06147","name":"Carlos Casares"},"geometry":{"type":"Polygon","coordinates":[[[-61.53188,-35.37858],[-61.28802,-35.57282],[-61.2726,-35.56008],[-61.0319,-35.76555],[-61.10173,-35.82476],[-61.0353,-35.87666],[-61.26975,-36.0711],[-61.33319,-36.02141],[-61.3934,-36.07181],[-61.56005,-35.94276],[-61.54368,-35.92899],[-61.63612,-35.85274],[-61.50277,-35.74542],[-61.60119,-35.6645],[-61.57437,-35.64308],[-61.72474,-35.53738],[-61.53188,-35.37858]]]}},{"type":"Feature","properties":{"code":"06154","name":"Carlos Tejedor"},"geometry":{"type":"Polygon","coordinates":[[[-62.39642,-35.07176],[-62.28518,-35.16382],[-62.27061,-35.15177],[-62.22419,-35.18988],[-62.21004,-35.20186],[-62.22502,-35.21414],[-61.90631,-35.48561],[-61.98814,-35.5522],[-62.05017,-35.50123],[-62.12999,-35.56537],[-62.09829,-35.59161],[-62.33855,-35.78407],[-62.69389,-35.49264],[-62.68526,-35.48563],[-62.77769,-35.40869],[-62.80381,-35.4295],[-62.8731,-35.37161],[-62.84654,-35.35045],[-62.89316,-35.31132],[-62.86414,-35.2885],[-62.89956,-35.25928],[-62.70752,-35.10116],[-62.67689,-35.12661],[-62.65718,-35.11082],[-62.68835,-35.0851],[-62.61063,-35.02272],[-62.54855,-35.07387],[-62.47144,-35.01066],[-62.39642,-35.07176]]]}},{"type":"Feature","properties":{"code":"06161","name":"Carmen de Areco"},"geometry":{"type":"Polygon","coordinates":[[[-59.73086,-34.25721],[-59.69223,-34.28704],[-59.67533,-34.40405],[-59.76761,-34.45281],[-59.73511,-34.47782],[-59.76841,-34.5073],[-59.75465,-34.51809],[-59.88457,-34.61943],[-59.9332,-34.58126],[-59.90931,-34.5612],[-59.93031,-34.54351],[-59.97474,-34.51043],[-60.01471,-34.5469],[-60.09804,-34.48293],[-60.08363,-34.46978],[-60.14258,-34.4188],[-60.08409,-34.36752],[-60.06503,-34.38265],[-59.97083,-34.28648],[-59.89524,-34.23644],[-59.87394,-34.2643],[-59.78158,-34.21932],[-59.73086,-34.25721]]]}},{"type":"Feature","properties":{"code":"06168","name":"Castelli"},"geometry":{"type":"Polygon","coordinates":[[[-57.38471,-35.73808],[-57.36205,-35.75061],[-57.38971,-35.85317],[-57.36881,-35.9511],[-57.38245,-35.96674],[-57.27924,-36.13759],[-57.20923,-36.19622],[-57.64506,-36.10709],[-57.67096,-36.20333],[-57.7845,-36.17814],[-57.81586,-36.2784],[-57.87204,-36.26687],[-57.88351,-36.30214],[-57.96431,-36.27033],[-57.97175,-36.26396],[-57.95972,-36.25292],[-58.09322,-36.15481],[-57.9668,-36.06463],[-58.00434,-36.04214],[-57.98566,-36.01835],[-57.98331,-36.02872],[-57.95745,-36.02783],[-57.93943,-35.99301],[-57.91418,-35.99381],[-57.90409,-35.97355],[-57.84644,-35.96154],[-57.83292,-35.94371],[-57.76385,-35.92199],[-57.72607,-35.91978],[-57.73245,-35.89647],[-57.71228,-35.87267],[-57.70765,-35.83228],[-57.68225,-35.83163],[-57.65627,-35.85006],[-57.64928,-35.83699],[-57.58803,-35.83072],[-57.56704,-35.857],[-57.51252,-35.82448],[-57.48897,-35.8263],[-57.47519,-35.78307],[-57.42479,-35.78458],[-57.40206,-35.75749],[-57.40958,-35.7431],[-57.38471,-35.73808]]]}},{"type":"Feature","properties":{"code":"06175","name":"Colón"},"geometry":{"type":"Polygon","coordinates":[[[-60.90652,-33.88731],[-61.06269,-34.03938],[-61.17502,-34.09528],[-61.20989,-34.12564],[-61.33141,-34.02568],[-60.93403,-33.65473],[-60.91043,-33.58089],[-60.81081,-33.6748],[-60.90102,-33.74935],[-60.86129,-33.78096],[-60.9428,-33.85686],[-60.90652,-33.88731]]]}},{"type":"Feature","properties":{"code":"06182","name":"Coronel de Marina Leonardo Rosales"},"geometry":{"type":"Polygon","coordinates":[[[-61.72849,-38.65709],[-61.71545,-38.71432],[-61.72467,-38.74645],[-61.69876,-38.78142],[-61.69349,-38.82616],[-61.62612,-38.87855],[-61.5797,-38.88894],[-61.47643,-38.94505],[-61.45325,-38.93972],[-61.45573,-38.9954],[-61.61287,-39.00365],[-61.66966,-38.98989],[-61.7067,-38.96547],[-61.81303,-38.99239],[-61.86648,-38.96904],[-62.07341,-38.92511],[-62.07554,-38.90547],[-62.10578,-38.8971],[-62.10495,-38.87059],[-62.12635,-38.8417],[-62.16591,-38.81205],[-62.18192,-38.81729],[-62.06198,-38.71233],[-62.01216,-38.70677],[-61.92567,-38.73125],[-61.84793,-38.66536],[-61.81841,-38.68787],[-61.74236,-38.62721],[-61.72849,-38.65709]]]}},{"type":"Feature","properties":{"code":"06189","name":"Coronel Dorrego"},"geometry":{"type":"Polygon","coordinates":[[[-61.14515,-38.30341],[-61.07781,-38.29335],[-60.99084,-38.31063],[-60.83612,-38.40382],[-60.74063,-38.33072],[-60.73856,-38.37565],[-60.6196,-38.47128],[-60.59147,-38.55697],[-60.6125,-38.58693],[-60.61022,-38.62086],[-60.53675,-38.82231],[-60.52199,-38.8838],[-60.52934,-38.91433],[-60.49734,-38.92893],[-60.85214,-38.97971],[-61.11017,-38.99589],[-61.11952,-38.98197],[-61.10526,-38.97958],[-61.13784,-38.92939],[-61.29202,-38.94767],[-61.3149,-38.94628],[-61.34235,-38.91548],[-61.42437,-38.91634],[-61.47367,-38.94599],[-61.66315,-38.858],[-61.69967,-38.81685],[-61.69876,-38.78142],[-61.72407,-38.74898],[-61.71545,-38.71432],[-61.72849,-38.65709],[-61.59592,-38.54625],[-61.52573,-38.5007],[-61.51436,-38.50919],[-61.47271,-38.47605],[-61.46469,-38.48307],[-61.32873,-38.37533],[-61.31918,-38.39309],[-61.18856,-38.29058],[-61.14515,-38.30341]]]}},{"type":"Feature","properties":{"code":"06196","name":"Coronel Pringles"},"geometry":{"type":"Polygon","coordinates":[[[-61.02652,-37.80244],[-60.74377,-38.01605],[-60.75949,-38.02854],[-60.67625,-38.09313],[-60.72923,-38.13024],[-60.71872,-38.22423],[-60.74687,-38.22995],[-60.74063,-38.33072],[-60.83612,-38.40382],[-60.99084,-38.31063],[-61.07781,-38.29335],[-61.13578,-38.30552],[-61.18856,-38.29058],[-61.31918,-38.39309],[-61.32873,-38.37533],[-61.46469,-38.48307],[-61.47271,-38.47605],[-61.51436,-38.50919],[-61.52573,-38.5007],[-61.59592,-38.54625],[-61.72849,-38.65709],[-61.75418,-38.61525],[-61.74762,-38.59689],[-61.77864,-38.57958],[-61.79518,-38.52901],[-61.7851,-38.51802],[-61.78393,-38.44079],[-61.74087,-38.40856],[-61.75662,-38.38418],[-61.75125,-38.36375],[-61.71708,-38.30963],[-61.71752,-38.28759],[-61.69692,-38.28532],[-61.73725,-38.21832],[-61.76988,-38.19691],[-61.75961,-38.19196],[-61.76739,-38.17245],[-61.66295,-38.09076],[-61.68295,-38.0742],[-61.17803,-37.68084],[-61.02652,-37.80244]]]}},{"type":"Feature","properties":{"code":"06203","name":"Coronel Suárez"},"geometry":{"type":"Polygon","coordinates":[[[-61.66987,-36.93887],[-61.60463,-36.99443],[-61.73544,-37.09351],[-61.70277,-37.21655],[-61.74426,-37.27156],[-61.75008,-37.30353],[-61.53674,-37.48301],[-61.5968,-37.53086],[-61.48843,-37.61886],[-61.53817,-37.65728],[-61.44205,-37.73494],[-61.60554,-37.86153],[-61.50931,-37.93797],[-61.68295,-38.0742],[-61.66295,-38.09076],[-61.76739,-38.17245],[-61.78332,-38.15821],[-61.77588,-38.14068],[-61.79269,-38.13749],[-61.79975,-38.10958],[-61.8223,-38.09647],[-61.82713,-38.06535],[-61.93072,-38.00846],[-61.94947,-38.02281],[-61.92978,-38.03912],[-61.95163,-38.05699],[-62.05036,-37.99073],[-62.0496,-37.9715],[-62.09893,-37.93548],[-62.04469,-37.75247],[-62.10035,-37.72552],[-62.08461,-37.70646],[-62.13111,-37.65687],[-62.12479,-37.63352],[-62.22058,-37.5908],[-62.21106,-37.5778],[-62.22735,-37.57238],[-62.21858,-37.56072],[-62.25,-37.54498],[-62.23351,-37.53901],[-62.2834,-37.45341],[-62.322,-37.46787],[-62.37317,-37.40407],[-62.39081,-37.41257],[-62.3984,-37.39941],[-62.38388,-37.39305],[-62.40815,-37.38288],[-62.4254,-37.34868],[-62.21177,-37.18027],[-62.20297,-37.18714],[-61.97484,-37.01677],[-61.91627,-37.06714],[-61.87568,-37.03658],[-61.89205,-37.02253],[-61.77816,-36.93042],[-61.76002,-36.94597],[-61.70785,-36.90719],[-61.66987,-36.93887]]]}},{"type":"Feature","properties":{"code":"06210","name":"Chacabuco"},"geometry":{"type":"Polygon","coordinates":[[[-60.52283,-34.43474],[-60.489,-34.41514],[-60.40399,-34.48004],[-60.37407,-34.45493],[-60.31913,-34.49719],[-60.24578,-34.4319],[-60.21123,-34.45956],[-60.15419,-34.41007],[-60.08363,-34.46978],[-60.09804,-34.48293],[-60.01471,-34.5469],[-59.97474,-34.51043],[-59.93031,-34.54351],[-59.90931,-34.5612],[-59.9332,-34.58126],[-59.88457,-34.61943],[-59.96787,-34.69185],[-59.99296,-34.67401],[-60.0066,-34.64101],[-60.06352,-34.69113],[-60.10685,-34.6575],[-60.19184,-34.72874],[-60.17414,-34.74305],[-60.19076,-34.75677],[-60.17299,-34.77024],[-60.24355,-34.82996],[-60.32251,-34.76153],[-60.46028,-34.86237],[-60.49468,-34.83849],[-60.52928,-34.84162],[-60.54081,-34.82152],[-60.55827,-34.82957],[-60.58805,-34.81675],[-60.62763,-34.75965],[-60.62576,-34.74336],[-60.65771,-34.70927],[-60.68637,-34.70765],[-60.68532,-34.65704],[-60.74145,-34.64911],[-60.7584,-34.63078],[-60.6467,-34.53305],[-60.6772,-34.50935],[-60.55985,-34.40644],[-60.52283,-34.43474]]]}},{"type":"Feature","properties":{"code":"06218","name":"Chascomús"},"geometry":{"type":"Polygon","coordinates":[[[-57.98233,-35.33238],[-57.9472,-35.37195],[-57.91786,-35.37143],[-57.88871,-35.39202],[-57.87392,-35.38588],[-57.81402,-35.44219],[-57.77063,-35.43982],[-57.7669,-35.46326],[-57.7449,-35.47362],[-57.68793,-35.48471],[-57.67075,-35.4635],[-57.63002,-35.4695],[-57.55739,-35.4562],[-57.55083,-35.4697],[-57.52184,-35.47309],[-57.48656,-35.46116],[-57.48086,-35.48754],[-57.46167,-35.49407],[-57.4699,-35.50057],[-57.43525,-35.51823],[-57.46405,-35.5945],[-57.42636,-35.61579],[-57.43879,-35.63633],[-57.41661,-35.64463],[-57.41101,-35.66422],[-57.36587,-35.67743],[-57.38296,-35.6942],[-57.38114,-35.71227],[-57.3575,-35.71042],[-57.35042,-35.72762],[-57.36497,-35.746],[-57.40958,-35.7431],[-57.40206,-35.75749],[-57.42543,-35.78491],[-57.47002,-35.78055],[-57.48537,-35.80958],[-57.52347,-35.80969],[-57.61348,-35.77694],[-57.74984,-35.7661],[-57.86099,-35.68578],[-57.88737,-35.69987],[-57.89818,-35.6915],[-57.98031,-35.75732],[-58.01162,-35.7397],[-58.08004,-35.7869],[-58.09686,-35.77504],[-58.14589,-35.81934],[-58.13758,-35.82541],[-58.16688,-35.86807],[-58.18523,-35.86348],[-58.20432,-35.82571],[-58.22151,-35.81963],[-58.26382,-35.82305],[-58.2718,-35.85863],[-58.29626,-35.85341],[-58.31374,-35.86785],[-58.3386,-35.86172],[-58.34275,-35.84359],[-58.38296,-35.81934],[-58.41355,-35.81474],[-58.41757,-35.79022],[-58.45364,-35.76954],[-58.45166,-35.74119],[-58.15239,-35.47237],[-58.19391,-35.44095],[-58.15486,-35.40815],[-58.13862,-35.42037],[-58.04482,-35.33456],[-58.025,-35.35378],[-58.00245,-35.33254],[-57.98233,-35.33238]]]}},{"type":"Feature","properties":{"code":"06224","name":"Chivilcoy"},"geometry":{"type":"Polygon","coordinates":[[[-59.98813,-34.67641],[-59.96787,-34.69185],[-59.94468,-34.67198],[-59.79005,-34.78848],[-59.80914,-34.80541],[-59.79812,-34.82566],[-59.75017,-34.87428],[-59.69824,-34.89768],[-59.60517,-34.99771],[-59.82224,-35.17682],[-59.83573,-35.15778],[-59.87039,-35.15261],[-59.90557,-35.11487],[-59.97364,-35.13279],[-60.04694,-35.09252],[-60.13272,-35.08242],[-60.15125,-35.06564],[-60.11875,-35.03516],[-60.30415,-34.88109],[-60.17299,-34.77024],[-60.19076,-34.75677],[-60.17414,-34.74305],[-60.19184,-34.72874],[-60.10685,-34.6575],[-60.06352,-34.69113],[-60.0066,-34.64101],[-59.98813,-34.67641]]]}},{"type":"Feature","properties":{"code":"06231","name":"Daireaux"},"geometry":{"type":"Polygon","coordinates":[[[-62.04825,-36.32591],[-61.95453,-36.40413],[-61.91207,-36.38578],[-61.76341,-36.52495],[-61.72467,-36.49427],[-61.68562,-36.53591],[-61.64181,-36.54944],[-61.61688,-36.5699],[-61.6641,-36.60689],[-61.49722,-36.74407],[-61.36885,-36.64099],[-61.25482,-36.73498],[-61.59903,-36.99898],[-61.70785,-36.90719],[-61.76002,-36.94597],[-61.77816,-36.93042],[-61.85976,-36.99255],[-62.0197,-36.84969],[-62.00664,-36.85761],[-61.99326,-36.85424],[-62.01662,-36.8223],[-61.98355,-36.8047],[-62.00005,-36.81165],[-62.17548,-36.66331],[-62.20179,-36.68458],[-62.24898,-36.64595],[-62.224,-36.62264],[-62.38467,-36.48844],[-62.41154,-36.50918],[-62.47329,-36.45721],[-62.20548,-36.24959],[-62.17895,-36.27188],[-62.14431,-36.24547],[-62.04825,-36.32591]]]}},{"type":"Feature","properties":{"code":"06238","name":"Dolores"},"geometry":{"type":"Polygon","coordinates":[[[-57.56601,-36.12172],[-57.41785,-36.15762],[-57.47326,-36.34034],[-57.34298,-36.36617],[-57.39933,-36.41582],[-57.44366,-36.47943],[-57.39923,-36.51308],[-57.46436,-36.57093],[-57.49374,-36.58136],[-57.65398,-36.7281],[-57.77636,-36.63453],[-57.76351,-36.62394],[-57.84853,-36.55517],[-57.77794,-36.49294],[-57.80981,-36.46702],[-57.77546,-36.43764],[-57.98732,-36.2774],[-57.97175,-36.26396],[-57.88351,-36.30214],[-57.87204,-36.26687],[-57.81586,-36.2784],[-57.7845,-36.17814],[-57.67096,-36.20333],[-57.64506,-36.10709],[-57.56601,-36.12172]]]}},{"type":"Feature","properties":{"code":"06245","name":"Ensenada"},"geometry":{"type":"Polygon","coordinates":[[[-58.01632,-34.78036],[-57.94734,-34.83348],[-57.87695,-34.82772],[-57.90054,-34.87486],[-57.93185,-34.90346],[-57.9746,-34.87237],[-57.99087,-34.87968],[-58.08363,-34.83514],[-58.01632,-34.78036]]]}},{"type":"Feature","properties":{"code":"06252","name":"Escobar"},"geometry":{"type":"Polygon","coordinates":[[[-58.71215,-34.2489],[-58.64951,-34.2666],[-58.68081,-34.34721],[-58.72062,-34.36329],[-58.70533,-34.37297],[-58.73463,-34.40246],[-58.70561,-34.43934],[-58.73731,-34.45642],[-58.77767,-34.40427],[-58.81699,-34.4154],[-58.90064,-34.30849],[-58.85839,-34.26198],[-58.77638,-34.28574],[-58.79851,-34.23022],[-58.71215,-34.2489]]]}},{"type":"Feature","properties":{"code":"06260","name":"Esteban Echeverría"},"geometry":{"type":"Polygon","coordinates":[[[-58.5008,-34.72299],[-58.43053,-34.81725],[-58.44775,-34.82599],[-58.41304,-34.87358],[-58.49186,-34.92763],[-58.51033,-34.90168],[-58.50285,-34.85496],[-58.5245,-34.77914],[-58.52051,-34.74106],[-58.5008,-34.72299]]]}},{"type":"Feature","properties":{"code":"06266","name":"Exaltación de la Cruz"},"geometry":{"type":"Polygon","coordinates":[[[-59.30539,-34.16204],[-59.10307,-34.20009],[-59.0915,-34.22822],[-59.05715,-34.2415],[-58.91853,-34.38191],[-58.9189,-34.41379],[-58.98026,-34.35064],[-58.99323,-34.35808],[-58.98401,-34.369],[-58.99298,-34.37929],[-59.07591,-34.43534],[-59.09765,-34.46432],[-59.12959,-34.42061],[-59.31035,-34.28943],[-59.29868,-34.26429],[-59.37526,-34.23806],[-59.3666,-34.19892],[-59.3247,-34.16368],[-59.30539,-34.16204]]]}},{"type":"Feature","properties":{"code":"06270","name":"Ezeiza"},"geometry":{"type":"Polygon","coordinates":[[[-58.52051,-34.74106],[-58.52446,-34.77997],[-58.50285,-34.85496],[-58.51033,-34.90168],[-58.49015,-34.92884],[-58.55317,-34.97628],[-58.55627,-35.00705],[-58.62015,-34.96074],[-58.59905,-34.94295],[-58.65033,-34.89109],[-58.61551,-34.81853],[-58.56815,-34.75883],[-58.53751,-34.75695],[-58.52051,-34.74106]]]}},{"type":"Feature","properties":{"code":"06274","name":"Florencio Varela"},"geometry":{"type":"Polygon","coordinates":[[[-58.26746,-34.77365],[-58.19991,-34.81377],[-58.17987,-34.866],[-58.24741,-34.92359],[-58.21108,-34.95178],[-58.27717,-35.00942],[-58.30079,-34.97168],[-58.2882,-34.96504],[-58.31632,-34.92633],[-58.27461,-34.91706],[-58.31715,-34.86815],[-58.29247,-34.85487],[-58.33281,-34.80574],[-58.30978,-34.79339],[-58.30411,-34.80116],[-58.29845,-34.78344],[-58.26746,-34.77365]]]}},{"type":"Feature","properties":{"code":"06277","name":"Florentino Ameghino"},"geometry":{"type":"Polygon","coordinates":[[[-62.36867,-34.65006],[-62.18818,-34.68272],[-62.2638,-34.74306],[-62.24024,-34.76204],[-62.30505,-34.81282],[-62.28561,-34.81353],[-62.28306,-34.85677],[-62.22259,-34.85478],[-62.22067,-34.89134],[-62.20555,-34.89012],[-62.10456,-34.98469],[-62.18537,-35.0507],[-62.16622,-35.06713],[-62.28518,-35.16382],[-62.47144,-35.01066],[-62.54855,-35.07387],[-62.64216,-34.99699],[-62.60672,-34.99671],[-62.62217,-34.6325],[-62.59472,-34.65019],[-62.58485,-34.61069],[-62.36867,-34.65006]]]}},{"type":"Feature","properties":{"code":"06280","name":"General Alvarado"},"geometry":{"type":"Polygon","coordinates":[[[-57.95915,-38.02258],[-57.94257,-38.00894],[-57.88172,-38.05545],[-57.85277,-38.03189],[-57.82946,-38.04919],[-57.84651,-38.06161],[-57.83802,-38.08146],[-57.81319,-38.09288],[-57.8212,-38.12048],[-57.77663,-38.24588],[-57.85273,-38.2964],[-58.24304,-38.44585],[-58.28485,-38.38557],[-58.2695,-38.35399],[-58.28307,-38.31577],[-58.33817,-38.25092],[-58.32362,-38.22338],[-58.34361,-38.15957],[-58.32968,-38.07468],[-58.25591,-38.13086],[-58.04728,-37.95562],[-57.95915,-38.02258]]]}},{"type":"Feature","properties":{"code":"06287","name":"General Alvear"},"geometry":{"type":"Polygon","coordinates":[[[-60.18266,-35.78118],[-60.11796,-35.83367],[-60.05608,-35.78053],[-59.8856,-35.91259],[-59.87115,-35.89925],[-59.87234,-35.87667],[-59.83543,-35.84928],[-59.70006,-35.83167],[-59.51648,-35.97599],[-59.59244,-36.04053],[-59.61386,-36.02386],[-59.71806,-36.10585],[-59.79711,-36.04375],[-59.85865,-36.09567],[-59.83867,-36.11135],[-59.94754,-36.20211],[-59.96694,-36.2486],[-60.09017,-36.16134],[-60.24592,-36.30337],[-60.29692,-36.26707],[-60.35968,-36.3264],[-60.52355,-36.21403],[-60.56518,-36.2362],[-60.69889,-36.13577],[-60.63476,-36.11002],[-60.57241,-36.02875],[-60.519,-35.9858],[-60.4954,-35.99513],[-60.47095,-35.98106],[-60.46155,-35.94931],[-60.41714,-35.92824],[-60.38552,-35.89004],[-60.21391,-35.75617],[-60.18266,-35.78118]]]}},{"type":"Feature","properties":{"code":"06294","name":"General Arenales"},"geometry":{"type":"Polygon","coordinates":[[[-61.21004,-34.12553],[-61.12208,-34.07195],[-60.91725,-34.24159],[-60.95829,-34.27669],[-61.01386,-34.23162],[-61.05911,-34.26901],[-61.04155,-34.28329],[-61.0701,-34.30721],[-61.09815,-34.28453],[-61.16839,-34.35937],[-61.19337,-34.36505],[-61.19627,-34.4243],[-61.22686,-34.43658],[-61.23797,-34.40369],[-61.27359,-34.40086],[-61.32917,-34.45314],[-61.41697,-34.39232],[-61.39541,-34.3735],[-61.47167,-34.30741],[-61.50886,-34.33685],[-61.54908,-34.30339],[-61.61078,-34.35272],[-61.64839,-34.31947],[-61.33141,-34.02568],[-61.21004,-34.12553]]]}},{"type":"Feature","properties":{"code":"06301","name":"General Belgrano"},"geometry":{"type":"Polygon","coordinates":[[[-59.03436,-35.56489],[-59.00303,-35.59494],[-58.97394,-35.58998],[-58.94742,-35.62297],[-58.90375,-35.60551],[-58.9076,-35.59409],[-58.88186,-35.59313],[-58.8883,-35.62112],[-58.87657,-35.6401],[-58.8392,-35.65631],[-58.84314,-35.68185],[-58.788,-35.70097],[-58.76171,-35.75664],[-58.71602,-35.72173],[-58.66171,-35.72458],[-58.6581,-35.74416],[-58.62906,-35.75108],[-58.60863,-35.74111],[-58.54136,-35.7463],[-58.52453,-35.72248],[-58.5017,-35.75333],[-58.48694,-35.70743],[-58.46525,-35.68538],[-58.43839,-35.70914],[-58.45364,-35.76954],[-58.41757,-35.79022],[-58.41355,-35.81474],[-58.34275,-35.84359],[-58.33695,-35.86276],[-58.28235,-35.86064],[-58.57185,-36.12097],[-58.74902,-35.98472],[-58.72917,-35.96755],[-58.89182,-35.84017],[-58.90058,-35.84745],[-58.95675,-35.80319],[-58.97442,-35.81693],[-59.14205,-35.66571],[-59.14253,-35.62537],[-59.08154,-35.6163],[-59.08004,-35.60683],[-59.03609,-35.6117],[-59.02542,-35.58026],[-59.03436,-35.56489]]]}},{"type":"Feature","properties":{"code":"06308","name":"General Guido"},"geometry":{"type":"Polygon","coordinates":[[[-57.98676,-36.27783],[-57.77546,-36.43764],[-57.80981,-36.46702],[-57.77794,-36.49294],[-57.84853,-36.55517],[-57.76351,-36.62394],[-57.77636,-36.63453],[-57.66058,-36.72314],[-57.70711,-36.76301],[-57.74572,-36.73426],[-57.89164,-36.85449],[-57.91961,-36.83324],[-57.97236,-36.87782],[-57.94391,-36.8988],[-58.01067,-36.95872],[-57.94445,-37.0076],[-58.01987,-37.07597],[-58.28654,-36.88103],[-58.11442,-36.72812],[-58.22618,-36.62767],[-58.10146,-36.52129],[-58.18942,-36.45236],[-57.98676,-36.27783]]]}},{"type":"Feature","properties":{"code":"06315","name":"General Juan Madariaga"},"geometry":{"type":"Polygon","coordinates":[[[-57.10683,-36.83551],[-57.08975,-36.82952],[-56.99718,-36.86182],[-56.99154,-36.88948],[-57.00592,-36.90971],[-56.97939,-36.90336],[-56.98515,-36.94953],[-56.94007,-36.95936],[-56.95493,-36.98906],[-56.94698,-36.99509],[-56.81949,-37.0252],[-56.99197,-37.2371],[-57.04252,-37.23149],[-56.99358,-37.24127],[-57.10564,-37.37807],[-57.16338,-37.48575],[-57.21112,-37.53301],[-57.67482,-37.20294],[-57.5664,-37.10527],[-57.48694,-37.10495],[-57.49338,-37.01714],[-57.30491,-37.00389],[-57.32166,-36.91063],[-57.22393,-36.90859],[-57.23351,-36.7885],[-57.17582,-36.78442],[-57.10683,-36.83551]]]}},{"type":"Feature","properties":{"code":"06322","name":"General La Madrid"},"geometry":{"type":"Polygon","coordinates":[[[-61.40042,-36.88352],[-60.89133,-37.30235],[-60.97545,-37.36813],[-60.87854,-37.45146],[-61.50947,-37.93905],[-61.60554,-37.86153],[-61.44205,-37.73494],[-61.53817,-37.65728],[-61.48843,-37.61886],[-61.5968,-37.53086],[-61.53674,-37.48301],[-61.75008,-37.30353],[-61.74426,-37.27156],[-61.70275,-37.2162],[-61.72499,-37.15603],[-61.71664,-37.13533],[-61.74051,-37.10613],[-61.42348,-36.86458],[-61.40042,-36.88352]]]}},{"type":"Feature","properties":{"code":"06329","name":"General Las Heras"},"geometry":{"type":"Polygon","coordinates":[[[-59.03175,-34.76382],[-58.9515,-34.83118],[-58.93619,-34.81783],[-58.92511,-34.82631],[-58.84527,-34.89171],[-58.85909,-34.90405],[-58.77748,-34.96496],[-58.9341,-35.10351],[-59.01481,-35.04129],[-58.99258,-35.02143],[-59.21873,-34.85257],[-59.08981,-34.71714],[-59.03175,-34.76382]]]}},{"type":"Feature","properties":{"code":"06336","name":"General Lavalle"},"geometry":{"type":"Polygon","coordinates":[[[-56.77925,-36.32093],[-56.77412,-36.32141],[-56.75282,-36.338],[-56.77593,-36.3383],[-56.7273,-36.36647],[-56.73936,-36.38859],[-56.71063,-36.43283],[-56.71499,-36.53322],[-56.74189,-36.5314],[-56.71561,-36.56016],[-56.70074,-36.70546],[-56.71242,-36.82063],[-56.69792,-36.85388],[-56.81949,-37.0252],[-56.94698,-36.99509],[-56.95493,-36.98906],[-56.94007,-36.95936],[-56.98515,-36.94953],[-56.97939,-36.90336],[-57.00592,-36.90971],[-56.99154,-36.88948],[-56.99718,-36.86182],[-57.08975,-36.82952],[-57.1062,-36.83595],[-57.32878,-36.66916],[-57.16477,-36.521],[-57.17615,-36.51281],[-57.09874,-36.44213],[-57.08253,-36.45371],[-57.07442,-36.43875],[-57.04029,-36.42919],[-57.06466,-36.38559],[-57.01424,-36.32759],[-56.90477,-36.33819],[-56.816,-36.33497],[-56.77925,-36.32093]]]}},{"type":"Feature","properties":{"code":"06343","name":"General Paz"},"geometry":{"type":"Polygon","coordinates":[[[-58.41555,-35.23778],[-58.24682,-35.36532],[-58.25955,-35.37711],[-58.21927,-35.40804],[-58.18685,-35.38258],[-58.15486,-35.40809],[-58.19391,-35.44095],[-58.15239,-35.47237],[-58.43625,-35.73305],[-58.44138,-35.70287],[-58.46259,-35.68659],[-58.48652,-35.70694],[-58.49936,-35.64514],[-58.56871,-35.5959],[-58.47049,-35.51194],[-58.58208,-35.42143],[-58.52511,-35.36657],[-58.57165,-35.3282],[-58.44296,-35.21624],[-58.41555,-35.23778]]]}},{"type":"Feature","properties":{"code":"06351","name":"General Pinto"},"geometry":{"type":"Polygon","coordinates":[[[-61.92801,-34.56715],[-61.84537,-34.63741],[-61.76961,-34.57642],[-61.71057,-34.62712],[-61.7729,-34.6764],[-61.67347,-34.76095],[-61.90272,-34.95275],[-61.9832,-34.88603],[-62.10456,-34.98469],[-62.20555,-34.89012],[-62.22067,-34.89134],[-62.22259,-34.85478],[-62.28306,-34.85677],[-62.28561,-34.81353],[-62.30505,-34.81282],[-62.24024,-34.76204],[-62.2638,-34.74306],[-62.18818,-34.68272],[-62.34816,-34.65378],[-62.26908,-34.38582],[-61.81615,-34.3856],[-61.98394,-34.51825],[-61.92801,-34.56715]]]}},{"type":"Feature","properties":{"code":"06357","name":"General Pueyrredón"},"geometry":{"type":"Polygon","coordinates":[[[-57.67326,-37.74815],[-57.69805,-37.75427],[-57.51973,-37.88948],[-57.54428,-37.99003],[-57.52239,-38.03712],[-57.53326,-38.03197],[-57.54033,-38.0485],[-57.5345,-38.0503],[-57.52657,-38.04278],[-57.5217,-38.04004],[-57.51778,-38.03897],[-57.53973,-38.06422],[-57.54492,-38.10064],[-57.59321,-38.11894],[-57.63655,-38.17319],[-57.68337,-38.20587],[-57.7768,-38.24552],[-57.8212,-38.12048],[-57.81319,-38.09288],[-57.83802,-38.08146],[-57.84651,-38.06161],[-57.82946,-38.04919],[-57.85277,-38.03189],[-57.88172,-38.05545],[-57.94257,-38.00894],[-57.959,-38.02269],[-58.04728,-37.95562],[-57.73584,-37.69955],[-57.67326,-37.74815]]]}},{"type":"Feature","properties":{"code":"06364","name":"General Rodríguez"},"geometry":{"type":"Polygon","coordinates":[[[-58.90991,-34.54231],[-58.86411,-34.61688],[-58.88431,-34.62719],[-58.88447,-34.6688],[-58.8637,-34.68336],[-58.93534,-34.70373],[-58.99829,-34.76279],[-59.03175,-34.76382],[-59.09121,-34.71923],[-59.13368,-34.66405],[-59.05638,-34.61646],[-59.07099,-34.60439],[-58.9866,-34.57744],[-58.98719,-34.55986],[-58.9542,-34.54372],[-58.96189,-34.53374],[-58.92842,-34.5162],[-58.90991,-34.54231]]]}},{"type":"Feature","properties":{"code":"06371","name":"General San Martín"},"geometry":{"type":"Polygon","coordinates":[[[-58.55376,-34.5302],[-58.53778,-34.54416],[-58.52981,-34.53733],[-58.50996,-34.56921],[-58.52297,-34.59756],[-58.56231,-34.5914],[-58.61924,-34.54673],[-58.60152,-34.52124],[-58.6003,-34.49035],[-58.55376,-34.5302]]]}},{"type":"Feature","properties":{"code":"06385","name":"General Viamonte"},"geometry":{"type":"Polygon","coordinates":[[[-60.90415,-34.81072],[-60.84925,-34.76302],[-60.72396,-34.86123],[-60.84769,-34.96808],[-60.75423,-35.0414],[-60.98463,-35.2466],[-61.06251,-35.18678],[-61.15502,-35.26417],[-61.27818,-35.16585],[-61.30094,-35.1852],[-61.41974,-35.08791],[-61.12769,-34.84741],[-61.18237,-34.80221],[-61.04818,-34.69291],[-60.90415,-34.81072]]]}},{"type":"Feature","properties":{"code":"06392","name":"General Villegas"},"geometry":{"type":"Polygon","coordinates":[[[-62.8899,-34.38654],[-62.26908,-34.38582],[-62.34817,-34.65378],[-62.58485,-34.61069],[-62.59472,-34.65019],[-62.62217,-34.6325],[-62.60672,-34.99671],[-62.64216,-34.99699],[-62.61063,-35.02272],[-62.68835,-35.0851],[-62.65718,-35.11082],[-62.67689,-35.12661],[-62.70752,-35.10116],[-62.96461,-35.31189],[-63.11541,-35.18887],[-63.09038,-35.16825],[-63.13905,-35.1284],[-63.23551,-35.20857],[-63.21117,-35.22897],[-63.28514,-35.28849],[-63.31002,-35.26781],[-63.34717,-35.30004],[-63.32947,-35.32316],[-63.38571,-35.36972],[-63.38508,-34.38576],[-62.8899,-34.38654]]]}},{"type":"Feature","properties":{"code":"06399","name":"Guaminí"},"geometry":{"type":"Polygon","coordinates":[[[-62.47329,-36.45721],[-62.41154,-36.50918],[-62.38467,-36.48844],[-62.224,-36.62264],[-62.24898,-36.64595],[-62.20179,-36.68458],[-62.17548,-36.66331],[-62.00005,-36.81165],[-61.98355,-36.8047],[-62.01662,-36.8223],[-61.99326,-36.85424],[-62.0197,-36.84969],[-61.8565,-36.99537],[-61.89205,-37.02253],[-61.87568,-37.03658],[-61.91627,-37.06714],[-61.97484,-37.01677],[-62.20297,-37.18714],[-62.21177,-37.18027],[-62.4254,-37.34868],[-62.53881,-37.25742],[-62.50955,-37.23377],[-62.51102,-37.19602],[-62.59499,-37.09639],[-62.64731,-37.12305],[-62.97003,-36.86303],[-62.47329,-36.45721]]]}},{"type":"Feature","properties":{"code":"06406","name":"Hipólito Yrigoyen"},"geometry":{"type":"Polygon","coordinates":[[[-61.45595,-36.04707],[-61.43614,-36.03924],[-61.3934,-36.07181],[-61.33319,-36.02141],[-61.26975,-36.0711],[-61.43969,-36.21442],[-61.4061,-36.24096],[-61.76341,-36.52495],[-61.91207,-36.38578],[-61.95453,-36.40413],[-62.04825,-36.32591],[-62.01496,-36.30064],[-61.97444,-36.33363],[-61.94432,-36.31492],[-61.92118,-36.28843],[-61.94475,-36.26856],[-61.77255,-36.13856],[-61.74244,-36.16208],[-61.70262,-36.12927],[-61.68908,-36.14031],[-61.61637,-36.09158],[-61.59672,-36.10728],[-61.49149,-36.0191],[-61.45595,-36.04707]]]}},{"type":"Feature","properties":{"code":"06408","name":"Hurlingham"},"geometry":{"type":"Polygon","coordinates":[[[-58.64223,-34.56631],[-58.61603,-34.58871],[-58.62181,-34.63315],[-58.65349,-34.63161],[-58.69393,-34.59374],[-58.64223,-34.56631]]]}},{"type":"Feature","properties":{"code":"06410","name":"Ituzaingó"},"geometry":{"type":"Polygon","coordinates":[[[-58.68222,-34.60323],[-58.65349,-34.63161],[-58.66738,-34.68599],[-58.72902,-34.63478],[-58.7099,-34.60151],[-58.69393,-34.59374],[-58.68222,-34.60323]]]}},{"type":"Feature","properties":{"code":"06412","name":"José C. Paz"},"geometry":{"type":"Polygon","coordinates":[[[-58.78948,-34.47385],[-58.7209,-34.51823],[-58.77603,-34.55706],[-58.82358,-34.50821],[-58.81115,-34.48574],[-58.82169,-34.45196],[-58.78948,-34.47385]]]}},{"type":"Feature","properties":{"code":"06413","name":"Junín"},"geometry":{"type":"Polygon","coordinates":[[[-61.01318,-34.30632],[-60.96644,-34.34583],[-60.90267,-34.32608],[-60.6467,-34.53305],[-60.7584,-34.63078],[-60.74145,-34.64911],[-60.71396,-34.64713],[-60.79551,-34.71747],[-60.76449,-34.74103],[-60.81568,-34.78965],[-60.84925,-34.76302],[-60.90399,-34.81084],[-61.04818,-34.69291],[-61.15116,-34.77721],[-61.22255,-34.71737],[-61.20474,-34.70249],[-61.33848,-34.59217],[-61.2752,-34.54121],[-61.35551,-34.47395],[-61.27581,-34.40173],[-61.24315,-34.39984],[-61.23422,-34.43335],[-61.22114,-34.43779],[-61.19218,-34.41829],[-61.19394,-34.36568],[-61.16839,-34.35937],[-61.09815,-34.28453],[-61.0701,-34.30721],[-61.04155,-34.28329],[-61.01318,-34.30632]]]}},{"type":"Feature","properties":{"code":"06420","name":"La Costa"},"geometry":{"type":"Polygon","coordinates":[[[-56.79023,-37.03413],[-56.81931,-37.02492],[-56.69792,-36.85388],[-56.71242,-36.82063],[-56.70074,-36.70546],[-56.71561,-36.56016],[-56.74189,-36.5314],[-56.71499,-36.53322],[-56.71063,-36.43283],[-56.73936,-36.38859],[-56.7273,-36.36647],[-56.77593,-36.3383],[-56.75282,-36.338],[-56.77406,-36.32254],[-56.77653,-36.29308],[-56.73168,-36.32598],[-56.70024,-36.4122],[-56.66499,-36.87147],[-56.79023,-37.03413]]]}},{"type":"Feature","properties":{"code":"06427","name":"La Matanza"},"geometry":{"type":"Polygon","coordinates":[[[-58.55221,-34.63759],[-58.46166,-34.70513],[-58.4839,-34.73214],[-58.50447,-34.72128],[-58.53751,-34.75695],[-58.56698,-34.75776],[-58.61551,-34.81853],[-58.64686,-34.88968],[-58.69411,-34.91219],[-58.76249,-34.85842],[-58.74986,-34.84737],[-58.77324,-34.82761],[-58.70705,-34.81127],[-58.75025,-34.77759],[-58.7284,-34.75931],[-58.70388,-34.77871],[-58.68193,-34.7595],[-58.67361,-34.76633],[-58.65791,-34.7533],[-58.67546,-34.73929],[-58.63615,-34.71503],[-58.63938,-34.70062],[-58.58188,-34.64317],[-58.55221,-34.63759]]]}},{"type":"Feature","properties":{"code":"06434","name":"Lanús"},"geometry":{"type":"Polygon","coordinates":[[[-58.40845,-34.66014],[-58.3335,-34.72698],[-58.34731,-34.73984],[-58.41345,-34.73263],[-58.44692,-34.68878],[-58.40845,-34.66014]]]}},{"type":"Feature","properties":{"code":"06441","name":"La Plata"},"geometry":{"type":"MultiPolygon","coordinates":[[[[-57.99666,-34.87535],[-57.9746,-34.87237],[-57.8959,-34.93044],[-57.75235,-34.97066],[-58.05409,-35.23683],[-58.07753,-35.22],[-58.01807,-35.16811],[-58.17725,-35.05715],[-58.12038,-35.00438],[-58.16142,-34.97184],[-58.24649,-35.04836],[-58.2884,-35.01727],[-58.08363,-34.83514],[-57.99666,-34.87535]]],[[[-58.24801,-34.17494],[-58.24306,-34.18694],[-58.25499,-34.19046],[-58.25827,-34.18171],[-58.24801,-34.17494]]]]}},{"type":"Feature","properties":{"code":"06448","name":"Laprida"},"geometry":{"type":"Polygon","coordinates":[[[-60.5989,-37.25413],[-60.47173,-37.34923],[-60.50268,-37.3735],[-60.34919,-37.49604],[-60.46588,-37.59027],[-60.45274,-37.60104],[-60.58083,-37.70081],[-60.55667,-37.72085],[-60.85195,-37.94079],[-61.17803,-37.68084],[-60.87854,-37.45146],[-60.97545,-37.36813],[-60.89133,-37.30235],[-61.01096,-37.20353],[-60.81453,-37.05124],[-60.71596,-37.12827],[-60.73174,-37.14023],[-60.5989,-37.25413]]]}},{"type":"Feature","properties":{"code":"06455","name":"Las Flores"},"geometry":{"type":"Polygon","coordinates":[[[-59.11058,-35.68464],[-58.97442,-35.81693],[-58.95675,-35.80319],[-58.90058,-35.84745],[-58.89182,-35.84017],[-58.72917,-35.96755],[-58.74902,-35.98472],[-58.70753,-36.01728],[-58.82886,-36.11082],[-58.84401,-36.14443],[-59.02868,-36.21683],[-59.07103,-36.22162],[-59.10308,-36.247],[-59.10597,-36.27477],[-59.2184,-36.32121],[-59.29298,-36.37464],[-59.4882,-36.22705],[-59.38245,-36.13538],[-59.55321,-36.00679],[-59.51648,-35.97599],[-59.70006,-35.83167],[-59.67614,-35.83332],[-59.6416,-35.862],[-59.56008,-35.85103],[-59.47954,-35.81092],[-59.41642,-35.8022],[-59.37936,-35.81739],[-59.34727,-35.8036],[-59.31845,-35.80945],[-59.30299,-35.79504],[-59.24094,-35.79317],[-59.18335,-35.76286],[-59.17488,-35.71201],[-59.13108,-35.69818],[-59.13976,-35.66625],[-59.11058,-35.68464]]]}},{"type":"Feature","properties":{"code":"06462","name":"Leandro N. Alem"},"geometry":{"type":"Polygon","coordinates":[[[-61.51315,-34.33283],[-61.47167,-34.30741],[-61.43334,-34.3399],[-61.39541,-34.3735],[-61.41697,-34.39232],[-61.32917,-34.45314],[-61.35551,-34.47395],[-61.2752,-34.54121],[-61.43641,-34.67116],[-61.5164,-34.6032],[-61.59761,-34.66871],[-61.61162,-34.6567],[-61.64458,-34.68365],[-61.76961,-34.57642],[-61.84537,-34.63741],[-61.98394,-34.51825],[-61.81615,-34.3856],[-61.71975,-34.38555],[-61.64839,-34.31947],[-61.61078,-34.35272],[-61.54908,-34.30339],[-61.51315,-34.33283]]]}},{"type":"Feature","properties":{"code":"06466","name":"Lezama"},"geometry":{"type":"Polygon","coordinates":[[[-57.86023,-35.68635],[-57.74984,-35.7661],[-57.61198,-35.77725],[-57.54379,-35.80558],[-57.48964,-35.81152],[-57.48897,-35.8263],[-57.51252,-35.82448],[-57.5679,-35.85707],[-57.58803,-35.83072],[-57.64928,-35.83699],[-57.65627,-35.85006],[-57.68225,-35.83163],[-57.70765,-35.83228],[-57.71228,-35.87267],[-57.73245,-35.89647],[-57.72607,-35.91978],[-57.76385,-35.92199],[-57.83292,-35.94371],[-57.84644,-35.96154],[-57.90409,-35.97355],[-57.91418,-35.99381],[-57.93943,-35.99301],[-57.95745,-36.02783],[-57.98331,-36.02872],[-57.98367,-36.01732],[-58.01075,-36.04308],[-58.03474,-36.00229],[-58.00814,-35.96055],[-58.01446,-35.94737],[-58.0928,-35.9494],[-58.09067,-35.93923],[-58.1112,-35.93343],[-58.10252,-35.92167],[-58.13754,-35.90545],[-58.14723,-35.86657],[-58.16495,-35.86756],[-58.1639,-35.84889],[-58.09686,-35.77504],[-58.08004,-35.7869],[-58.01162,-35.7397],[-57.98031,-35.75732],[-57.89818,-35.6915],[-57.88737,-35.69987],[-57.86023,-35.68635]]]}},{"type":"Feature","properties":{"code":"06469","name":"Lincoln"},"geometry":{"type":"Polygon","coordinates":[[[-61.24672,-34.66818],[-61.20474,-34.70249],[-61.22255,-34.71737],[-61.15116,-34.77721],[-61.18237,-34.80221],[-61.12769,-34.84741],[-61.41974,-35.08791],[-61.30094,-35.1852],[-61.78328,-35.58545],[-62.14928,-35.28393],[-62.22502,-35.21414],[-62.21004,-35.20186],[-62.27061,-35.15177],[-62.16622,-35.06713],[-62.18537,-35.0507],[-61.9832,-34.88603],[-61.90272,-34.95275],[-61.67347,-34.76095],[-61.7729,-34.6764],[-61.71161,-34.62802],[-61.64458,-34.68365],[-61.61162,-34.6567],[-61.59761,-34.66871],[-61.5164,-34.6032],[-61.43641,-34.67116],[-61.33848,-34.59217],[-61.24672,-34.66818]]]}},{"type":"Feature","properties":{"code":"06476","name":"Lobería"},"geometry":{"type":"Polygon","coordinates":[[[-58.74878,-37.62774],[-58.50734,-37.80574],[-58.59123,-37.87799],[-58.32913,-38.0741],[-58.34361,-38.15957],[-58.32362,-38.22338],[-58.33817,-38.25092],[-58.28307,-38.31577],[-58.2695,-38.35399],[-58.28485,-38.38557],[-58.2565,-38.43595],[-58.23808,-38.4458],[-58.49755,-38.53747],[-58.61945,-38.56187],[-58.70802,-38.49502],[-58.73921,-38.51586],[-58.752,-38.48872],[-58.74007,-38.48059],[-58.75711,-38.47245],[-58.77415,-38.43577],[-58.78225,-38.37796],[-58.81319,-38.33997],[-58.80898,-38.32882],[-58.86722,-38.29209],[-58.90657,-38.2452],[-58.91281,-38.20198],[-58.95109,-38.18268],[-58.95434,-38.1551],[-59.03838,-38.08696],[-59.05363,-38.04706],[-59.12478,-37.99556],[-59.12769,-37.97359],[-59.16791,-37.93666],[-59.16236,-37.87662],[-58.80913,-37.57872],[-58.74878,-37.62774]]]}},{"type":"Feature","properties":{"code":"06483","name":"Lobos"},"geometry":{"type":"Polygon","coordinates":[[[-59.00239,-35.0138],[-58.99258,-35.02143],[-59.01481,-35.04129],[-58.86897,-35.15357],[-58.89485,-35.17619],[-58.80859,-35.23932],[-58.92511,-35.3417],[-58.9795,-35.34234],[-59.00584,-35.36692],[-59.02541,-35.35228],[-59.12518,-35.4359],[-59.1646,-35.42057],[-59.16724,-35.4059],[-59.26286,-35.39068],[-59.29261,-35.3654],[-59.32252,-35.37468],[-59.32209,-35.35915],[-59.38007,-35.33345],[-59.39338,-35.29095],[-59.46851,-35.30737],[-59.48033,-35.2873],[-59.52181,-35.287],[-59.54998,-35.26753],[-59.55253,-35.25494],[-59.25145,-35.09828],[-59.24769,-35.06479],[-59.22134,-35.08509],[-59.07104,-34.96124],[-59.00239,-35.0138]]]}},{"type":"Feature","properties":{"code":"06490","name":"Lomas de Zamora"},"geometry":{"type":"Polygon","coordinates":[[[-58.43444,-34.70519],[-58.41327,-34.73286],[-58.34696,-34.73934],[-58.33664,-34.7544],[-58.43053,-34.81725],[-58.5008,-34.72299],[-58.4839,-34.73214],[-58.44692,-34.68878],[-58.43444,-34.70519]]]}},{"type":"Feature","properties":{"code":"06497","name":"Luján"},"geometry":{"type":"Polygon","coordinates":[[[-59.17759,-34.38852],[-59.12959,-34.42061],[-59.09765,-34.46432],[-59.05627,-34.42821],[-58.9542,-34.54372],[-58.98719,-34.55986],[-58.9866,-34.57744],[-59.07099,-34.60439],[-59.05638,-34.61646],[-59.13608,-34.65886],[-59.09121,-34.71923],[-59.16498,-34.80347],[-59.2559,-34.68558],[-59.24128,-34.67733],[-59.28123,-34.62585],[-59.26245,-34.62012],[-59.33852,-34.50844],[-59.21772,-34.44656],[-59.23932,-34.4137],[-59.19674,-34.37365],[-59.17759,-34.38852]]]}},{"type":"Feature","properties":{"code":"06505","name":"Magdalena"},"geometry":{"type":"Polygon","coordinates":[[[-57.70568,-34.93081],[-57.67307,-34.93712],[-57.58334,-34.99889],[-57.50846,-35.02471],[-57.3037,-35.19718],[-57.40388,-35.25051],[-57.42564,-35.23463],[-57.46012,-35.26676],[-57.4929,-35.24359],[-57.54944,-35.29623],[-57.50315,-35.30201],[-57.57134,-35.36343],[-57.58887,-35.35002],[-57.60218,-35.36166],[-57.58137,-35.29413],[-57.60291,-35.26918],[-57.63298,-35.26086],[-57.66761,-35.29326],[-57.61339,-35.33306],[-57.64007,-35.35556],[-57.66464,-35.34228],[-57.68266,-35.3768],[-57.7268,-35.3493],[-57.79617,-35.44492],[-57.81452,-35.4419],[-57.87392,-35.38588],[-57.88871,-35.39202],[-57.91786,-35.37143],[-57.9472,-35.37195],[-57.9854,-35.32847],[-58.025,-35.35378],[-58.03543,-35.34688],[-57.89014,-35.22214],[-57.96811,-35.15969],[-57.70568,-34.93081]]]}},{"type":"Feature","properties":{"code":"06511","name":"Maipú"},"geometry":{"type":"Polygon","coordinates":[[[-57.32878,-36.66916],[-57.17582,-36.78442],[-57.23351,-36.7885],[-57.22393,-36.90859],[-57.32166,-36.91063],[-57.30491,-37.00389],[-57.49338,-37.01714],[-57.48694,-37.10495],[-57.5664,-37.10527],[-57.67482,-37.20294],[-58.01067,-36.95872],[-57.94391,-36.8988],[-57.97236,-36.87782],[-57.91961,-36.83324],[-57.89164,-36.85449],[-57.74572,-36.73426],[-57.70711,-36.76301],[-57.49374,-36.58136],[-57.46436,-36.57093],[-57.32878,-36.66916]]]}},{"type":"Feature","properties":{"code":"06515","name":"Malvinas Argentinas"},"geometry":{"type":"Polygon","coordinates":[[[-58.6848,-34.46615],[-58.64659,-34.50138],[-58.70127,-34.53275],[-58.78454,-34.47607],[-58.70556,-34.43931],[-58.6848,-34.46615]]]}},{"type":"Feature","properties":{"code":"06518","name":"Mar Chiquita"},"geometry":{"type":"Polygon","coordinates":[[[-57.67482,-37.20294],[-57.18764,-37.54975],[-57.4116,-37.73523],[-57.49156,-37.82824],[-57.51973,-37.88948],[-57.69805,-37.75427],[-57.67321,-37.74498],[-58.09451,-37.4374],[-57.76897,-37.13597],[-57.67482,-37.20294]]]}},{"type":"Feature","properties":{"code":"06525","name":"Marcos Paz"},"geometry":{"type":"Polygon","coordinates":[[[-58.86029,-34.68521],[-58.86089,-34.70133],[-58.70705,-34.81127],[-58.77404,-34.82866],[-58.74986,-34.84737],[-58.76249,-34.85842],[-58.69411,-34.91219],[-58.76534,-34.959],[-58.79114,-34.95532],[-58.85909,-34.90405],[-58.84527,-34.89171],[-58.93619,-34.81783],[-58.9515,-34.83118],[-59.03373,-34.76692],[-58.99829,-34.76279],[-58.93534,-34.70373],[-58.86029,-34.68521]]]}},{"type":"Feature","properties":{"code":"06532","name":"Mercedes"},"geometry":{"type":"Polygon","coordinates":[[[-59.29807,-34.57363],[-59.26245,-34.62012],[-59.28123,-34.62585],[-59.24128,-34.67733],[-59.2559,-34.68558],[-59.16809,-34.79942],[-59.19219,-34.8121],[-59.20452,-34.79623],[-59.27871,-34.83435],[-59.28944,-34.82168],[-59.37317,-34.89113],[-59.40873,-34.84242],[-59.46651,-34.87259],[-59.49682,-34.84939],[-59.52259,-34.82879],[-59.49133,-34.80294],[-59.52592,-34.76477],[-59.71641,-34.62002],[-59.67296,-34.58263],[-59.63243,-34.61502],[-59.56882,-34.56059],[-59.52366,-34.59689],[-59.33852,-34.50846],[-59.29807,-34.57363]]]}},{"type":"Feature","properties":{"code":"06539","name":"Merlo"},"geometry":{"type":"Polygon","coordinates":[[[-58.69829,-34.66026],[-58.63615,-34.71503],[-58.67546,-34.73929],[-58.65791,-34.7533],[-58.70388,-34.77871],[-58.7284,-34.75931],[-58.75025,-34.77759],[-58.8643,-34.69842],[-58.86029,-34.68521],[-58.81831,-34.68559],[-58.75755,-34.66048],[-58.72902,-34.63478],[-58.69829,-34.66026]]]}},{"type":"Feature","properties":{"code":"06547","name":"Monte"},"geometry":{"type":"Polygon","coordinates":[[[-58.77086,-35.27391],[-58.74675,-35.2527],[-58.67832,-35.30447],[-58.70743,-35.33509],[-58.67415,-35.36038],[-58.66313,-35.35495],[-58.47049,-35.51194],[-58.56871,-35.5959],[-58.49936,-35.64514],[-58.48652,-35.70694],[-58.50071,-35.75287],[-58.52453,-35.72248],[-58.54136,-35.7463],[-58.60863,-35.74111],[-58.62906,-35.75108],[-58.6581,-35.74416],[-58.66171,-35.72458],[-58.71602,-35.72173],[-58.76518,-35.75542],[-58.788,-35.70097],[-58.84314,-35.68185],[-58.8392,-35.65631],[-58.87657,-35.6401],[-58.8883,-35.62112],[-58.88186,-35.59313],[-58.9076,-35.59409],[-58.90315,-35.60501],[-58.93681,-35.62342],[-58.95796,-35.61717],[-58.97394,-35.58998],[-59.00788,-35.59169],[-59.05038,-35.54163],[-59.01085,-35.50989],[-59.00934,-35.47971],[-59.10537,-35.42675],[-59.12058,-35.43071],[-59.02541,-35.35228],[-59.00584,-35.36692],[-58.9795,-35.34234],[-58.92511,-35.3417],[-58.81179,-35.24238],[-58.77086,-35.27391]]]}},{"type":"Feature","properties":{"code":"06553","name":"Monte Hermoso"},"geometry":{"type":"Polygon","coordinates":[[[-61.34203,-38.91585],[-61.3149,-38.94628],[-61.13784,-38.92939],[-61.10526,-38.97958],[-61.11952,-38.98197],[-61.11017,-38.99589],[-61.45573,-38.9954],[-61.45268,-38.92403],[-61.34203,-38.91585]]]}},{"type":"Feature","properties":{"code":"06560","name":"Moreno"},"geometry":{"type":"Polygon","coordinates":[[[-58.81109,-34.52105],[-58.71337,-34.60564],[-58.73174,-34.64256],[-58.75755,-34.66048],[-58.81831,-34.68559],[-58.86029,-34.68521],[-58.88447,-34.6688],[-58.88431,-34.62719],[-58.86411,-34.61688],[-58.89095,-34.57981],[-58.8475,-34.54917],[-58.82377,-34.50837],[-58.81109,-34.52105]]]}},{"type":"Feature","properties":{"code":"06568","name":"Morón"},"geometry":{"type":"Polygon","coordinates":[[[-58.61603,-34.58871],[-58.55611,-34.6347],[-58.58188,-34.64317],[-58.64097,-34.70454],[-58.66738,-34.68599],[-58.65349,-34.63161],[-58.62038,-34.63142],[-58.61603,-34.58871]]]}},{"type":"Feature","properties":{"code":"06574","name":"Navarro"},"geometry":{"type":"Polygon","coordinates":[[[-59.19262,-34.81154],[-59.16497,-34.80348],[-59.21873,-34.85257],[-59.07111,-34.96133],[-59.22134,-35.08509],[-59.24769,-35.06479],[-59.25145,-35.09828],[-59.55253,-35.25494],[-59.54301,-35.20435],[-59.5752,-35.17762],[-59.66388,-35.21001],[-59.67041,-35.22315],[-59.69912,-35.21095],[-59.72139,-35.22268],[-59.77529,-35.17336],[-59.82224,-35.17682],[-59.60517,-34.99771],[-59.63537,-34.95799],[-59.40873,-34.84242],[-59.37317,-34.89113],[-59.28944,-34.82168],[-59.27871,-34.83435],[-59.20452,-34.79623],[-59.19262,-34.81154]]]}},{"type":"Feature","properties":{"code":"06581","name":"Necochea"},"geometry":{"type":"Polygon","coordinates":[[[-59.18469,-37.61692],[-59.15306,-37.65744],[-59.17084,-37.70055],[-59.16608,-37.73704],[-59.13357,-37.75749],[-59.10938,-37.80816],[-59.10968,-37.83884],[-59.1654,-37.88065],[-59.16824,-37.93612],[-59.12769,-37.97359],[-59.12478,-37.99556],[-59.05363,-38.04706],[-59.03838,-38.08696],[-58.95434,-38.1551],[-58.95109,-38.18268],[-58.91281,-38.20198],[-58.90657,-38.2452],[-58.86722,-38.29209],[-58.80898,-38.32882],[-58.81319,-38.33997],[-58.78225,-38.37796],[-58.77415,-38.43577],[-58.75711,-38.47245],[-58.74007,-38.48059],[-58.752,-38.48872],[-58.74017,-38.51499],[-58.70802,-38.49502],[-58.61945,-38.56187],[-58.69091,-38.57502],[-58.68946,-38.58793],[-58.735,-38.58726],[-59.01221,-38.67854],[-59.3328,-38.73667],[-59.33126,-38.71996],[-59.35595,-38.7086],[-59.37112,-38.65942],[-59.41134,-38.62296],[-59.40775,-38.59399],[-59.43148,-38.60443],[-59.44473,-38.58852],[-59.34031,-38.54775],[-59.33555,-38.50136],[-59.40585,-38.45714],[-59.316,-38.38394],[-59.34017,-38.33643],[-59.33568,-38.32153],[-59.35418,-38.30342],[-59.31376,-38.20697],[-59.24624,-38.15305],[-59.35535,-38.11457],[-59.41488,-38.11373],[-59.53811,-38.05726],[-59.62256,-38.04488],[-59.67703,-38.00011],[-59.38335,-37.7586],[-59.2925,-37.71033],[-59.18469,-37.61692]]]}},{"type":"Feature","properties":{"code":"06588","name":"9 de Julio"},"geometry":{"type":"Polygon","coordinates":[[[-60.86864,-35.14543],[-60.44488,-35.47332],[-60.96967,-35.92662],[-61.10173,-35.82476],[-61.0319,-35.76555],[-61.2726,-35.56008],[-61.28802,-35.57282],[-61.53193,-35.37853],[-61.27818,-35.16585],[-61.15502,-35.26417],[-61.06251,-35.18678],[-60.98463,-35.2466],[-60.86864,-35.14543]]]}},{"type":"Feature","properties":{"code":"06595","name":"Olavarría"},"geometry":{"type":"Polygon","coordinates":[[[-60.57485,-36.39391],[-60.53223,-36.41252],[-60.43841,-36.49776],[-60.47805,-36.52973],[-60.3265,-36.65252],[-60.28557,-36.61995],[-60.00136,-36.83548],[-60.0212,-36.85259],[-60.00751,-36.86352],[-60.02806,-36.88001],[-60.01256,-36.89103],[-60.03289,-36.908],[-60.02342,-36.91558],[-60.10674,-36.98081],[-60.0959,-36.98914],[-60.11613,-37.00657],[-60.10365,-37.01607],[-60.12285,-37.03431],[-60.11304,-37.04164],[-60.14521,-37.08118],[-60.12638,-37.09682],[-60.27747,-37.24949],[-60.43715,-37.37682],[-60.62567,-37.2322],[-60.73174,-37.14023],[-60.71596,-37.12827],[-60.81453,-37.05124],[-61.01096,-37.20353],[-61.42348,-36.86458],[-60.89623,-36.45134],[-60.87544,-36.46783],[-60.76283,-36.37861],[-60.7288,-36.40269],[-60.64997,-36.34288],[-60.57485,-36.39391]]]}},{"type":"Feature","properties":{"code":"06602","name":"Patagones"},"geometry":{"type":"MultiPolygon","coordinates":[[[[-62.31421,-39.89104],[-62.33109,-39.91577],[-62.32874,-39.95436],[-62.34223,-39.9636],[-62.32924,-39.97441],[-62.33042,-39.99879],[-62.3518,-40.06893],[-62.32765,-40.15136],[-62.33889,-40.18687],[-62.38939,-40.22842],[-62.44575,-40.25019],[-62.4894,-40.31769],[-62.44686,-40.40788],[-62.42102,-40.42862],[-62.41895,-40.46367],[-62.32037,-40.50485],[-62.32073,-40.53534],[-62.29761,-40.54271],[-62.2825,-40.57148],[-62.26215,-40.56296],[-62.25511,-40.57707],[-62.25078,-40.55677],[-62.31845,-40.52641],[-62.25513,-40.53914],[-62.17259,-40.58483],[-62.17454,-40.63753],[-62.23231,-40.68791],[-62.31069,-40.86982],[-62.41327,-40.92017],[-62.55304,-40.95919],[-62.71042,-41.03768],[-62.74341,-41.03777],[-62.78967,-41.02416],[-62.80197,-40.98257],[-62.95759,-40.81811],[-63.19208,-40.71669],[-63.28531,-40.72943],[-63.30005,-40.71113],[-63.36605,-40.6892],[-63.37935,-40.71037],[-63.38327,-39.32849],[-63.23932,-39.36635],[-63.17345,-39.41302],[-63.13665,-39.39372],[-63.10185,-39.42441],[-63.11311,-39.45177],[-63.09173,-39.45158],[-63.09969,-39.46815],[-63.06602,-39.46019],[-63.07218,-39.47806],[-63.03268,-39.48097],[-63.02832,-39.49487],[-63.01696,-39.48569],[-63.01338,-39.50328],[-62.97316,-39.50373],[-62.95882,-39.51757],[-62.90868,-39.50514],[-62.85802,-39.53049],[-62.75441,-39.50618],[-62.69157,-39.53479],[-62.62384,-39.53106],[-62.61683,-39.54809],[-62.53704,-39.57516],[-62.49034,-39.60751],[-62.47505,-39.62824],[-62.48656,-39.66561],[-62.47639,-39.69367],[-62.43102,-39.72477],[-62.40891,-39.72502],[-62.39758,-39.75362],[-62.37509,-39.76401],[-62.3901,-39.78013],[-62.37079,-39.77566],[-62.33782,-39.80227],[-62.29967,-39.79721],[-62.23354,-39.81623],[-62.21501,-39.83995],[-62.16653,-39.83018],[-62.13861,-39.86817],[-62.17977,-39.85352],[-62.26033,-39.85853],[-62.26994,-39.87219],[-62.27224,-39.86964],[-62.26334,-39.86035],[-62.26398,-39.85371],[-62.27006,-39.8494],[-62.27948,-39.84868],[-62.26497,-39.85356],[-62.27366,-39.87136],[-62.28649,-39.87957],[-62.31613,-39.86495],[-62.31421,-39.89104]]],[[[-62.15178,-40.3793],[-62.14169,-40.38659],[-62.15225,-40.39636],[-62.13176,-40.39185],[-62.13691,-40.40119],[-62.13773,-40.41059],[-62.14343,-40.42052],[-62.17106,-40.43884],[-62.19836,-40.43671],[-62.17395,-40.36851],[-62.1639,-40.36097],[-62.15178,-40.3793]]],[[[-62.1804,-40.4609],[-62.15662,-40.45768],[-62.19686,-40.51524],[-62.21714,-40.52348],[-62.23491,-40.50795],[-62.20203,-40.46924],[-62.20094,-40.44664],[-62.1804,-40.4609]]],[[[-62.11212,-40.17598],[-62.10917,-40.20158],[-62.09301,-40.2064],[-62.10877,-40.22],[-62.13147,-40.17801],[-62.12455,-40.14463],[-62.11651,-40.12694],[-62.11029,-40.12498],[-62.11212,-40.17598]]],[[[-62.32885,-40.28649],[-62.31124,-40.29794],[-62.32803,-40.34161],[-62.34476,-40.34163],[-62.34336,-40.28571],[-62.32885,-40.28649]]],[[[-62.28766,-40.29948],[-62.26492,-40.29943],[-62.26696,-40.31512],[-62.29462,-40.34251],[-62.31206,-40.34286],[-62.28766,-40.29948]]],[[[-62.25081,-39.86556],[-62.19931,-39.86332],[-62.18978,-39.87304],[-62.22246,-39.88109],[-62.25081,-39.86556]]],[[[-62.15967,-40.01985],[-62.16431,-40.02876],[-62.14974,-40.03489],[-62.1194,-40.02562],[-62.15562,-40.03693],[-62.16877,-40.02732],[-62.15967,-40.01985]]],[[[-62.36934,-40.25599],[-62.37468,-40.23743],[-62.3571,-40.23391],[-62.35706,-40.25098],[-62.36934,-40.25599]]],[[[-62.3536,-40.22306],[-62.34267,-40.20745],[-62.31917,-40.19442],[-62.33297,-40.21268],[-62.3536,-40.22306]]],[[[-62.15339,-40.45148],[-62.15854,-40.45646],[-62.1767,-40.45436],[-62.15783,-40.44676],[-62.15339,-40.45148]]],[[[-62.11812,-40.40114],[-62.12659,-40.40639],[-62.13315,-40.39903],[-62.12126,-40.39547],[-62.11812,-40.40114]]],[[[-62.07582,-40.26221],[-62.08183,-40.25949],[-62.07496,-40.24583],[-62.07215,-40.2519],[-62.07582,-40.26221]]],[[[-62.36773,-40.2224],[-62.36909,-40.21497],[-62.35333,-40.20568],[-62.36171,-40.21863],[-62.36773,-40.2224]]],[[[-62.36171,-40.35291],[-62.35605,-40.35656],[-62.35707,-40.36426],[-62.36435,-40.35761],[-62.36171,-40.35291]]],[[[-62.11896,-40.38865],[-62.12521,-40.38656],[-62.11232,-40.37939],[-62.11367,-40.38625],[-62.11896,-40.38865]]],[[[-62.3569,-40.21899],[-62.35324,-40.21166],[-62.34338,-40.20707],[-62.3464,-40.21193],[-62.3569,-40.21899]]],[[[-62.13386,-40.41127],[-62.13602,-40.40189],[-62.13422,-40.40078],[-62.1306,-40.40646],[-62.13386,-40.41127]]],[[[-62.1228,-39.885],[-62.1237,-39.88141],[-62.11342,-39.86516],[-62.11548,-39.87488],[-62.1228,-39.885]]],[[[-62.14741,-39.8882],[-62.14991,-39.89124],[-62.15318,-39.88684],[-62.14964,-39.88661],[-62.14741,-39.8882]]]]}},{"type":"Feature","properties":{"code":"06609","name":"Pehuajó"},"geometry":{"type":"Polygon","coordinates":[[[-61.72474,-35.53738],[-61.57437,-35.64308],[-61.60119,-35.6645],[-61.50277,-35.74542],[-61.63612,-35.85274],[-61.54368,-35.92899],[-61.56005,-35.94276],[-61.43614,-36.03924],[-61.45038,-36.05144],[-61.49149,-36.0191],[-61.59672,-36.10728],[-61.61637,-36.09158],[-61.68908,-36.14031],[-61.70262,-36.12927],[-61.74244,-36.16208],[-61.77255,-36.13856],[-61.94475,-36.26856],[-61.92118,-36.28843],[-61.97444,-36.33363],[-62.01496,-36.30064],[-62.04897,-36.32646],[-62.14431,-36.24547],[-62.17895,-36.27188],[-62.2057,-36.2494],[-62.08244,-36.1523],[-62.43109,-35.85884],[-62.09829,-35.59161],[-62.12999,-35.56537],[-62.05017,-35.50123],[-61.98814,-35.5522],[-61.90631,-35.48561],[-61.78328,-35.58545],[-61.72474,-35.53738]]]}},{"type":"Feature","properties":{"code":"06616","name":"Pellegrini"},"geometry":{"type":"Polygon","coordinates":[[[-63.20373,-36.03308],[-62.9391,-36.24832],[-62.9789,-36.28014],[-62.95927,-36.29607],[-63.03995,-36.35907],[-63.0284,-36.3688],[-63.06798,-36.39948],[-63.04864,-36.41541],[-63.28276,-36.60756],[-63.38537,-36.52495],[-63.38547,-35.88368],[-63.20373,-36.03308]]]}},{"type":"Feature","properties":{"code":"06623","name":"Pergamino"},"geometry":{"type":"Polygon","coordinates":[[[-60.81824,-33.5437],[-60.78195,-33.57897],[-60.68458,-33.58516],[-60.61992,-33.62834],[-60.55695,-33.6466],[-60.46855,-33.63775],[-60.45745,-33.59835],[-60.32679,-33.68327],[-60.31317,-33.65112],[-60.17224,-33.66192],[-60.17514,-33.67366],[-60.14124,-33.69309],[-60.13877,-33.71113],[-60.23147,-33.86979],[-60.23658,-34.01071],[-60.3124,-34.00145],[-60.49639,-34.17646],[-60.5155,-34.14378],[-60.65798,-34.09111],[-60.7154,-34.03574],[-60.7054,-34.02512],[-60.9428,-33.85686],[-60.86129,-33.78096],[-60.90102,-33.74935],[-60.81081,-33.6748],[-60.91108,-33.58082],[-60.86713,-33.5483],[-60.81824,-33.5437]]]}},{"type":"Feature","properties":{"code":"06630","name":"Pila"},"geometry":{"type":"MultiPolygon","coordinates":[[[[-58.23406,-35.82702],[-58.20432,-35.82571],[-58.18523,-35.86348],[-58.14723,-35.86657],[-58.13754,-35.90545],[-58.10252,-35.92167],[-58.1112,-35.93343],[-58.09067,-35.93923],[-58.09209,-35.94985],[-58.01393,-35.94805],[-58.00814,-35.96055],[-58.03311,-36.01447],[-58.01232,-36.04219],[-57.9668,-36.06463],[-58.09322,-36.15481],[-57.95972,-36.25292],[-58.18942,-36.45236],[-58.10146,-36.52129],[-58.21306,-36.61549],[-58.5791,-36.34737],[-58.59751,-36.36368],[-58.78151,-36.22688],[-58.76309,-36.20831],[-58.84132,-36.1414],[-58.82886,-36.11082],[-58.70753,-36.01728],[-58.57185,-36.12097],[-58.2718,-35.85863],[-58.26382,-35.82305],[-58.23406,-35.82702]]],[[[-58.22618,-36.62767],[-58.22607,-36.62776],[-58.22617,-36.62767],[-58.22618,-36.62767]]]]}},{"type":"Feature","properties":{"code":"06638","name":"Pilar"},"geometry":{"type":"Polygon","coordinates":[[[-58.90126,-34.3111],[-58.81699,-34.4154],[-58.77767,-34.40427],[-58.73731,-34.45642],[-58.78469,-34.47616],[-58.82169,-34.45196],[-58.81352,-34.49115],[-58.8475,-34.54917],[-58.88507,-34.57705],[-58.92842,-34.5162],[-58.96189,-34.53374],[-59.05627,-34.42821],[-58.99298,-34.37929],[-58.98401,-34.369],[-58.99323,-34.35808],[-58.98026,-34.35064],[-58.91967,-34.41477],[-58.92121,-34.37155],[-58.90774,-34.35995],[-58.91735,-34.328],[-58.90126,-34.3111]]]}},{"type":"Feature","properties":{"code":"06644","name":"Pinamar"},"geometry":{"type":"Polygon","coordinates":[[[-56.81931,-37.02492],[-56.79023,-37.03413],[-56.88508,-37.16015],[-56.90913,-37.18903],[-56.94955,-37.18458],[-56.81931,-37.02492]]]}},{"type":"Feature","properties":{"code":"06648","name":"Presidente Perón"},"geometry":{"type":"Polygon","coordinates":[[[-58.40467,-34.89856],[-58.39644,-34.90988],[-58.31246,-34.87484],[-58.27461,-34.91706],[-58.37762,-34.95049],[-58.4687,-35.01127],[-58.46305,-34.95145],[-58.49186,-34.92763],[-58.41304,-34.87358],[-58.40467,-34.89856]]]}},{"type":"Feature","properties":{"code":"06651","name":"Puán"},"geometry":{"type":"Polygon","coordinates":[[[-62.70604,-37.46829],[-62.58143,-37.54922],[-62.73548,-37.67184],[-62.73076,-37.6905],[-62.89556,-37.81916],[-62.73478,-37.94792],[-62.81439,-38.01074],[-62.65471,-38.13911],[-62.73595,-38.20248],[-62.65499,-38.26701],[-63.38424,-38.82922],[-63.38568,-37.80879],[-63.37734,-37.81513],[-62.8132,-37.37393],[-62.70604,-37.46829]]]}},{"type":"Feature","properties":{"code":"06655","name":"Punta Indio"},"geometry":{"type":"Polygon","coordinates":[[[-57.27667,-35.22568],[-57.20424,-35.30011],[-57.14704,-35.38978],[-57.12794,-35.44576],[-57.15247,-35.4951],[-57.23538,-35.57707],[-57.34475,-35.71534],[-57.38092,-35.71285],[-57.38296,-35.6942],[-57.36587,-35.67743],[-57.41101,-35.66422],[-57.41661,-35.64463],[-57.43879,-35.63633],[-57.42636,-35.61579],[-57.46365,-35.59525],[-57.43525,-35.51823],[-57.4699,-35.50057],[-57.46167,-35.49407],[-57.48086,-35.48754],[-57.48656,-35.46116],[-57.52184,-35.47309],[-57.55083,-35.4697],[-57.55739,-35.4562],[-57.63002,-35.4695],[-57.67075,-35.4635],[-57.68793,-35.48471],[-57.76631,-35.46368],[-57.77063,-35.43982],[-57.7964,-35.44525],[-57.7268,-35.3493],[-57.68266,-35.3768],[-57.66464,-35.34228],[-57.64007,-35.35556],[-57.61339,-35.33306],[-57.66761,-35.29326],[-57.63298,-35.26086],[-57.60291,-35.26918],[-57.58137,-35.29413],[-57.60218,-35.36166],[-57.58887,-35.35002],[-57.57134,-35.36343],[-57.50315,-35.30201],[-57.54944,-35.29623],[-57.4929,-35.24359],[-57.46012,-35.26676],[-57.42564,-35.23463],[-57.40388,-35.25051],[-57.3037,-35.19718],[-57.27667,-35.22568]]]}},{"type":"Feature","properties":{"code":"06658","name":"Quilmes"},"geometry":{"type":"Polygon","coordinates":[[[-58.26292,-34.68757],[-58.19465,-34.73569],[-58.29845,-34.78344],[-58.30411,-34.80116],[-58.34696,-34.73934],[-58.27964,-34.67864],[-58.26292,-34.68757]]]}},{"type":"Feature","properties":{"code":"06665","name":"Ramallo"},"geometry":{"type":"Polygon","coordinates":[[[-60.13812,-33.35907],[-60.09882,-33.38312],[-60.04484,-33.44753],[-59.99939,-33.47013],[-59.93301,-33.47489],[-59.89474,-33.51028],[-59.83395,-33.52126],[-59.80953,-33.55166],[-59.81401,-33.59302],[-59.83138,-33.57981],[-60.04114,-33.76882],[-60.05172,-33.76128],[-60.07271,-33.77886],[-60.01675,-33.82642],[-60.04859,-33.82706],[-60.08267,-33.80933],[-60.10741,-33.81694],[-60.15638,-33.74548],[-60.14124,-33.69309],[-60.15976,-33.68996],[-60.17224,-33.66192],[-60.31317,-33.65112],[-60.28092,-33.62046],[-60.24444,-33.61569],[-60.19904,-33.53451],[-60.17213,-33.51094],[-60.15996,-33.47389],[-60.19373,-33.45041],[-60.18984,-33.40878],[-60.17136,-33.38688],[-60.16807,-33.35275],[-60.13812,-33.35907]]]}},{"type":"Feature","properties":{"code":"06672","name":"Rauch"},"geometry":{"type":"Polygon","coordinates":[[[-58.83321,-36.14768],[-58.76309,-36.20831],[-58.78151,-36.22688],[-58.59751,-36.36368],[-58.5791,-36.34737],[-58.43724,-36.4521],[-58.72095,-36.70023],[-58.66685,-36.74293],[-58.71996,-36.75258],[-58.79087,-36.78911],[-58.79518,-36.806],[-58.83701,-36.83625],[-58.86683,-36.83837],[-58.87309,-36.86076],[-58.91121,-36.87642],[-58.93688,-36.93605],[-59.00267,-36.94465],[-59.02149,-36.96009],[-59.04075,-37.02608],[-59.09013,-37.06278],[-59.35931,-36.84514],[-59.34768,-36.81704],[-59.28153,-36.76464],[-59.25532,-36.64688],[-59.22656,-36.61687],[-59.2219,-36.57439],[-59.19554,-36.59087],[-59.13842,-36.54288],[-59.20281,-36.49323],[-59.1909,-36.48309],[-59.25,-36.43752],[-59.22971,-36.42085],[-59.28916,-36.37472],[-59.2184,-36.32121],[-59.10597,-36.27477],[-59.10308,-36.247],[-59.07067,-36.22143],[-59.02065,-36.21402],[-58.88073,-36.15062],[-58.83321,-36.14768]]]}},{"type":"Feature","properties":{"code":"06679","name":"Rivadavia"},"geometry":{"type":"Polygon","coordinates":[[[-62.99718,-35.28533],[-62.96461,-35.31189],[-62.89953,-35.25929],[-62.86414,-35.2885],[-62.89316,-35.31132],[-62.84654,-35.35045],[-62.8731,-35.37161],[-62.80381,-35.4295],[-62.77769,-35.40869],[-62.62381,-35.55074],[-63.20373,-36.03308],[-63.38547,-35.88368],[-63.38571,-35.36972],[-63.32947,-35.32316],[-63.34717,-35.30004],[-63.31002,-35.26781],[-63.28514,-35.28849],[-63.21117,-35.22897],[-63.23551,-35.20857],[-63.13905,-35.1284],[-63.09038,-35.16825],[-63.11541,-35.18887],[-62.99718,-35.28533]]]}},{"type":"Feature","properties":{"code":"06686","name":"Rojas"},"geometry":{"type":"Polygon","coordinates":[[[-60.89525,-33.88662],[-60.70328,-34.02687],[-60.7154,-34.03574],[-60.6553,-34.09314],[-60.51527,-34.14391],[-60.46989,-34.19987],[-60.54917,-34.27566],[-60.53878,-34.34929],[-60.57827,-34.39217],[-60.55985,-34.40644],[-60.6772,-34.50935],[-60.90267,-34.32608],[-60.96644,-34.34583],[-61.05911,-34.26901],[-61.01386,-34.23162],[-60.95829,-34.27669],[-60.91725,-34.24159],[-61.12208,-34.07195],[-61.06269,-34.03938],[-60.94911,-33.923],[-60.89525,-33.88662]]]}},{"type":"Feature","properties":{"code":"06693","name":"Roque Pérez"},"geometry":{"type":"Polygon","coordinates":[[[-59.49216,-35.28948],[-59.48033,-35.2873],[-59.46851,-35.30737],[-59.46241,-35.29873],[-59.44177,-35.30812],[-59.39338,-35.29095],[-59.38007,-35.33345],[-59.32209,-35.35915],[-59.32252,-35.37468],[-59.29714,-35.36417],[-59.26286,-35.39068],[-59.16724,-35.4059],[-59.16395,-35.42098],[-59.1283,-35.43635],[-59.10537,-35.42675],[-59.00934,-35.47971],[-59.01085,-35.50989],[-59.05038,-35.54163],[-59.02682,-35.57544],[-59.03152,-35.60559],[-59.14301,-35.62562],[-59.13108,-35.69818],[-59.17488,-35.71201],[-59.18145,-35.75551],[-59.41261,-35.58613],[-59.34967,-35.52944],[-59.37696,-35.53688],[-59.49552,-35.49308],[-59.52448,-35.4564],[-59.59976,-35.46271],[-59.62052,-35.45138],[-59.64772,-35.46924],[-59.775,-35.47847],[-59.76867,-35.45104],[-59.82544,-35.40735],[-59.75548,-35.34674],[-59.7129,-35.37877],[-59.64251,-35.31661],[-59.58576,-35.35996],[-59.50606,-35.28926],[-59.49216,-35.28948]]]}},{"type":"Feature","properties":{"code":"06700","name":"Saavedra"},"geometry":{"type":"Polygon","coordinates":[[[-62.4217,-37.36023],[-62.38388,-37.39305],[-62.3984,-37.39941],[-62.39081,-37.41257],[-62.37317,-37.40407],[-62.322,-37.46787],[-62.2834,-37.45341],[-62.23351,-37.53901],[-62.25,-37.54498],[-62.21858,-37.56072],[-62.22735,-37.57238],[-62.21106,-37.5778],[-62.22058,-37.5908],[-62.12479,-37.63352],[-62.13111,-37.65687],[-62.08461,-37.70646],[-62.10035,-37.72552],[-62.04469,-37.75247],[-62.09893,-37.93548],[-62.15799,-37.96656],[-62.17794,-38.00205],[-62.24484,-38.04173],[-62.28238,-38.09016],[-62.33097,-38.10801],[-62.34607,-38.13629],[-62.44228,-38.05585],[-62.46314,-38.072],[-62.48968,-38.00818],[-62.5753,-38.07517],[-62.89556,-37.81916],[-62.73076,-37.6905],[-62.73548,-37.67184],[-62.58143,-37.54922],[-62.62989,-37.51015],[-62.4254,-37.34868],[-62.4217,-37.36023]]]}},{"type":"Feature","properties":{"code":"06707","name":"Saladillo"},"geometry":{"type":"Polygon","coordinates":[[[-59.61517,-35.45838],[-59.52448,-35.4564],[-59.49552,-35.49308],[-59.37696,-35.53688],[-59.34967,-35.52944],[-59.41261,-35.58613],[-59.18335,-35.76286],[-59.24094,-35.79317],[-59.30299,-35.79504],[-59.31845,-35.80945],[-59.34727,-35.8036],[-59.38161,-35.81723],[-59.41642,-35.8022],[-59.5057,-35.817],[-59.56943,-35.85382],[-59.64712,-35.86164],[-59.69191,-35.82759],[-59.81461,-35.85427],[-59.83139,-35.84778],[-59.87234,-35.87667],[-59.87115,-35.89925],[-59.8856,-35.91259],[-60.05608,-35.78053],[-60.11796,-35.83367],[-60.2186,-35.75235],[-60.11673,-35.66444],[-60.05925,-35.70946],[-60.02437,-35.69562],[-60.02575,-35.67235],[-60.00544,-35.6617],[-60.03484,-35.65526],[-60.03997,-35.62419],[-60.00842,-35.57988],[-60.02802,-35.55258],[-59.93006,-35.48818],[-59.88658,-35.48081],[-59.8227,-35.49649],[-59.78024,-35.47681],[-59.69749,-35.47622],[-59.61517,-35.45838]]]}},{"type":"Feature","properties":{"code":"06714","name":"Salto"},"geometry":{"type":"Polygon","coordinates":[[[-60.23754,-34.0111],[-60.19631,-34.05144],[-60.16669,-34.06153],[-60.18456,-34.13553],[-60.20676,-34.17166],[-60.20288,-34.2039],[-59.97077,-34.28642],[-60.01214,-34.32291],[-60.00443,-34.32891],[-60.06503,-34.38265],[-60.08409,-34.36752],[-60.21123,-34.45956],[-60.24578,-34.4319],[-60.31913,-34.49719],[-60.37407,-34.45493],[-60.40399,-34.48004],[-60.489,-34.41514],[-60.5169,-34.43917],[-60.57827,-34.39217],[-60.53878,-34.34929],[-60.54917,-34.27566],[-60.46989,-34.19987],[-60.49639,-34.17646],[-60.3124,-34.00145],[-60.23754,-34.0111]]]}},{"type":"Feature","properties":{"code":"06721","name":"Salliqueló"},"geometry":{"type":"Polygon","coordinates":[[[-63.01261,-36.57265],[-62.81319,-36.73427],[-62.97003,-36.86303],[-63.28276,-36.60756],[-63.12756,-36.4795],[-63.01261,-36.57265]]]}},{"type":"Feature","properties":{"code":"06728","name":"San Andrés de Giles"},"geometry":{"type":"Polygon","coordinates":[[[-59.36073,-34.24338],[-59.29868,-34.26429],[-59.31035,-34.28943],[-59.1926,-34.37054],[-59.23932,-34.4137],[-59.21772,-34.44656],[-59.52366,-34.59689],[-59.56882,-34.56059],[-59.63243,-34.61502],[-59.76841,-34.5073],[-59.73511,-34.47782],[-59.76761,-34.45281],[-59.67052,-34.39792],[-59.64458,-34.41753],[-59.61884,-34.39664],[-59.6066,-34.40614],[-59.49073,-34.31892],[-59.4238,-34.30261],[-59.41187,-34.27626],[-59.41948,-34.26861],[-59.37478,-34.23873],[-59.36073,-34.24338]]]}},{"type":"Feature","properties":{"code":"06735","name":"San Antonio de Areco"},"geometry":{"type":"Polygon","coordinates":[[[-59.32196,-33.9963],[-59.3025,-34.06406],[-59.2662,-34.09178],[-59.27957,-34.14597],[-59.3666,-34.19892],[-59.37423,-34.23999],[-59.41948,-34.26861],[-59.41187,-34.27626],[-59.4238,-34.30261],[-59.49073,-34.31892],[-59.6066,-34.40614],[-59.61884,-34.39664],[-59.64458,-34.41753],[-59.67533,-34.40405],[-59.6927,-34.28592],[-59.78158,-34.21932],[-59.64274,-34.15864],[-59.56209,-34.16797],[-59.51091,-34.0994],[-59.46309,-34.13501],[-59.39554,-34.07451],[-59.40646,-34.06095],[-59.33443,-34.03858],[-59.31821,-34.02066],[-59.32196,-33.9963]]]}},{"type":"Feature","properties":{"code":"06742","name":"San Cayetano"},"geometry":{"type":"Polygon","coordinates":[[[-59.62116,-38.0452],[-59.53811,-38.05726],[-59.41488,-38.11373],[-59.35535,-38.11457],[-59.24624,-38.15305],[-59.31376,-38.20697],[-59.35418,-38.30342],[-59.33568,-38.32153],[-59.34017,-38.33643],[-59.316,-38.38394],[-59.40585,-38.45714],[-59.33555,-38.50136],[-59.34031,-38.54775],[-59.44473,-38.58852],[-59.43148,-38.60443],[-59.40775,-38.59399],[-59.41134,-38.62296],[-59.37112,-38.65942],[-59.35595,-38.7086],[-59.33126,-38.71996],[-59.3328,-38.73667],[-59.62729,-38.78584],[-59.63567,-38.76296],[-59.62586,-38.7429],[-59.64755,-38.73598],[-59.65396,-38.70023],[-59.70333,-38.65412],[-59.69057,-38.63699],[-59.73364,-38.53338],[-59.73366,-38.48894],[-59.76714,-38.51594],[-59.82147,-38.47539],[-59.88636,-38.52933],[-59.93671,-38.49144],[-59.87413,-38.43998],[-59.92952,-38.3965],[-59.94266,-38.40704],[-59.98997,-38.37142],[-59.79369,-38.1974],[-59.77588,-38.21026],[-59.75388,-38.19123],[-59.78882,-38.16498],[-59.7667,-38.14624],[-59.77794,-38.13764],[-59.64135,-38.02515],[-59.62116,-38.0452]]]}},{"type":"Feature","properties":{"code":"06749","name":"San Fernando"},"geometry":{"type":"MultiPolygon","coordinates":[[[[-58.36352,-34.02206],[-58.34499,-34.0384],[-58.33674,-34.08435],[-58.35415,-34.21647],[-58.39255,-34.23356],[-58.38132,-34.23995],[-58.3894,-34.26259],[-58.42432,-34.28155],[-58.45958,-34.32479],[-58.71215,-34.2489],[-58.6914,-34.17243],[-58.7467,-34.16551],[-58.76385,-34.12647],[-58.80475,-34.08751],[-58.6753,-34.02547],[-58.60717,-34.03787],[-58.4632,-34.00189],[-58.36352,-34.02206]]],[[[-58.54505,-34.43073],[-58.51616,-34.44332],[-58.6003,-34.49035],[-58.59517,-34.44834],[-58.55795,-34.42409],[-58.54505,-34.43073]]],[[[-58.28379,-34.2099],[-58.29243,-34.2314],[-58.29771,-34.21857],[-58.32991,-34.20595],[-58.31226,-34.18627],[-58.28379,-34.2099]]],[[[-58.32001,-34.17653],[-58.31727,-34.18192],[-58.33447,-34.19526],[-58.33323,-34.17875],[-58.32001,-34.17653]]],[[[-58.3371,-34.23725],[-58.34887,-34.22169],[-58.3388,-34.21427],[-58.33227,-34.22135],[-58.3371,-34.23725]]],[[[-58.30988,-34.2294],[-58.3299,-34.23171],[-58.3308,-34.2137],[-58.31697,-34.22559],[-58.30988,-34.2294]]],[[[-58.32783,-34.16309],[-58.33497,-34.17389],[-58.3421,-34.15129],[-58.33179,-34.15392],[-58.32783,-34.16309]]],[[[-58.31944,-34.21535],[-58.30696,-34.21796],[-58.3095,-34.22678],[-58.33043,-34.21057],[-58.31944,-34.21535]]],[[[-58.32178,-34.1732],[-58.33274,-34.17756],[-58.33439,-34.17721],[-58.32585,-34.16331],[-58.32178,-34.1732]]],[[[-58.25293,-34.20683],[-58.2503,-34.21435],[-58.25317,-34.21698],[-58.2601,-34.20836],[-58.25293,-34.20683]]],[[[-58.26178,-34.2305],[-58.26454,-34.23672],[-58.27103,-34.22577],[-58.26805,-34.22475],[-58.26178,-34.2305]]],[[[-58.32505,-34.24909],[-58.33072,-34.2467],[-58.33005,-34.24169],[-58.32355,-34.24498],[-58.32505,-34.24909]]],[[[-58.33903,-34.14983],[-58.34086,-34.14948],[-58.33655,-34.13898],[-58.33427,-34.14597],[-58.33903,-34.14983]]],[[[-58.32811,-34.23425],[-58.3243,-34.23545],[-58.32908,-34.23896],[-58.3305,-34.23418],[-58.32811,-34.23425]]],[[[-58.29549,-34.23431],[-58.2973,-34.23461],[-58.29813,-34.23198],[-58.29465,-34.23183],[-58.29549,-34.23431]]],[[[-58.32333,-34.23657],[-58.31929,-34.23732],[-58.31922,-34.23866],[-58.32572,-34.23777],[-58.32333,-34.23657]]],[[[-58.32983,-34.15216],[-58.33244,-34.14968],[-58.33228,-34.14684],[-58.33046,-34.1482],[-58.32983,-34.15216]]]]}},{"type":"Feature","properties":{"code":"06756","name":"San Isidro"},"geometry":{"type":"Polygon","coordinates":[[[-58.51416,-34.44353],[-58.4794,-34.48976],[-58.55376,-34.5302],[-58.6003,-34.49035],[-58.51416,-34.44353]]]}},{"type":"Feature","properties":{"code":"06760","name":"San Miguel"},"geometry":{"type":"Polygon","coordinates":[[[-58.6121,-34.52986],[-58.61768,-34.5469],[-58.71337,-34.60564],[-58.77694,-34.55792],[-58.7209,-34.51823],[-58.68913,-34.53016],[-58.64659,-34.50138],[-58.6121,-34.52986]]]}},{"type":"Feature","properties":{"code":"06763","name":"San Nicolás"},"geometry":{"type":"Polygon","coordinates":[[[-60.25421,-33.26471],[-60.20068,-33.29218],[-60.16555,-33.35077],[-60.19447,-33.44478],[-60.16021,-33.47861],[-60.24232,-33.61342],[-60.28659,-33.62446],[-60.32679,-33.68327],[-60.42933,-33.61939],[-60.45842,-33.58751],[-60.41849,-33.55853],[-60.41022,-33.46789],[-60.33566,-33.4126],[-60.32396,-33.35075],[-60.28295,-33.31372],[-60.26461,-33.28132],[-60.27271,-33.26386],[-60.25271,-33.27555],[-60.25421,-33.26471]]]}},{"type":"Feature","properties":{"code":"06770","name":"San Pedro"},"geometry":{"type":"Polygon","coordinates":[[[-59.82792,-33.58136],[-59.77839,-33.60668],[-59.72664,-33.60389],[-59.65891,-33.62004],[-59.61278,-33.69517],[-59.52976,-33.63339],[-59.4891,-33.64333],[-59.56258,-33.75937],[-59.53261,-33.76595],[-59.51011,-33.77884],[-59.57243,-33.77572],[-59.60295,-33.82185],[-59.60457,-33.86604],[-59.62876,-33.87889],[-59.65302,-33.91721],[-59.7139,-33.94526],[-59.73012,-33.98542],[-59.77934,-34.01339],[-60.07271,-33.77886],[-60.05172,-33.76128],[-60.04114,-33.76882],[-59.82792,-33.58136]]]}},{"type":"Feature","properties":{"code":"06778","name":"San Vicente"},"geometry":{"type":"Polygon","coordinates":[[[-58.31632,-34.92633],[-58.2882,-34.96504],[-58.30079,-34.97168],[-58.27717,-35.00942],[-58.2884,-35.01727],[-58.23627,-35.05827],[-58.33884,-35.14853],[-58.35271,-35.13786],[-58.41482,-35.18543],[-58.46797,-35.23842],[-58.57792,-35.15166],[-58.57932,-35.06835],[-58.60044,-35.05242],[-58.55438,-35.01143],[-58.55317,-34.97628],[-58.49191,-34.93017],[-58.46305,-34.95145],[-58.4687,-35.01127],[-58.43038,-34.97806],[-58.40833,-34.97787],[-58.39462,-34.95888],[-58.31632,-34.92633]]]}},{"type":"Feature","properties":{"code":"06784","name":"Suipacha"},"geometry":{"type":"Polygon","coordinates":[[[-59.67296,-34.58263],[-59.71641,-34.62002],[-59.52592,-34.76477],[-59.49133,-34.80294],[-59.52259,-34.82879],[-59.46651,-34.87259],[-59.63537,-34.95799],[-59.79812,-34.82566],[-59.80914,-34.80541],[-59.79005,-34.78848],[-59.94468,-34.67198],[-59.75488,-34.51828],[-59.67296,-34.58263]]]}},{"type":"Feature","properties":{"code":"06791","name":"Tandil"},"geometry":{"type":"Polygon","coordinates":[[[-59.21129,-36.96963],[-58.6109,-37.41126],[-59.11039,-37.82643],[-59.13357,-37.75749],[-59.16623,-37.7365],[-59.17084,-37.70055],[-59.15302,-37.65896],[-59.16256,-37.63156],[-59.18549,-37.61675],[-59.22598,-37.65084],[-59.77974,-37.23839],[-59.69936,-37.21661],[-59.66836,-37.18193],[-59.58657,-37.13249],[-59.56764,-37.09781],[-59.52083,-37.08236],[-59.47985,-37.03674],[-59.43683,-37.02133],[-59.43353,-36.99946],[-59.39957,-36.97078],[-59.35966,-36.89722],[-59.35931,-36.84514],[-59.2107,-36.95645],[-59.21129,-36.96963]]]}},{"type":"Feature","properties":{"code":"06798","name":"Tapalqué"},"geometry":{"type":"Polygon","coordinates":[[[-59.55321,-36.00679],[-59.38245,-36.13538],[-59.63458,-36.35887],[-59.7272,-36.28822],[-59.86257,-36.38976],[-59.93118,-36.46661],[-60.02369,-36.53184],[-59.91889,-36.61481],[-60.06283,-36.7318],[-60.135,-36.67483],[-60.16141,-36.71966],[-60.28557,-36.61995],[-60.3265,-36.65252],[-60.47805,-36.52973],[-60.43841,-36.49776],[-60.53223,-36.41252],[-60.64997,-36.34288],[-60.7288,-36.40269],[-60.76283,-36.37861],[-60.87544,-36.46783],[-60.92962,-36.42455],[-60.86612,-36.37219],[-60.906,-36.34157],[-60.86025,-36.32251],[-60.80597,-36.25284],[-60.79908,-36.23155],[-60.81038,-36.21036],[-60.72667,-36.13694],[-60.69944,-36.13535],[-60.56518,-36.2362],[-60.52355,-36.21403],[-60.35968,-36.3264],[-60.29692,-36.26707],[-60.24592,-36.30337],[-60.09017,-36.16134],[-59.96694,-36.2486],[-59.94754,-36.20211],[-59.83867,-36.11135],[-59.85865,-36.09567],[-59.79711,-36.04375],[-59.71806,-36.10585],[-59.61386,-36.02386],[-59.59244,-36.04053],[-59.55321,-36.00679]]]}},{"type":"Feature","properties":{"code":"06805","name":"Tigre"},"geometry":{"type":"Polygon","coordinates":[[[-58.47202,-34.32351],[-58.43694,-34.30088],[-58.44139,-34.38666],[-58.4892,-34.44407],[-58.52351,-34.44378],[-58.55795,-34.42409],[-58.59517,-34.44834],[-58.60634,-34.53454],[-58.67821,-34.47465],[-58.73463,-34.40246],[-58.70533,-34.37297],[-58.72062,-34.36329],[-58.67981,-34.34569],[-58.64951,-34.2666],[-58.47202,-34.32351]]]}},{"type":"Feature","properties":{"code":"06812","name":"Tordillo"},"geometry":{"type":"Polygon","coordinates":[[[-57.20923,-36.19622],[-57.11519,-36.28015],[-57.01851,-36.32227],[-57.01549,-36.34164],[-57.06466,-36.38559],[-57.04029,-36.42919],[-57.07442,-36.43875],[-57.08253,-36.45371],[-57.09874,-36.44213],[-57.17615,-36.51281],[-57.16477,-36.521],[-57.32878,-36.66916],[-57.46436,-36.57093],[-57.39923,-36.51308],[-57.44366,-36.47943],[-57.39933,-36.41582],[-57.34298,-36.36617],[-57.47326,-36.34034],[-57.47116,-36.33174],[-57.41785,-36.15762],[-57.20923,-36.19622]]]}},{"type":"Feature","properties":{"code":"06819","name":"Tornquist"},"geometry":{"type":"Polygon","coordinates":[[[-62.10005,-37.93545],[-62.0496,-37.9715],[-62.05036,-37.99073],[-61.95163,-38.05699],[-61.92978,-38.03912],[-61.94947,-38.02281],[-61.93072,-38.00846],[-61.8267,-38.06566],[-61.82181,-38.09726],[-61.79975,-38.10958],[-61.79269,-38.13749],[-61.77568,-38.14115],[-61.78323,-38.15844],[-61.76032,-38.17868],[-61.76988,-38.19691],[-61.73725,-38.21832],[-61.69692,-38.28532],[-61.71752,-38.28759],[-61.71708,-38.30963],[-61.75125,-38.36375],[-61.75662,-38.38418],[-61.74087,-38.40856],[-61.78188,-38.43753],[-61.7816,-38.45994],[-61.81274,-38.48546],[-61.89304,-38.42614],[-61.92536,-38.45346],[-61.93861,-38.41121],[-61.9886,-38.45251],[-62.01018,-38.43623],[-61.99865,-38.42681],[-62.08465,-38.36274],[-62.19634,-38.45202],[-62.22069,-38.43341],[-62.20949,-38.42442],[-62.22774,-38.4106],[-62.20907,-38.39543],[-62.23976,-38.36088],[-62.34185,-38.44265],[-62.38781,-38.40855],[-62.61446,-38.59162],[-62.64897,-38.51661],[-62.73722,-38.58584],[-62.89967,-38.45666],[-62.65499,-38.26701],[-62.73595,-38.20248],[-62.65471,-38.13911],[-62.81439,-38.01074],[-62.73443,-37.94867],[-62.5753,-38.07517],[-62.48968,-38.00818],[-62.46314,-38.072],[-62.44228,-38.05585],[-62.34607,-38.13629],[-62.33097,-38.10801],[-62.28238,-38.09016],[-62.24484,-38.04173],[-62.17794,-38.00205],[-62.15799,-37.96656],[-62.10005,-37.93545]]]}},{"type":"Feature","properties":{"code":"06826","name":"Trenque Lauquen"},"geometry":{"type":"Polygon","coordinates":[[[-62.48359,-35.66572],[-62.33842,-35.7842],[-62.43109,-35.85884],[-62.08244,-36.1523],[-62.60758,-36.56142],[-62.62575,-36.50236],[-63.20373,-36.03308],[-62.62381,-35.55074],[-62.48359,-35.66572]]]}},{"type":"Feature","properties":{"code":"06833","name":"Tres Arroyos"},"geometry":{"type":"Polygon","coordinates":[[[-60.15612,-38.18944],[-60.0363,-38.28084],[-59.88321,-38.16028],[-59.83352,-38.24223],[-59.98997,-38.37142],[-59.94266,-38.40704],[-59.92952,-38.3965],[-59.87413,-38.43998],[-59.93671,-38.49144],[-59.88636,-38.52933],[-59.82147,-38.47539],[-59.76714,-38.51594],[-59.73366,-38.48894],[-59.73364,-38.53338],[-59.69057,-38.63699],[-59.70333,-38.65412],[-59.65396,-38.70023],[-59.64755,-38.73598],[-59.62586,-38.7429],[-59.63567,-38.76296],[-59.62729,-38.78584],[-59.85396,-38.83738],[-60.11653,-38.86575],[-60.49272,-38.92854],[-60.52213,-38.91914],[-60.53675,-38.82231],[-60.61057,-38.61949],[-60.6125,-38.58693],[-60.59147,-38.55697],[-60.6196,-38.47128],[-60.74501,-38.36578],[-60.7336,-38.31477],[-60.74687,-38.22995],[-60.71872,-38.22423],[-60.7293,-38.19666],[-60.72481,-38.1184],[-60.67625,-38.09313],[-60.54961,-38.19215],[-60.44213,-38.10698],[-60.4632,-38.0895],[-60.37069,-38.01672],[-60.15612,-38.18944]]]}},{"type":"Feature","properties":{"code":"06840","name":"Tres de Febrero"},"geometry":{"type":"Polygon","coordinates":[[[-58.6199,-34.54657],[-58.56231,-34.5914],[-58.52297,-34.59756],[-58.52921,-34.65464],[-58.64634,-34.56297],[-58.6199,-34.54657]]]}},{"type":"Feature","properties":{"code":"06847","name":"Tres Lomas"},"geometry":{"type":"Polygon","coordinates":[[[-62.8473,-36.32229],[-62.62575,-36.50236],[-62.60758,-36.56142],[-62.81604,-36.73195],[-63.12756,-36.4795],[-63.04864,-36.41541],[-63.06798,-36.39948],[-63.0284,-36.3688],[-63.03995,-36.35907],[-62.95927,-36.29607],[-62.9789,-36.28014],[-62.93975,-36.24884],[-62.8473,-36.32229]]]}},{"type":"Feature","properties":{"code":"06854","name":"25 de Mayo"},"geometry":{"type":"Polygon","coordinates":[[[-59.98928,-35.12981],[-59.90557,-35.11487],[-59.87039,-35.15261],[-59.83573,-35.15778],[-59.82237,-35.17681],[-59.77416,-35.17397],[-59.72139,-35.22268],[-59.69912,-35.21095],[-59.66918,-35.2231],[-59.66388,-35.21001],[-59.57374,-35.17806],[-59.54301,-35.20435],[-59.54998,-35.26753],[-59.50606,-35.28926],[-59.58576,-35.35996],[-59.64251,-35.31661],[-59.7129,-35.37877],[-59.75548,-35.34674],[-59.82544,-35.40735],[-59.76867,-35.45104],[-59.775,-35.47847],[-59.83035,-35.49693],[-59.90604,-35.48093],[-60.00489,-35.52892],[-60.02873,-35.55525],[-60.00979,-35.57566],[-60.0106,-35.5971],[-60.03997,-35.62419],[-60.03395,-35.65624],[-60.00544,-35.6617],[-60.02575,-35.67235],[-60.02437,-35.69562],[-60.05925,-35.70946],[-60.11673,-35.66444],[-60.41714,-35.92824],[-60.46155,-35.94931],[-60.46244,-35.97272],[-60.49487,-35.99499],[-60.51575,-35.98497],[-60.53106,-36.00056],[-60.63807,-35.92107],[-60.69545,-35.96881],[-60.86791,-35.84001],[-60.44488,-35.47332],[-60.52805,-35.4103],[-60.3231,-35.22972],[-60.23504,-35.29586],[-60.02109,-35.10804],[-59.98928,-35.12981]]]}},{"type":"Feature","properties":{"code":"06861","name":"Vicente López"},"geometry":{"type":"Polygon","coordinates":[[[-58.47929,-34.4944],[-58.45956,-34.52778],[-58.5008,-34.54953],[-58.50996,-34.56921],[-58.52981,-34.53733],[-58.53778,-34.54416],[-58.55376,-34.5302],[-58.47929,-34.4944]]]}},{"type":"Feature","properties":{"code":"06868","name":"Villa Gesell"},"geometry":{"type":"Polygon","coordinates":[[[-56.90913,-37.18903],[-57.1255,-37.49277],[-57.18764,-37.54975],[-57.21112,-37.53301],[-57.16338,-37.48575],[-57.10564,-37.37807],[-56.99358,-37.24127],[-57.04252,-37.23149],[-56.99197,-37.2371],[-56.94955,-37.18458],[-56.90913,-37.18903]]]}},{"type":"Feature","properties":{"code":"06875","name":"Villarino"},"geometry":{"type":"MultiPolygon","coordinates":[[[[-62.73734,-38.58575],[-62.64897,-38.51661],[-62.60711,-38.61632],[-62.47289,-38.66329],[-62.45138,-38.72997],[-62.4271,-38.76086],[-62.39902,-38.74947],[-62.35492,-38.75567],[-62.29542,-38.78858],[-62.33722,-38.81446],[-62.35182,-38.80269],[-62.36071,-38.81372],[-62.37142,-38.7993],[-62.36381,-38.81435],[-62.37927,-38.80123],[-62.37496,-38.8114],[-62.38501,-38.81051],[-62.38623,-38.80364],[-62.39727,-38.79561],[-62.38852,-38.81503],[-62.41401,-38.8175],[-62.39334,-38.82068],[-62.3953,-38.83445],[-62.38716,-38.83806],[-62.37578,-38.82564],[-62.37195,-38.84367],[-62.36272,-38.84546],[-62.36079,-38.82669],[-62.3479,-38.84641],[-62.33605,-38.83644],[-62.32615,-38.83818],[-62.35195,-38.86304],[-62.32053,-38.90427],[-62.34571,-38.95031],[-62.32174,-38.96844],[-62.32137,-38.99575],[-62.30038,-38.9934],[-62.31695,-39.00299],[-62.29929,-39.02501],[-62.30661,-39.05289],[-62.35416,-39.10111],[-62.33055,-39.11658],[-62.35202,-39.113],[-62.33234,-39.1325],[-62.34223,-39.16295],[-62.28636,-39.2333],[-62.2603,-39.23124],[-62.23741,-39.25159],[-62.28601,-39.25667],[-62.30169,-39.24504],[-62.31692,-39.26605],[-62.12989,-39.29272],[-62.06229,-39.31983],[-62.04076,-39.34913],[-62.01094,-39.35781],[-62.02264,-39.39061],[-62.08559,-39.39011],[-62.16746,-39.33112],[-62.18501,-39.29836],[-62.19994,-39.3074],[-62.2885,-39.29864],[-62.27715,-39.30675],[-62.2859,-39.31732],[-62.26056,-39.31543],[-62.26251,-39.31891],[-62.27443,-39.31736],[-62.28683,-39.32293],[-62.25982,-39.32229],[-62.27993,-39.32586],[-62.26261,-39.34723],[-62.23032,-39.35301],[-62.20312,-39.34685],[-62.21157,-39.36093],[-62.23931,-39.36019],[-62.19417,-39.37697],[-62.20759,-39.40104],[-62.19243,-39.38227],[-62.18044,-39.39697],[-62.16707,-39.37527],[-62.17223,-39.39077],[-62.16403,-39.39746],[-62.14986,-39.38002],[-62.14719,-39.39781],[-62.16049,-39.40004],[-62.148,-39.40287],[-62.14121,-39.39501],[-62.0455,-39.44742],[-62.08958,-39.5401],[-62.11905,-39.66255],[-62.09931,-39.6856],[-62.10621,-39.66684],[-62.09223,-39.67983],[-62.12271,-39.70767],[-62.11177,-39.70607],[-62.12604,-39.76686],[-62.11483,-39.83999],[-62.12731,-39.85911],[-62.14634,-39.85758],[-62.16653,-39.83018],[-62.21501,-39.83995],[-62.23354,-39.81623],[-62.29967,-39.79721],[-62.33782,-39.80227],[-62.37079,-39.77566],[-62.38911,-39.78079],[-62.3939,-39.77198],[-62.37509,-39.76401],[-62.39758,-39.75362],[-62.40891,-39.72502],[-62.43102,-39.72477],[-62.47639,-39.69367],[-62.48656,-39.66561],[-62.47505,-39.62824],[-62.49034,-39.60751],[-62.53704,-39.57516],[-62.61683,-39.54809],[-62.62662,-39.52987],[-62.69157,-39.53479],[-62.75441,-39.50618],[-62.85802,-39.53049],[-62.90868,-39.50514],[-62.95882,-39.51757],[-62.97316,-39.50373],[-63.01338,-39.50328],[-63.01696,-39.48569],[-63.02832,-39.49487],[-63.03268,-39.48097],[-63.07218,-39.47806],[-63.06602,-39.46019],[-63.09969,-39.46815],[-63.09173,-39.45158],[-63.11311,-39.45177],[-63.10185,-39.42441],[-63.13665,-39.39372],[-63.17345,-39.41302],[-63.23932,-39.36635],[-63.38327,-39.32849],[-63.38424,-38.82922],[-62.89967,-38.45666],[-62.73734,-38.58575]]],[[[-61.99899,-39.09074],[-61.98671,-39.09757],[-62.00148,-39.10474],[-61.99874,-39.10916],[-61.98961,-39.10951],[-62.00294,-39.11617],[-61.99911,-39.13005],[-61.98972,-39.12604],[-61.99822,-39.11679],[-61.98774,-39.10909],[-61.99954,-39.10545],[-61.98565,-39.10077],[-61.9847,-39.09568],[-61.9903,-39.08971],[-61.97725,-39.09006],[-61.9805,-39.10138],[-61.96688,-39.11454],[-61.97523,-39.09019],[-61.93172,-39.0956],[-61.9281,-39.09921],[-61.93245,-39.10253],[-61.93008,-39.10628],[-61.9369,-39.10226],[-61.94142,-39.10266],[-61.94506,-39.10674],[-61.94316,-39.11419],[-61.9404,-39.10356],[-61.92877,-39.10743],[-61.91287,-39.10166],[-61.9264,-39.11164],[-61.91735,-39.11147],[-61.92484,-39.12063],[-61.91349,-39.13154],[-61.92315,-39.14126],[-61.93411,-39.1385],[-61.94725,-39.14734],[-61.9287,-39.14],[-61.90929,-39.16265],[-61.90469,-39.14548],[-61.88865,-39.15865],[-61.88776,-39.10665],[-61.89558,-39.0909],[-61.8848,-39.09658],[-61.87072,-39.15018],[-61.88546,-39.15906],[-61.87973,-39.16502],[-61.86901,-39.165],[-61.86504,-39.19402],[-61.87359,-39.19202],[-61.8834,-39.19989],[-61.86359,-39.19392],[-61.86494,-39.16212],[-61.85237,-39.19361],[-61.85207,-39.22467],[-61.86982,-39.24433],[-61.94574,-39.19322],[-61.94981,-39.1786],[-61.97795,-39.18255],[-61.99451,-39.16766],[-62.0568,-39.15767],[-62.05447,-39.13625],[-62.03963,-39.13456],[-62.03487,-39.11557],[-62.04137,-39.10942],[-62.01617,-39.11767],[-62.03209,-39.10987],[-62.01299,-39.10756],[-62.01132,-39.10024],[-62.02073,-39.08718],[-61.99899,-39.09074]]],[[[-62.04054,-38.99616],[-62.01147,-39.00868],[-62.02016,-39.01947],[-62.00822,-39.0148],[-62.04052,-39.03977],[-62.07445,-39.00336],[-62.09708,-39.02381],[-62.11201,-39.00873],[-62.12677,-39.00462],[-62.07921,-38.98387],[-62.04054,-38.99616]]],[[[-62.03767,-39.08173],[-62.02214,-39.08552],[-62.01446,-39.10683],[-62.02282,-39.10306],[-62.03778,-39.10313],[-62.04279,-39.11126],[-62.03632,-39.11505],[-62.05537,-39.13472],[-62.06118,-39.15039],[-62.07288,-39.14867],[-62.07469,-39.1347],[-62.06139,-39.13505],[-62.08405,-39.09944],[-62.08013,-39.08554],[-62.03767,-39.08173]]],[[[-62.08421,-39.23239],[-62.06448,-39.246],[-62.11473,-39.24384],[-62.1575,-39.21107],[-62.15953,-39.19535],[-62.08421,-39.23239]]],[[[-61.89547,-39.13342],[-61.90454,-39.13548],[-61.8982,-39.14465],[-61.90746,-39.14394],[-61.91077,-39.15405],[-61.92062,-39.14196],[-61.9102,-39.12844],[-61.92245,-39.11995],[-61.9084,-39.10754],[-61.89027,-39.12251],[-61.89547,-39.13342]]],[[[-62.01817,-39.23892],[-61.99696,-39.24842],[-62.01104,-39.2617],[-62.03276,-39.25145],[-62.01817,-39.23892]]],[[[-62.24049,-38.83921],[-62.22742,-38.85729],[-62.27097,-38.83943],[-62.25775,-38.82722],[-62.24049,-38.83921]]],[[[-62.26068,-38.93249],[-62.28321,-38.95184],[-62.29411,-38.94493],[-62.2804,-38.92624],[-62.25598,-38.92418],[-62.26068,-38.93249]]],[[[-62.12721,-39.00607],[-62.12226,-39.02865],[-62.14064,-39.03555],[-62.13808,-39.01305],[-62.12721,-39.00607]]],[[[-62.29913,-39.02316],[-62.30219,-39.00986],[-62.27031,-38.99986],[-62.2781,-39.0176],[-62.29913,-39.02316]]],[[[-62.04973,-38.98321],[-62.02181,-38.98597],[-62.01414,-38.99414],[-62.05653,-38.98205],[-62.04973,-38.98321]]],[[[-62.26291,-38.82165],[-62.27399,-38.81952],[-62.27977,-38.80011],[-62.25939,-38.81363],[-62.26291,-38.82165]]],[[[-62.30279,-38.87248],[-62.28688,-38.877],[-62.30516,-38.87834],[-62.29443,-38.89246],[-62.31258,-38.88209],[-62.30279,-38.87248]]],[[[-62.23469,-39.18479],[-62.22386,-39.19807],[-62.22455,-39.20515],[-62.24047,-39.19038],[-62.23469,-39.18479]]],[[[-62.23475,-39.33826],[-62.22683,-39.33821],[-62.21182,-39.34415],[-62.22009,-39.34987],[-62.23475,-39.33826]]],[[[-62.30714,-38.84396],[-62.29914,-38.84624],[-62.29485,-38.85259],[-62.30866,-38.85512],[-62.316,-38.84484],[-62.30714,-38.84396]]],[[[-62.20089,-39.00601],[-62.2089,-39.00911],[-62.21042,-39.02132],[-62.21837,-39.00669],[-62.20089,-39.00601]]],[[[-62.32237,-38.84892],[-62.31766,-38.84796],[-62.31367,-38.85571],[-62.33088,-38.84797],[-62.32237,-38.84892]]],[[[-62.28589,-38.87154],[-62.28176,-38.86999],[-62.27921,-38.87203],[-62.26738,-38.87325],[-62.28589,-38.87154]]],[[[-62.30464,-38.8321],[-62.30782,-38.83765],[-62.31925,-38.83828],[-62.31784,-38.83366],[-62.30464,-38.8321]]],[[[-62.31372,-38.87164],[-62.31841,-38.87461],[-62.32439,-38.87424],[-62.3162,-38.86378],[-62.31372,-38.87164]]],[[[-62.29535,-38.96174],[-62.30324,-38.96171],[-62.29839,-38.95269],[-62.29636,-38.95417],[-62.29535,-38.96174]]],[[[-62.08007,-38.9806],[-62.08395,-38.97964],[-62.07076,-38.97689],[-62.07119,-38.97907],[-62.08007,-38.9806]]],[[[-61.87372,-39.16341],[-61.87671,-39.16216],[-61.8712,-39.15106],[-61.87043,-39.15336],[-61.87372,-39.16341]]],[[[-62.27885,-38.85224],[-62.28209,-38.8586],[-62.28645,-38.85839],[-62.28428,-38.85256],[-62.27885,-38.85224]]],[[[-62.2522,-39.34098],[-62.24603,-39.3385],[-62.25508,-39.34267],[-62.25906,-39.33813],[-62.2522,-39.34098]]],[[[-62.19387,-39.17804],[-62.19782,-39.17485],[-62.19469,-39.17237],[-62.19003,-39.1755],[-62.19387,-39.17804]]],[[[-62.28576,-38.95955],[-62.29199,-38.96188],[-62.29457,-38.95431],[-62.28512,-38.95871],[-62.28576,-38.95955]]],[[[-62.27357,-38.86797],[-62.26822,-38.86878],[-62.27929,-38.87107],[-62.2788,-38.86897],[-62.27357,-38.86797]]],[[[-62.24929,-39.33398],[-62.2494,-39.3363],[-62.26015,-39.33424],[-62.25153,-39.33323],[-62.24929,-39.33398]]],[[[-61.91249,-39.09903],[-61.90768,-39.09957],[-61.91259,-39.10018],[-61.91946,-39.09794],[-61.91249,-39.09903]]],[[[-62.28172,-38.97682],[-62.28898,-38.97911],[-62.29121,-38.97731],[-62.28354,-38.97531],[-62.28172,-38.97682]]],[[[-62.30149,-38.8233],[-62.30587,-38.82537],[-62.30983,-38.82402],[-62.30254,-38.82091],[-62.30149,-38.8233]]],[[[-62.23601,-38.87089],[-62.23682,-38.8744],[-62.24145,-38.87413],[-62.24048,-38.87144],[-62.23601,-38.87089]]],[[[-62.33,-38.85953],[-62.33196,-38.86091],[-62.3358,-38.8589],[-62.33326,-38.85553],[-62.33,-38.85953]]],[[[-62.32395,-38.82898],[-62.32393,-38.82681],[-62.31679,-38.82485],[-62.31712,-38.82653],[-62.32395,-38.82898]]],[[[-62.03493,-39.1067],[-62.03748,-39.10448],[-62.03228,-39.10394],[-62.03213,-39.10432],[-62.03493,-39.1067]]],[[[-61.86611,-39.15805],[-61.8672,-39.15631],[-61.8652,-39.15368],[-61.86329,-39.15574],[-61.86611,-39.15805]]],[[[-62.30997,-38.9904],[-62.31178,-38.99189],[-62.313,-38.98799],[-62.31013,-38.9888],[-62.30997,-38.9904]]],[[[-62.25555,-38.8705],[-62.25801,-38.86822],[-62.25735,-38.86685],[-62.25453,-38.86892],[-62.25555,-38.8705]]],[[[-62.26762,-38.86685],[-62.26931,-38.86575],[-62.26487,-38.86392],[-62.26491,-38.86486],[-62.26762,-38.86685]]],[[[-62.25946,-38.86759],[-62.26034,-38.86762],[-62.26229,-38.86652],[-62.26031,-38.86616],[-62.25946,-38.86759]]],[[[-62.26186,-38.863],[-62.26393,-38.8626],[-62.26439,-38.86188],[-62.2617,-38.86218],[-62.26186,-38.863]]],[[[-62.25762,-38.86539],[-62.25903,-38.86532],[-62.25918,-38.86524],[-62.25724,-38.86464],[-62.25762,-38.86539]]],[[[-62.25406,-38.86606],[-62.25453,-38.8661],[-62.25474,-38.8655],[-62.25354,-38.86564],[-62.25406,-38.86606]]]]}},{"type":"Feature","properties":{"code":"06882","name":"Zárate"},"geometry":{"type":"Polygon","coordinates":[[[-59.16809,-33.80939],[-59.13068,-33.84772],[-59.05548,-33.8324],[-59.02048,-33.84894],[-58.99288,-33.8418],[-58.97789,-33.87036],[-58.89978,-33.89099],[-58.86843,-33.93651],[-58.8372,-33.95375],[-58.96605,-33.96058],[-59.00952,-34.09907],[-58.9775,-34.11328],[-58.97331,-34.1291],[-59.1029,-34.20012],[-59.31234,-34.16104],[-59.27957,-34.14597],[-59.2662,-34.09178],[-59.3025,-34.06406],[-59.30849,-34.01927],[-59.34714,-33.93503],[-59.30981,-33.92412],[-59.26054,-33.94158],[-59.22838,-33.92503],[-59.24014,-33.89626],[-59.30209,-33.84663],[-59.27636,-33.82026],[-59.16809,-33.80939]]]}},{"type":"Feature","properties":{"code":"10007","name":"Ambato"},"geometry":{"type":"Polygon","coordinates":[[[-65.93832,-27.61944],[-65.9154,-27.66914],[-65.87542,-27.67247],[-65.86549,-27.68901],[-65.82891,-27.81279],[-65.83226,-27.85092],[-65.82069,-27.82035],[-65.8064,-27.81586],[-65.80739,-27.88235],[-65.78438,-27.92489],[-65.7659,-28.00963],[-65.79124,-28.04912],[-65.75595,-28.10208],[-65.74902,-28.18038],[-65.72932,-28.23292],[-65.7532,-28.24841],[-65.8101,-28.25012],[-65.87603,-28.33346],[-65.88706,-28.31871],[-65.89334,-28.32986],[-65.98492,-28.35158],[-66.04445,-28.35283],[-66.05652,-28.31087],[-66.02198,-28.19999],[-66.0394,-28.17517],[-66.02912,-28.13619],[-66.04546,-28.12663],[-66.04192,-28.10235],[-66.08729,-28.01488],[-66.07945,-27.98217],[-66.09637,-27.9765],[-66.04995,-27.90554],[-66.08889,-27.80495],[-66.07516,-27.7693],[-66.04347,-27.75718],[-66.03325,-27.77889],[-65.98428,-27.75534],[-65.98851,-27.72519],[-65.97198,-27.72035],[-65.98316,-27.70691],[-65.97046,-27.68325],[-65.97434,-27.63869],[-65.93832,-27.61944]]]}},{"type":"Feature","properties":{"code":"10014","name":"Ancasti"},"geometry":{"type":"Polygon","coordinates":[[[-65.60894,-28.59764],[-65.45392,-28.63666],[-65.45426,-28.66014],[-65.42699,-28.66877],[-65.38947,-28.63261],[-65.3574,-28.62772],[-65.34405,-28.59378],[-65.29035,-28.59009],[-65.28494,-28.60447],[-65.27074,-28.60326],[-65.28259,-28.6409],[-65.31539,-28.6327],[-65.31218,-28.70417],[-65.34108,-28.69709],[-65.3809,-28.79842],[-65.31114,-28.81627],[-65.30613,-28.82744],[-65.36678,-28.935],[-65.38345,-29.10346],[-65.41671,-29.14564],[-65.45604,-29.15876],[-65.50533,-29.24715],[-65.49348,-29.2646],[-65.51001,-29.28572],[-65.51669,-29.33618],[-65.50605,-29.39665],[-65.5321,-29.47185],[-65.51765,-29.48511],[-65.53622,-29.5157],[-65.5213,-29.60514],[-65.56139,-29.51784],[-65.54797,-29.41024],[-65.60273,-29.29703],[-65.59534,-29.27663],[-65.60959,-29.25316],[-65.58647,-29.09975],[-65.60633,-29.06935],[-65.60495,-29.0211],[-65.65501,-28.91949],[-65.64584,-28.89605],[-65.6851,-28.82535],[-65.65157,-28.78024],[-65.67504,-28.68855],[-65.66128,-28.68328],[-65.66363,-28.66407],[-65.62505,-28.6034],[-65.63194,-28.58754],[-65.62146,-28.57064],[-65.60894,-28.59764]]]}},{"type":"Feature","properties":{"code":"10021","name":"Andalgalá"},"geometry":{"type":"Polygon","coordinates":[[[-66.38316,-27.18772],[-66.36697,-27.20095],[-66.25465,-27.15351],[-66.19406,-27.21896],[-66.1342,-27.24832],[-66.13756,-27.26345],[-66.02927,-27.29815],[-65.97197,-27.33293],[-65.97573,-27.49351],[-65.93943,-27.61764],[-65.97434,-27.63869],[-65.98241,-27.75303],[-66.03325,-27.77889],[-66.04416,-27.75729],[-66.08016,-27.77234],[-66.10618,-27.80447],[-66.18411,-27.82968],[-66.25426,-27.8245],[-66.26563,-27.86943],[-66.38511,-27.86912],[-66.49164,-28.02049],[-66.74025,-28.01911],[-66.73881,-27.78946],[-66.77116,-27.75981],[-66.7484,-27.74508],[-66.73394,-27.71253],[-66.7106,-27.70369],[-66.7232,-27.68585],[-66.71498,-27.68913],[-66.71437,-27.6728],[-66.74288,-27.64124],[-66.70148,-27.58084],[-66.73524,-27.55187],[-66.6487,-27.49517],[-66.63154,-27.43709],[-66.60315,-27.40868],[-66.62937,-27.38721],[-66.63063,-27.37016],[-66.6141,-27.35754],[-66.62882,-27.33564],[-66.61267,-27.31495],[-66.6288,-27.30036],[-66.62318,-27.28159],[-66.5541,-27.2482],[-66.53665,-27.25439],[-66.58586,-27.09729],[-66.45015,-27.13298],[-66.38316,-27.18772]]]}},{"type":"Feature","properties":{"code":"10028","name":"Antofagasta de la Sierra"},"geometry":{"type":"Polygon","coordinates":[[[-68.50537,-25.16851],[-67.8646,-25.2384],[-66.87927,-25.24173],[-66.55819,-25.30065],[-66.5998,-25.36225],[-66.5371,-25.37248],[-66.51855,-25.44033],[-66.53525,-25.46226],[-66.53456,-25.53651],[-66.57277,-25.58672],[-66.5639,-25.62176],[-66.60646,-25.62867],[-66.63041,-25.65437],[-66.64858,-25.71203],[-66.81288,-25.70013],[-66.84333,-25.71263],[-66.87357,-25.76619],[-66.84976,-25.78429],[-66.83926,-25.88066],[-66.85235,-25.91862],[-66.91945,-25.9446],[-66.90502,-25.99319],[-66.87663,-25.99934],[-66.82411,-26.07568],[-66.84299,-26.09565],[-66.83982,-26.11099],[-66.90768,-26.11852],[-66.92232,-26.10131],[-66.96373,-26.13813],[-66.9659,-26.16726],[-67.00181,-26.23299],[-66.99571,-26.25404],[-67.01096,-26.31055],[-67.03674,-26.33345],[-67.03398,-26.39747],[-67.06136,-26.39686],[-67.04601,-26.42072],[-67.0487,-26.50991],[-67.09048,-26.61366],[-67.11827,-26.60828],[-67.13944,-26.62891],[-67.15352,-26.62022],[-67.18257,-26.66794],[-67.281,-26.6953],[-67.28793,-26.71445],[-67.40163,-26.74651],[-67.46439,-26.78362],[-67.48937,-26.81871],[-67.48775,-26.86219],[-67.50721,-26.87635],[-67.52401,-26.92142],[-67.5419,-26.92968],[-67.53272,-26.88792],[-67.54573,-26.83472],[-67.59465,-26.81846],[-67.61385,-26.78708],[-67.67038,-26.80405],[-67.71991,-26.77522],[-67.76947,-26.80906],[-67.81698,-26.75994],[-67.82804,-26.77266],[-67.85468,-26.76911],[-67.84948,-26.79601],[-67.86685,-26.80447],[-67.91731,-26.7851],[-67.95803,-26.78799],[-68.01879,-26.75952],[-68.08738,-26.76119],[-68.12874,-26.78486],[-68.13955,-26.81795],[-68.1698,-26.82066],[-68.19754,-26.84649],[-68.21396,-26.80884],[-68.25384,-26.79381],[-68.31762,-26.82416],[-68.36225,-26.80282],[-68.58809,-26.49243],[-68.55836,-26.28737],[-68.38143,-26.17783],[-68.47734,-25.70164],[-68.54474,-25.63376],[-68.54075,-25.59615],[-68.51483,-25.57406],[-68.54304,-25.54896],[-68.53852,-25.50912],[-68.57255,-25.49445],[-68.58917,-25.44881],[-68.58988,-25.41443],[-68.57161,-25.41775],[-68.52387,-25.37892],[-68.51816,-25.34165],[-68.54594,-25.31222],[-68.52921,-25.29047],[-68.5485,-25.26219],[-68.53506,-25.23701],[-68.50933,-25.23167],[-68.50537,-25.16851]]]}},{"type":"Feature","properties":{"code":"10035","name":"Belén"},"geometry":{"type":"Polygon","coordinates":[[[-66.82653,-25.99569],[-66.78039,-26.04691],[-66.75727,-26.05013],[-66.72376,-26.07879],[-66.66087,-26.07666],[-66.66,-26.10648],[-66.57236,-26.17872],[-66.57598,-26.21067],[-66.55352,-26.26002],[-66.56025,-26.29477],[-66.53988,-26.35316],[-66.44531,-26.37441],[-66.45259,-26.44181],[-66.47991,-26.4964],[-66.45628,-26.51827],[-66.45954,-26.53415],[-66.47444,-26.54984],[-66.50813,-26.52726],[-66.54805,-26.53567],[-66.54997,-26.55604],[-66.56891,-26.56036],[-66.57569,-26.5815],[-66.59143,-26.6709],[-66.58082,-26.68496],[-66.60715,-26.68079],[-66.61395,-26.6966],[-66.60149,-26.7112],[-66.61348,-26.72761],[-66.6456,-26.7183],[-66.65726,-26.72925],[-66.65036,-26.73906],[-66.66762,-26.74664],[-66.65782,-26.7734],[-66.64336,-26.77777],[-66.65187,-26.78296],[-66.59878,-26.83355],[-66.61407,-26.84615],[-66.60841,-26.87063],[-66.5737,-26.89851],[-66.58655,-26.93005],[-66.57423,-26.94438],[-66.57676,-26.97996],[-66.61747,-27.03109],[-66.59571,-27.06137],[-66.59677,-27.08961],[-66.53665,-27.25439],[-66.5541,-27.2482],[-66.62318,-27.28159],[-66.6288,-27.30036],[-66.61267,-27.31495],[-66.62882,-27.33564],[-66.6141,-27.35754],[-66.63063,-27.37016],[-66.62937,-27.38721],[-66.60315,-27.40868],[-66.63154,-27.43709],[-66.6487,-27.49517],[-66.73524,-27.55187],[-66.70148,-27.58084],[-66.74288,-27.64124],[-66.71437,-27.6728],[-66.71498,-27.68913],[-66.7232,-27.68585],[-66.7106,-27.70369],[-66.73394,-27.71253],[-66.7484,-27.74508],[-66.77116,-27.75981],[-66.73881,-27.78946],[-66.74048,-28.03499],[-67.2311,-28.03139],[-67.26474,-28.05533],[-67.30397,-28.04229],[-67.32739,-28.05748],[-67.3544,-28.02341],[-67.32823,-27.9143],[-67.35443,-27.92248],[-67.3639,-27.83211],[-67.34801,-27.79325],[-67.31777,-27.78048],[-67.29441,-27.73463],[-67.33947,-27.68606],[-67.36048,-27.68495],[-67.3298,-27.63283],[-67.31859,-27.57706],[-67.23998,-27.46734],[-67.30031,-27.44024],[-67.30265,-27.42728],[-67.304,-27.40142],[-67.2857,-27.39841],[-67.30989,-27.37593],[-67.25851,-27.34953],[-67.29441,-27.30743],[-67.28748,-27.26702],[-67.27429,-27.261],[-67.2822,-27.23374],[-67.2672,-27.23003],[-67.2754,-27.17284],[-67.26481,-27.16618],[-67.29557,-27.0867],[-67.27796,-27.04773],[-67.27548,-26.99844],[-67.25063,-26.97562],[-67.25075,-26.94422],[-67.2306,-26.9205],[-67.20554,-26.92071],[-67.20265,-26.88538],[-67.17824,-26.87935],[-67.1492,-26.8373],[-67.22561,-26.73938],[-67.28494,-26.69968],[-67.18257,-26.66794],[-67.15352,-26.62022],[-67.13944,-26.62891],[-67.11827,-26.60828],[-67.09048,-26.61366],[-67.0487,-26.50991],[-67.04601,-26.42072],[-67.06136,-26.39686],[-67.03398,-26.39747],[-67.03674,-26.33345],[-67.01096,-26.31055],[-66.99571,-26.25404],[-67.00181,-26.23299],[-66.9659,-26.16726],[-66.96373,-26.13813],[-66.92232,-26.10131],[-66.90768,-26.11852],[-66.83982,-26.11099],[-66.84299,-26.09565],[-66.82411,-26.07568],[-66.87663,-25.99934],[-66.90502,-25.99319],[-66.91945,-25.9446],[-66.85235,-25.91862],[-66.84663,-25.97007],[-66.82653,-25.99569]]]}},{"type":"Feature","properties":{"code":"10042","name":"Capayán"},"geometry":{"type":"Polygon","coordinates":[[[-65.95158,-28.34096],[-65.93712,-28.43899],[-65.91946,-28.4377],[-65.8991,-28.48321],[-65.78555,-28.56161],[-65.80913,-28.63495],[-65.79418,-28.67033],[-65.85153,-28.74685],[-65.7354,-28.75844],[-65.69283,-28.78487],[-65.68713,-28.83203],[-65.64385,-28.90186],[-65.65212,-28.92916],[-65.60495,-29.0211],[-65.60633,-29.06935],[-65.58647,-29.09975],[-65.60959,-29.25316],[-65.59534,-29.27663],[-65.60273,-29.29703],[-65.54797,-29.41024],[-65.56139,-29.51784],[-65.5213,-29.60514],[-65.59054,-29.71824],[-65.71925,-29.40994],[-65.71726,-29.32861],[-65.74834,-29.26969],[-65.81619,-29.26985],[-65.81737,-29.17886],[-66.09972,-28.94442],[-66.40348,-28.85624],[-66.41116,-28.8163],[-66.39211,-28.82659],[-66.36586,-28.79786],[-66.3374,-28.80314],[-66.32374,-28.73467],[-66.30182,-28.72384],[-66.29787,-28.68108],[-66.27476,-28.66766],[-66.26507,-28.63095],[-66.24733,-28.63691],[-66.23084,-28.62301],[-66.21111,-28.63225],[-66.17892,-28.5815],[-66.18482,-28.56586],[-66.14881,-28.5467],[-66.13094,-28.50069],[-66.08424,-28.48353],[-66.0853,-28.45321],[-66.04976,-28.44961],[-66.05988,-28.36447],[-66.04705,-28.35234],[-65.95158,-28.34096]]]}},{"type":"Feature","properties":{"code":"10049","name":"Capital"},"geometry":{"type":"Polygon","coordinates":[[[-65.81217,-28.26642],[-65.76101,-28.38256],[-65.72852,-28.38715],[-65.72444,-28.43806],[-65.76978,-28.4873],[-65.79159,-28.55794],[-65.8991,-28.48321],[-65.91921,-28.43796],[-65.93814,-28.43734],[-65.94997,-28.39849],[-65.95151,-28.3374],[-65.89334,-28.32986],[-65.88706,-28.31871],[-65.87603,-28.33346],[-65.81217,-28.26642]]]}},{"type":"Feature","properties":{"code":"10056","name":"El Alto"},"geometry":{"type":"Polygon","coordinates":[[[-65.10516,-28.32216],[-65.09709,-28.47094],[-65.12589,-28.61147],[-65.18462,-28.60057],[-65.19987,-28.6209],[-65.21236,-28.60004],[-65.24816,-28.60718],[-65.28418,-28.60494],[-65.29035,-28.59009],[-65.34275,-28.59327],[-65.3574,-28.62772],[-65.38947,-28.63261],[-65.42699,-28.66877],[-65.45426,-28.66014],[-65.45392,-28.63666],[-65.61228,-28.59595],[-65.62044,-28.54662],[-65.60151,-28.52109],[-65.60014,-28.484],[-65.55914,-28.41858],[-65.55195,-28.37086],[-65.55482,-28.31547],[-65.57317,-28.28761],[-65.57205,-28.232],[-65.50725,-28.2308],[-65.5065,-28.24035],[-65.47008,-28.18798],[-65.42558,-28.19117],[-65.39115,-28.16955],[-65.4014,-28.20716],[-65.36276,-28.21673],[-65.33582,-28.19944],[-65.32983,-28.22187],[-65.30896,-28.20678],[-65.24592,-28.28804],[-65.19544,-28.28201],[-65.20305,-28.2976],[-65.17833,-28.30923],[-65.17745,-28.33297],[-65.10516,-28.32216]]]}},{"type":"Feature","properties":{"code":"10063","name":"Fray Mamerto Esquiú"},"geometry":{"type":"Polygon","coordinates":[[[-65.72351,-28.23831],[-65.70043,-28.31745],[-65.66494,-28.33585],[-65.66389,-28.42756],[-65.6833,-28.4492],[-65.72797,-28.42903],[-65.72852,-28.38715],[-65.76101,-28.38256],[-65.81453,-28.26302],[-65.79305,-28.24426],[-65.72351,-28.23831]]]}},{"type":"Feature","properties":{"code":"10070","name":"La Paz"},"geometry":{"type":"Polygon","coordinates":[[[-65.20971,-28.60423],[-65.19987,-28.6209],[-65.17061,-28.61839],[-65.17325,-28.63325],[-65.13652,-28.64688],[-65.12684,-28.71622],[-65.01663,-28.73781],[-64.97727,-28.7892],[-64.90113,-28.84131],[-64.9066,-28.93245],[-64.85984,-29.035],[-64.85449,-29.1974],[-64.8376,-29.22857],[-64.7812,-29.26545],[-64.83021,-29.27863],[-64.84259,-29.33374],[-64.78597,-29.4055],[-64.82594,-29.47365],[-64.82463,-29.5743],[-64.96405,-29.59609],[-64.93793,-29.84751],[-65.15827,-30.04727],[-65.42299,-30.1196],[-65.59054,-29.71824],[-65.5194,-29.60481],[-65.53622,-29.5157],[-65.51765,-29.48511],[-65.5321,-29.47185],[-65.50605,-29.39665],[-65.51669,-29.33618],[-65.51001,-29.28572],[-65.49348,-29.2646],[-65.50533,-29.24715],[-65.49965,-29.22862],[-65.47701,-29.2136],[-65.44826,-29.14967],[-65.41671,-29.14564],[-65.38345,-29.10346],[-65.36678,-28.935],[-65.30613,-28.82744],[-65.31114,-28.81627],[-65.3809,-28.79842],[-65.34108,-28.69709],[-65.31218,-28.70417],[-65.31539,-28.6327],[-65.28259,-28.6409],[-65.27021,-28.60309],[-65.20971,-28.60423]]]}},{"type":"Feature","properties":{"code":"10077","name":"Paclín"},"geometry":{"type":"Polygon","coordinates":[[[-65.71976,-27.80613],[-65.71931,-27.81627],[-65.70391,-27.80809],[-65.69886,-27.8896],[-65.66627,-27.97324],[-65.61814,-27.97145],[-65.6126,-27.99129],[-65.57633,-28.01412],[-65.56089,-28.00635],[-65.57652,-28.07959],[-65.56229,-28.12243],[-65.58574,-28.14744],[-65.56719,-28.239],[-65.57317,-28.28761],[-65.55248,-28.33321],[-65.56227,-28.42173],[-65.66579,-28.42202],[-65.66494,-28.33585],[-65.70102,-28.31638],[-65.74247,-28.20904],[-65.75595,-28.10208],[-65.79124,-28.04912],[-65.79101,-28.03334],[-65.76559,-28.01912],[-65.7839,-27.92638],[-65.80739,-27.88235],[-65.79942,-27.78819],[-65.75324,-27.76997],[-65.71976,-27.80613]]]}},{"type":"Feature","properties":{"code":"10084","name":"Pomán"},"geometry":{"type":"Polygon","coordinates":[[[-66.08404,-27.7827],[-66.0867,-27.82591],[-66.0701,-27.83784],[-66.05013,-27.90857],[-66.06731,-27.91813],[-66.06092,-27.92965],[-66.09637,-27.9765],[-66.07945,-27.98217],[-66.08729,-28.01488],[-66.04192,-28.10235],[-66.04546,-28.12663],[-66.02912,-28.13619],[-66.0394,-28.17517],[-66.02198,-28.19999],[-66.05652,-28.31087],[-66.04377,-28.34402],[-66.05988,-28.36447],[-66.06069,-28.39684],[-66.04307,-28.43863],[-66.05465,-28.45426],[-66.0853,-28.45321],[-66.08424,-28.48353],[-66.13094,-28.50069],[-66.14881,-28.5467],[-66.18482,-28.56586],[-66.17892,-28.5815],[-66.21111,-28.63225],[-66.23084,-28.62301],[-66.24733,-28.63691],[-66.26507,-28.63095],[-66.27476,-28.66766],[-66.29787,-28.68108],[-66.30182,-28.72384],[-66.32374,-28.73467],[-66.3374,-28.80314],[-66.36586,-28.79786],[-66.39519,-28.82685],[-66.4113,-28.81477],[-66.38858,-28.80137],[-66.35151,-28.72095],[-66.37866,-28.71335],[-66.396,-28.677],[-66.49622,-28.62229],[-66.49627,-28.53134],[-66.53093,-28.53145],[-66.51403,-28.46543],[-66.57081,-28.28863],[-66.99819,-28.25506],[-67.02065,-28.26135],[-67.02993,-28.25818],[-66.84457,-28.03465],[-66.74048,-28.03499],[-66.74025,-28.01911],[-66.49164,-28.02049],[-66.38511,-27.86912],[-66.26563,-27.86943],[-66.25426,-27.8245],[-66.18411,-27.82968],[-66.1524,-27.81052],[-66.10688,-27.80481],[-66.08404,-27.7827]]]}},{"type":"Feature","properties":{"code":"10091","name":"Santa María"},"geometry":{"type":"Polygon","coordinates":[[[-66.18681,-26.13609],[-66.17052,-26.13399],[-66.14229,-26.15934],[-66.09922,-26.21657],[-66.09409,-26.24859],[-66.12115,-26.27608],[-66.11913,-26.37697],[-66.15577,-26.39731],[-66.15484,-26.44367],[-66.17647,-26.46941],[-66.16389,-26.50181],[-66.17124,-26.63121],[-66.04219,-26.60037],[-65.83016,-26.74422],[-65.88145,-26.80617],[-65.87442,-26.81822],[-65.90047,-26.86379],[-65.85764,-26.90127],[-65.85779,-26.9292],[-65.8749,-26.93291],[-65.89119,-26.97515],[-65.9138,-26.98264],[-65.91712,-27.01488],[-65.96431,-27.0331],[-65.98971,-27.10484],[-66.00569,-27.10361],[-66.05491,-27.14534],[-66.07876,-27.20946],[-66.10995,-27.21552],[-66.1343,-27.24943],[-66.19406,-27.21896],[-66.25465,-27.15351],[-66.36697,-27.20095],[-66.45015,-27.13298],[-66.59017,-27.09865],[-66.59571,-27.06137],[-66.61747,-27.03109],[-66.57676,-26.97996],[-66.57423,-26.94438],[-66.58655,-26.93005],[-66.5737,-26.89851],[-66.60841,-26.87063],[-66.61407,-26.84615],[-66.59878,-26.83355],[-66.65187,-26.78296],[-66.64336,-26.77777],[-66.65782,-26.7734],[-66.66762,-26.74664],[-66.65036,-26.73906],[-66.65726,-26.72925],[-66.6456,-26.7183],[-66.61348,-26.72761],[-66.60149,-26.7112],[-66.61395,-26.6966],[-66.60715,-26.68079],[-66.58082,-26.68496],[-66.59143,-26.6709],[-66.57569,-26.5815],[-66.56891,-26.56036],[-66.54997,-26.55604],[-66.54805,-26.53567],[-66.50813,-26.52726],[-66.47444,-26.54984],[-66.45954,-26.53415],[-66.45628,-26.51827],[-66.47991,-26.4964],[-66.45259,-26.44181],[-66.44531,-26.37441],[-66.37477,-26.41264],[-66.36239,-26.36267],[-66.30196,-26.2707],[-66.29296,-26.22931],[-66.23039,-26.14968],[-66.20535,-26.13257],[-66.18681,-26.13609]]]}},{"type":"Feature","properties":{"code":"10098","name":"Santa Rosa"},"geometry":{"type":"Polygon","coordinates":[[[-65.36248,-27.84693],[-65.1708,-27.94646],[-65.11239,-28.18665],[-65.10516,-28.32216],[-65.17745,-28.33297],[-65.17833,-28.30923],[-65.20305,-28.2976],[-65.19544,-28.28201],[-65.24592,-28.28804],[-65.30896,-28.20678],[-65.32983,-28.22187],[-65.33582,-28.19944],[-65.36276,-28.21673],[-65.4014,-28.20716],[-65.39115,-28.16955],[-65.42558,-28.19117],[-65.47008,-28.18798],[-65.5065,-28.24035],[-65.50725,-28.2308],[-65.57204,-28.232],[-65.58574,-28.14744],[-65.56229,-28.12243],[-65.57652,-28.07959],[-65.55964,-27.99722],[-65.49845,-27.92277],[-65.36248,-27.84693]]]}},{"type":"Feature","properties":{"code":"10105","name":"Tinogasta"},"geometry":{"type":"Polygon","coordinates":[[[-67.27308,-26.70942],[-67.22561,-26.73938],[-67.1492,-26.8373],[-67.17824,-26.87935],[-67.20265,-26.88538],[-67.20554,-26.92071],[-67.2306,-26.9205],[-67.25075,-26.94422],[-67.25063,-26.97562],[-67.27548,-26.99844],[-67.27796,-27.04773],[-67.29495,-27.08291],[-67.26481,-27.16618],[-67.2754,-27.17284],[-67.2672,-27.23003],[-67.2822,-27.23374],[-67.27429,-27.261],[-67.28748,-27.26702],[-67.29441,-27.30743],[-67.25851,-27.34953],[-67.30989,-27.37593],[-67.2857,-27.39841],[-67.304,-27.40142],[-67.30265,-27.42728],[-67.30031,-27.44024],[-67.23998,-27.46734],[-67.31859,-27.57706],[-67.3298,-27.63283],[-67.36048,-27.68495],[-67.33947,-27.68606],[-67.29441,-27.73463],[-67.31777,-27.78048],[-67.34801,-27.79325],[-67.3635,-27.8294],[-67.35443,-27.92248],[-67.32823,-27.9143],[-67.34325,-27.94271],[-67.3512,-28.03481],[-67.32739,-28.05748],[-67.30397,-28.04229],[-67.26474,-28.05533],[-67.2311,-28.03139],[-66.84457,-28.03465],[-67.02617,-28.25886],[-67.07466,-28.27019],[-67.15544,-28.38441],[-67.37531,-28.38453],[-67.69146,-28.31183],[-67.7604,-28.32936],[-67.75683,-28.35415],[-67.79995,-28.34555],[-67.81321,-28.37168],[-67.84631,-28.37435],[-67.84157,-28.31653],[-67.89353,-28.26041],[-67.90598,-28.22942],[-67.89905,-28.21058],[-67.9121,-28.20851],[-67.91955,-28.17473],[-67.93244,-28.17478],[-67.92244,-28.17122],[-67.91437,-28.1137],[-68.02236,-28.12468],[-68.02462,-28.13932],[-68.05377,-28.13979],[-68.0715,-28.16252],[-68.10731,-28.17346],[-68.14122,-28.10184],[-68.16442,-28.11076],[-68.1831,-28.08602],[-68.24615,-28.07115],[-68.27471,-28.09506],[-68.29541,-28.0686],[-68.28619,-28.02649],[-68.33582,-28.0376],[-68.35168,-28.01721],[-68.39662,-28.00417],[-68.44,-28.02539],[-68.4567,-28.01559],[-68.44028,-27.87366],[-68.51408,-27.84256],[-68.53915,-27.78538],[-68.53292,-27.73355],[-68.54533,-27.70712],[-68.5827,-27.81986],[-68.6258,-27.79192],[-68.71934,-27.81515],[-68.73153,-27.80587],[-68.7236,-27.78905],[-68.79901,-27.75568],[-69.09495,-27.79657],[-69.08926,-27.72167],[-69.04318,-27.69748],[-69.04217,-27.67855],[-69.05905,-27.66431],[-69.0533,-27.62019],[-69.03883,-27.5951],[-68.97528,-27.56066],[-68.98763,-27.52379],[-68.94251,-27.52593],[-68.94859,-27.48819],[-68.9881,-27.45307],[-68.98032,-27.43191],[-68.9345,-27.44477],[-68.93034,-27.40952],[-68.88696,-27.3987],[-68.89277,-27.35776],[-68.86985,-27.31795],[-68.80844,-27.30083],[-68.86806,-27.26173],[-68.84373,-27.16112],[-68.8248,-27.14747],[-68.80678,-27.15267],[-68.77813,-27.09899],[-68.75109,-27.11235],[-68.67053,-27.09902],[-68.63135,-27.16331],[-68.6155,-27.17175],[-68.60032,-27.15919],[-68.57496,-27.17755],[-68.55702,-27.11512],[-68.54015,-27.10987],[-68.49434,-27.13667],[-68.48162,-27.12858],[-68.47274,-27.11084],[-68.4839,-27.05825],[-68.47581,-27.08402],[-68.45082,-27.09549],[-68.42883,-27.06433],[-68.40379,-27.06812],[-68.34664,-27.03345],[-68.29506,-27.03925],[-68.31876,-26.98164],[-68.29378,-26.95918],[-68.28942,-26.92411],[-68.26246,-26.91843],[-68.34829,-26.81394],[-68.31394,-26.82347],[-68.25384,-26.79381],[-68.21396,-26.80884],[-68.19754,-26.84649],[-68.1698,-26.82066],[-68.13955,-26.81795],[-68.12346,-26.77969],[-68.04059,-26.75662],[-67.86685,-26.80447],[-67.84948,-26.79601],[-67.85468,-26.76911],[-67.82804,-26.77266],[-67.81698,-26.75994],[-67.76947,-26.80906],[-67.71991,-26.77522],[-67.67038,-26.80405],[-67.61385,-26.78708],[-67.59465,-26.81846],[-67.54573,-26.83472],[-67.53272,-26.88792],[-67.5419,-26.92968],[-67.52401,-26.92142],[-67.50721,-26.87635],[-67.48775,-26.86219],[-67.48937,-26.81871],[-67.46439,-26.78362],[-67.40163,-26.74651],[-67.27308,-26.70942]]]}},{"type":"Feature","properties":{"code":"10112","name":"Valle Viejo"},"geometry":{"type":"Polygon","coordinates":[[[-65.56738,-28.43443],[-65.60403,-28.49338],[-65.60151,-28.52109],[-65.63135,-28.58313],[-65.62505,-28.6034],[-65.66363,-28.66407],[-65.66128,-28.68328],[-65.67504,-28.68855],[-65.65157,-28.78024],[-65.68375,-28.81685],[-65.68407,-28.83494],[-65.68989,-28.7887],[-65.71981,-28.76309],[-65.84898,-28.74945],[-65.79418,-28.67033],[-65.80913,-28.63594],[-65.80244,-28.59541],[-65.78971,-28.58548],[-65.76978,-28.4873],[-65.73051,-28.45522],[-65.72749,-28.42948],[-65.6845,-28.44941],[-65.66579,-28.42202],[-65.56227,-28.42173],[-65.56738,-28.43443]]]}},{"type":"Feature","properties":{"code":"14007","name":"Calamuchita"},"geometry":{"type":"Polygon","coordinates":[[[-64.32582,-31.79935],[-64.3151,-31.80241],[-64.31553,-31.8329],[-64.28647,-31.8324],[-64.28825,-31.94997],[-64.27477,-31.94498],[-64.27429,-31.91266],[-64.22344,-31.91244],[-64.27754,-32.14107],[-64.26372,-32.15859],[-64.29396,-32.18819],[-64.29348,-32.31822],[-64.24564,-32.32694],[-64.24569,-32.39011],[-64.32199,-32.37637],[-64.32495,-32.39881],[-64.4261,-32.37988],[-64.4485,-32.46696],[-64.45907,-32.48156],[-64.4875,-32.47655],[-64.52679,-32.6177],[-64.55009,-32.63082],[-64.5945,-32.61685],[-64.66319,-32.63205],[-64.88994,-32.57957],[-64.88287,-32.52972],[-64.91915,-32.48379],[-64.92984,-32.42325],[-64.92333,-32.32779],[-64.94141,-32.29834],[-64.9528,-32.3086],[-64.96137,-32.28197],[-64.92882,-31.90929],[-64.89494,-31.90693],[-64.83453,-31.86526],[-64.76044,-31.86658],[-64.73277,-31.88625],[-64.73119,-31.87718],[-64.71374,-31.88847],[-64.69148,-31.88034],[-64.65357,-31.89557],[-64.63923,-31.88462],[-64.63426,-31.89695],[-64.60914,-31.8966],[-64.58216,-31.87841],[-64.54732,-31.88088],[-64.55272,-31.86876],[-64.52743,-31.85206],[-64.5305,-31.83315],[-64.51535,-31.81613],[-64.50163,-31.83128],[-64.49427,-31.82319],[-64.49517,-31.84663],[-64.48344,-31.8512],[-64.47435,-31.83727],[-64.45909,-31.85255],[-64.43213,-31.84],[-64.42651,-31.8572],[-64.40539,-31.8373],[-64.3786,-31.84567],[-64.37018,-31.81748],[-64.35587,-31.82344],[-64.32977,-31.79136],[-64.32582,-31.79935]]]}},{"type":"Feature","properties":{"code":"14014","name":"Capital"},"geometry":{"type":"Polygon","coordinates":[[[-64.05738,-31.41929],[-64.05738,-31.52498],[-64.30979,-31.52498],[-64.30979,-31.30853],[-64.05738,-31.30853],[-64.05738,-31.41929]]]}},{"type":"Feature","properties":{"code":"14021","name":"Colón"},"geometry":{"type":"Polygon","coordinates":[[[-64.37487,-30.91138],[-64.34423,-30.93824],[-64.30679,-30.93352],[-64.28207,-30.95788],[-64.24173,-30.96877],[-64.20567,-30.96074],[-64.17929,-30.97625],[-64.03937,-30.9601],[-63.99062,-30.9437],[-63.99118,-30.9182],[-63.88799,-30.95297],[-63.8957,-31.01873],[-63.8231,-31.01814],[-63.8232,-31.07339],[-63.83949,-31.06972],[-63.83099,-31.09342],[-63.84454,-31.11197],[-63.8644,-31.11194],[-63.86335,-31.27277],[-63.95088,-31.27362],[-63.95077,-31.32082],[-63.93722,-31.32104],[-63.93627,-31.34961],[-63.95333,-31.34607],[-63.9521,-31.43969],[-63.97504,-31.45211],[-64.05564,-31.42196],[-64.05738,-31.30853],[-64.30979,-31.30853],[-64.30979,-31.36329],[-64.35109,-31.37134],[-64.41985,-31.35524],[-64.41823,-31.36737],[-64.43336,-31.37229],[-64.41474,-31.17559],[-64.44922,-31.06055],[-64.42965,-30.97259],[-64.43875,-30.91377],[-64.37487,-30.91138]]]}},{"type":"Feature","properties":{"code":"14028","name":"Cruz del Eje"},"geometry":{"type":"Polygon","coordinates":[[[-64.87082,-30.63453],[-64.71485,-30.63413],[-64.7147,-30.68994],[-64.6243,-30.69011],[-64.61974,-30.77122],[-64.67099,-30.82878],[-64.64469,-30.85623],[-64.64817,-30.92225],[-64.67453,-30.92191],[-64.67455,-30.94365],[-64.69986,-30.94942],[-64.67611,-30.97189],[-64.68738,-31.01782],[-64.64798,-31.0104],[-64.64272,-31.04522],[-64.67742,-31.07149],[-64.67752,-31.13726],[-64.70407,-31.17879],[-64.69626,-31.22397],[-64.71117,-31.26188],[-64.70051,-31.27762],[-64.73243,-31.31475],[-64.76353,-31.42473],[-64.83168,-31.41791],[-64.8316,-31.40904],[-64.92332,-31.41239],[-64.90949,-31.3993],[-64.89979,-31.346],[-64.90537,-31.22139],[-64.94025,-31.16704],[-65.02057,-31.10447],[-65.06839,-31.07021],[-65.09032,-31.08447],[-65.10298,-31.07751],[-65.11949,-31.02117],[-65.10941,-31.00211],[-65.15233,-30.94682],[-65.15812,-30.87428],[-65.33502,-30.88248],[-65.34817,-30.84625],[-65.34701,-30.73785],[-65.37348,-30.69318],[-65.59906,-30.65671],[-65.52524,-30.49082],[-65.42299,-30.1196],[-65.15827,-30.04727],[-64.98596,-29.89106],[-65.00187,-30.41852],[-65.06526,-30.41867],[-65.03347,-30.47506],[-64.87082,-30.63453]]]}},{"type":"Feature","properties":{"code":"14035","name":"General Roca"},"geometry":{"type":"Polygon","coordinates":[[[-65.10371,-33.97173],[-65.07555,-33.98931],[-65.06351,-33.97943],[-65.06143,-34.00622],[-65.02358,-34.00826],[-64.99733,-34.03739],[-64.9126,-34.04235],[-64.86945,-34.05183],[-64.85904,-34.06744],[-64.85128,-34.05594],[-64.81444,-34.06075],[-64.80582,-34.08395],[-64.78716,-34.09408],[-64.75976,-34.08386],[-64.70586,-34.12797],[-64.68715,-34.11571],[-64.6218,-34.17032],[-64.57826,-34.17081],[-64.54765,-34.19141],[-64.52083,-34.18208],[-64.4727,-34.19725],[-64.46678,-34.21058],[-64.42523,-34.20559],[-64.41052,-34.2223],[-64.39837,-34.20671],[-64.31764,-34.22633],[-64.29432,-34.21395],[-64.27793,-34.23101],[-64.19918,-34.24292],[-64.16551,-34.25735],[-64.1622,-34.37046],[-63.83494,-34.36424],[-63.82982,-34.54543],[-63.50154,-34.54484],[-63.5024,-34.52105],[-63.3853,-34.52964],[-63.38573,-35.00222],[-65.10676,-35.01533],[-65.10904,-33.95568],[-65.10371,-33.97173]]]}},{"type":"Feature","properties":{"code":"14042","name":"General San Martín"},"geometry":{"type":"Polygon","coordinates":[[[-63.09701,-32.00547],[-63.00631,-32.0215],[-63.00624,-32.03661],[-62.95116,-32.03643],[-62.95411,-32.04813],[-62.85118,-32.06053],[-62.87812,-32.15717],[-62.86147,-32.16055],[-62.92738,-32.39146],[-63.01743,-32.3703],[-63.02043,-32.38202],[-63.05316,-32.37642],[-63.06591,-32.42673],[-63.09237,-32.4179],[-63.0977,-32.43832],[-63.12648,-32.42233],[-63.16339,-32.4723],[-63.14658,-32.50608],[-63.08975,-32.51289],[-63.08105,-32.52588],[-63.10113,-32.54796],[-63.11806,-32.6161],[-63.0588,-32.63284],[-63.10332,-32.81103],[-63.05482,-32.81973],[-63.05585,-32.85705],[-63.09061,-32.85025],[-63.1098,-32.92319],[-63.13175,-32.9191],[-63.18019,-33.1025],[-63.30033,-33.08145],[-63.3166,-33.14326],[-63.33949,-33.14539],[-63.48134,-33.1189],[-63.45868,-33.03324],[-63.393,-33.04581],[-63.34538,-32.86131],[-63.40479,-32.85013],[-63.42081,-32.90983],[-63.52445,-32.87208],[-63.51314,-32.82931],[-63.55025,-32.82266],[-63.57677,-32.76939],[-63.56029,-32.7071],[-63.58138,-32.70314],[-63.49889,-32.39285],[-63.57244,-32.37882],[-63.54278,-32.26191],[-63.52584,-32.25821],[-63.51618,-32.22239],[-63.45931,-32.24741],[-63.37124,-32.19102],[-63.44772,-32.10373],[-63.40728,-32.08436],[-63.3587,-32.08791],[-63.20132,-32.04827],[-63.18592,-32.09596],[-63.11595,-32.00094],[-63.09701,-32.00547]]]}},{"type":"Feature","properties":{"code":"14049","name":"Ischilín"},"geometry":{"type":"Polygon","coordinates":[[[-64.27861,-30.17212],[-64.28324,-30.20189],[-64.35653,-30.1974],[-64.38536,-30.36271],[-64.3748,-30.37859],[-64.28372,-30.38876],[-64.29836,-30.46579],[-64.229,-30.5461],[-64.10155,-30.79989],[-64.1425,-30.78342],[-64.17319,-30.79541],[-64.21736,-30.79025],[-64.26201,-30.81276],[-64.41574,-30.77153],[-64.51402,-30.77149],[-64.51482,-30.70303],[-64.54423,-30.7038],[-64.5447,-30.69061],[-64.7147,-30.68994],[-64.71485,-30.63413],[-64.87529,-30.63423],[-65.03347,-30.47506],[-65.06526,-30.41867],[-65.00187,-30.41852],[-64.9894,-30.01506],[-64.29615,-30.08632],[-64.29871,-30.11407],[-64.26987,-30.11601],[-64.27861,-30.17212]]]}},{"type":"Feature","properties":{"code":"14056","name":"Juárez Celman"},"geometry":{"type":"Polygon","coordinates":[[[-63.55025,-32.82266],[-63.51314,-32.82931],[-63.52445,-32.87208],[-63.42081,-32.90983],[-63.40479,-32.85013],[-63.34538,-32.86131],[-63.393,-33.04581],[-63.45868,-33.03324],[-63.48134,-33.1189],[-63.33949,-33.14539],[-63.3166,-33.14326],[-63.30033,-33.08145],[-63.19097,-33.1006],[-63.21845,-33.24701],[-63.08166,-33.27276],[-63.22851,-33.83058],[-64.03599,-33.83282],[-64.03921,-33.6431],[-63.88538,-33.64329],[-63.89015,-33.19949],[-63.90376,-33.19283],[-63.90642,-33.20521],[-63.92692,-33.20695],[-63.94431,-33.19149],[-63.95549,-33.2016],[-63.96235,-33.19099],[-63.99578,-33.1963],[-64.02284,-33.17963],[-64.02683,-33.19246],[-64.04794,-33.19264],[-64.04883,-33.10968],[-63.99206,-33.11133],[-63.97658,-33.05428],[-64.07518,-33.04628],[-64.06384,-33.00052],[-64.04803,-33.00187],[-63.9774,-32.73769],[-63.90745,-32.70038],[-63.69992,-32.70977],[-63.72152,-32.79069],[-63.55025,-32.82266]]]}},{"type":"Feature","properties":{"code":"14063","name":"Marcos Juárez"},"geometry":{"type":"Polygon","coordinates":[[[-62.18214,-32.06368],[-62.19678,-32.11477],[-62.17888,-32.15942],[-62.12768,-32.20922],[-62.03789,-32.26291],[-62.01163,-32.34733],[-61.91451,-32.49466],[-61.91207,-32.52647],[-61.93057,-32.54451],[-61.90505,-32.55255],[-61.90248,-32.56862],[-61.92638,-32.58403],[-61.92059,-32.59428],[-61.89183,-32.59053],[-61.88949,-32.6108],[-61.94617,-32.65103],[-61.94663,-32.67848],[-61.90741,-32.69575],[-61.85799,-32.69455],[-61.8284,-32.75451],[-61.81015,-32.75937],[-61.78579,-32.79562],[-61.77769,-32.8304],[-61.79282,-32.87325],[-61.77155,-32.90146],[-61.791,-32.95841],[-61.78767,-33.0062],[-61.88875,-33.10599],[-61.92325,-33.11958],[-62.54427,-33.94323],[-62.80515,-33.896],[-62.77669,-33.77933],[-62.75337,-33.78347],[-62.64566,-33.35852],[-62.60334,-33.30135],[-62.68842,-33.28567],[-62.5749,-33.21152],[-62.52081,-33.12753],[-62.62523,-33.10796],[-62.5306,-33.04345],[-62.5078,-32.95275],[-62.54289,-32.94671],[-62.5159,-32.83704],[-62.45113,-32.84827],[-62.48739,-32.7643],[-62.49263,-32.78919],[-62.50381,-32.78216],[-62.4863,-32.67913],[-62.45627,-32.68469],[-62.39052,-32.43815],[-62.35448,-32.44463],[-62.34719,-32.41484],[-62.26601,-32.42905],[-62.24503,-32.32905],[-62.29908,-32.31953],[-62.29468,-32.30135],[-62.37595,-32.28748],[-62.33939,-32.13681],[-62.3065,-32.14208],[-62.28246,-32.04652],[-62.18214,-32.06368]]]}},{"type":"Feature","properties":{"code":"14070","name":"Minas"},"geometry":{"type":"Polygon","coordinates":[[[-65.59901,-30.65672],[-65.37348,-30.69318],[-65.34701,-30.73785],[-65.34817,-30.84625],[-65.33502,-30.88248],[-65.15812,-30.87428],[-65.15233,-30.94682],[-65.10941,-31.00211],[-65.11949,-31.02117],[-65.10298,-31.07751],[-65.09032,-31.08447],[-65.06839,-31.07021],[-64.94025,-31.16704],[-64.90537,-31.22139],[-64.89944,-31.27688],[-65.77104,-31.26141],[-65.77146,-31.04416],[-65.59901,-30.65672]]]}},{"type":"Feature","properties":{"code":"14077","name":"Pocho"},"geometry":{"type":"Polygon","coordinates":[[[-64.97126,-31.27525],[-64.89944,-31.27688],[-64.90949,-31.3993],[-64.92401,-31.41318],[-64.98592,-31.399],[-65.06651,-31.41353],[-65.12605,-31.43638],[-65.1335,-31.4506],[-65.17195,-31.45331],[-65.18206,-31.49039],[-65.16649,-31.49082],[-65.16652,-31.55958],[-65.25071,-31.56703],[-65.23681,-31.67548],[-65.26129,-31.67369],[-65.2734,-31.64983],[-65.39947,-31.64904],[-65.39927,-31.62013],[-65.46926,-31.61985],[-65.4701,-31.69103],[-65.48456,-31.69107],[-65.50223,-31.75937],[-65.7701,-31.74335],[-65.77104,-31.26141],[-64.97126,-31.27525]]]}},{"type":"Feature","properties":{"code":"14084","name":"Presidente Roque Sáenz Peña"},"geometry":{"type":"Polygon","coordinates":[[[-63.19319,-33.82258],[-62.54427,-33.94323],[-62.88391,-34.38655],[-63.38508,-34.38576],[-63.3853,-34.52964],[-63.5024,-34.52105],[-63.50154,-34.54484],[-63.82982,-34.54543],[-63.83494,-34.36424],[-64.1622,-34.37046],[-64.16551,-34.25735],[-64.20854,-34.2391],[-64.1602,-34.20841],[-64.08829,-34.19868],[-64.07674,-34.17903],[-64.03171,-34.17423],[-64.03483,-33.83283],[-63.19319,-33.82258]]]}},{"type":"Feature","properties":{"code":"14091","name":"Punilla"},"geometry":{"type":"Polygon","coordinates":[[[-64.5902,-30.69053],[-64.51482,-30.70303],[-64.51402,-30.77149],[-64.4254,-30.77757],[-64.44719,-30.83341],[-64.42965,-30.97259],[-64.44922,-31.06055],[-64.41481,-31.17388],[-64.41432,-31.21809],[-64.43215,-31.28264],[-64.43276,-31.38473],[-64.48002,-31.42021],[-64.54843,-31.55105],[-64.54803,-31.69098],[-64.5981,-31.70985],[-64.59981,-31.6939],[-64.63312,-31.69443],[-64.63949,-31.67831],[-64.66401,-31.69238],[-64.69339,-31.6711],[-64.72774,-31.67653],[-64.77244,-31.56011],[-64.75137,-31.51613],[-64.78377,-31.50463],[-64.79401,-31.4391],[-64.79296,-31.42469],[-64.76138,-31.42243],[-64.74917,-31.35429],[-64.72116,-31.28901],[-64.70051,-31.27762],[-64.71117,-31.26188],[-64.69626,-31.22397],[-64.70407,-31.17879],[-64.67752,-31.13726],[-64.67568,-31.06705],[-64.64306,-31.04587],[-64.64018,-31.0277],[-64.65249,-31.00939],[-64.68671,-31.01878],[-64.67611,-30.97189],[-64.69986,-30.94942],[-64.67455,-30.94365],[-64.67453,-30.92191],[-64.64817,-30.92225],[-64.64469,-30.85623],[-64.67095,-30.82849],[-64.61974,-30.77122],[-64.6243,-30.69011],[-64.5902,-30.69053]]]}},{"type":"Feature","properties":{"code":"14098","name":"Río Cuarto"},"geometry":{"type":"Polygon","coordinates":[[[-64.16323,-32.30616],[-63.98621,-32.32763],[-63.9886,-32.3609],[-63.92039,-32.37452],[-63.94413,-32.45872],[-63.97794,-32.47556],[-64.04401,-32.75036],[-63.97342,-32.72322],[-64.04803,-33.00187],[-64.06384,-33.00052],[-64.07518,-33.04628],[-63.97658,-33.05428],[-63.99206,-33.11133],[-64.04883,-33.10968],[-64.04794,-33.19264],[-64.02683,-33.19246],[-64.02284,-33.17963],[-63.99578,-33.1963],[-63.96235,-33.19099],[-63.95549,-33.2016],[-63.94431,-33.19149],[-63.92692,-33.20695],[-63.90642,-33.20521],[-63.90376,-33.19283],[-63.89015,-33.19949],[-63.88538,-33.64329],[-64.03921,-33.6431],[-64.03171,-34.17423],[-64.07674,-34.17903],[-64.08829,-34.19868],[-64.1602,-34.20841],[-64.20854,-34.2391],[-64.23925,-34.2389],[-64.28245,-34.22937],[-64.29432,-34.21395],[-64.31764,-34.22633],[-64.39837,-34.20671],[-64.41052,-34.2223],[-64.42523,-34.20559],[-64.46678,-34.21058],[-64.4727,-34.19725],[-64.52083,-34.18208],[-64.54765,-34.19141],[-64.57826,-34.17081],[-64.6218,-34.17032],[-64.68715,-34.11571],[-64.70586,-34.12797],[-64.75976,-34.08386],[-64.78716,-34.09408],[-64.80582,-34.08395],[-64.81444,-34.06075],[-64.85128,-34.05594],[-64.85904,-34.06744],[-64.86945,-34.05183],[-64.9126,-34.04235],[-64.99733,-34.03739],[-65.02358,-34.00826],[-65.06143,-34.00622],[-65.06351,-33.97943],[-65.07555,-33.98931],[-65.10435,-33.97143],[-65.143,-33.19477],[-65.0708,-33.13828],[-65.04491,-33.06251],[-64.9997,-33.00266],[-65.02231,-32.97304],[-64.99278,-32.94517],[-64.96306,-32.86325],[-64.97067,-32.80505],[-64.94462,-32.76734],[-64.94819,-32.72284],[-64.90946,-32.6854],[-64.92439,-32.65871],[-64.90992,-32.64217],[-64.92147,-32.62362],[-64.88994,-32.57957],[-64.66319,-32.63205],[-64.5945,-32.61685],[-64.55009,-32.63082],[-64.52679,-32.6177],[-64.4875,-32.47655],[-64.45907,-32.48156],[-64.4485,-32.46696],[-64.4261,-32.37988],[-64.32495,-32.39881],[-64.32199,-32.37637],[-64.24569,-32.39011],[-64.24586,-32.30822],[-64.16323,-32.30616]]]}},{"type":"Feature","properties":{"code":"14105","name":"Río Primero"},"geometry":{"type":"Polygon","coordinates":[[[-63.51681,-30.54682],[-63.35698,-30.57586],[-63.36504,-30.60944],[-63.20751,-30.63901],[-63.21364,-30.66208],[-63.03002,-30.69535],[-63.04043,-30.71293],[-63.02616,-30.70334],[-62.93242,-30.71994],[-62.92201,-30.73059],[-62.92943,-30.75221],[-62.90578,-30.78579],[-62.84227,-30.80501],[-62.84377,-30.82079],[-62.81529,-30.85046],[-62.83405,-30.93251],[-62.93376,-30.96746],[-62.95517,-31.0798],[-63.00994,-31.07188],[-63.04031,-31.13152],[-63.11963,-31.11722],[-63.13124,-31.16337],[-63.15392,-31.15946],[-63.17758,-31.28344],[-63.24592,-31.26482],[-63.26026,-31.33439],[-63.36561,-31.31506],[-63.35843,-31.36761],[-63.44962,-31.37535],[-63.48952,-31.40237],[-63.53063,-31.40328],[-63.53054,-31.41371],[-63.54748,-31.41409],[-63.57222,-31.47],[-63.61898,-31.49409],[-63.68077,-31.49291],[-63.69088,-31.52226],[-63.73525,-31.51579],[-63.89827,-31.54297],[-63.95435,-31.53538],[-63.95333,-31.34607],[-63.93627,-31.34961],[-63.93722,-31.32104],[-63.95077,-31.32082],[-63.95088,-31.27362],[-63.86335,-31.27277],[-63.8644,-31.11194],[-63.84454,-31.11197],[-63.83099,-31.09342],[-63.83949,-31.06972],[-63.8232,-31.07339],[-63.82011,-30.97157],[-63.76427,-30.97132],[-63.76442,-30.92778],[-63.72824,-30.93437],[-63.66238,-30.66703],[-63.59851,-30.67219],[-63.56504,-30.53403],[-63.51681,-30.54682]]]}},{"type":"Feature","properties":{"code":"14112","name":"Río Seco"},"geometry":{"type":"Polygon","coordinates":[[[-63.74841,-29.65328],[-63.719,-29.66622],[-63.6279,-29.655],[-63.46535,-29.66448],[-63.48047,-29.72555],[-63.4597,-29.72552],[-63.45962,-29.75693],[-62.80634,-29.83377],[-62.82923,-29.84159],[-62.83855,-29.86588],[-62.82028,-29.90394],[-62.79955,-29.90876],[-62.78585,-29.94002],[-62.79134,-29.96059],[-62.75362,-29.96642],[-62.72388,-29.99081],[-62.66237,-29.99926],[-62.65499,-30.00735],[-62.67474,-30.03519],[-62.65544,-30.05529],[-62.55648,-30.06279],[-62.56767,-30.12307],[-62.5968,-30.16574],[-62.59362,-30.25958],[-62.53453,-30.31202],[-62.52008,-30.3419],[-62.17379,-30.34531],[-62.15756,-30.39616],[-62.32145,-30.36789],[-62.32509,-30.51158],[-62.55047,-30.47011],[-62.52698,-30.3785],[-63.32544,-30.2304],[-63.34848,-30.32366],[-63.3809,-30.32147],[-63.38097,-30.27041],[-63.49253,-30.27218],[-63.4937,-30.18868],[-63.85859,-30.12477],[-63.88636,-30.09707],[-63.9353,-30.09278],[-63.94455,-30.02727],[-63.88738,-29.95649],[-63.88573,-29.90874],[-63.83495,-29.8769],[-63.80602,-29.79395],[-63.79134,-29.79503],[-63.76537,-29.70608],[-63.79222,-29.70425],[-63.79147,-29.6625],[-63.77921,-29.63934],[-63.74841,-29.65328]]]}},{"type":"Feature","properties":{"code":"14119","name":"Río Segundo"},"geometry":{"type":"Polygon","coordinates":[[[-63.2631,-31.33391],[-63.25978,-31.46465],[-63.22987,-31.47236],[-63.20342,-31.45904],[-63.18624,-31.46928],[-63.20674,-31.5531],[-63.18126,-31.54347],[-63.18679,-31.56367],[-63.16378,-31.56371],[-63.15269,-31.62296],[-63.11136,-31.62279],[-63.11166,-31.66528],[-63.05272,-31.66569],[-63.05243,-31.69247],[-63.03538,-31.69238],[-63.03554,-31.72343],[-63.01472,-31.72343],[-63.00971,-31.79998],[-62.98292,-31.79887],[-62.98247,-31.83359],[-62.96862,-31.8361],[-62.96393,-31.86745],[-62.94958,-31.86744],[-62.94941,-31.91972],[-62.89986,-31.96595],[-62.88176,-31.96611],[-62.88105,-32.01282],[-62.83859,-32.01134],[-62.85118,-32.06053],[-62.95411,-32.04813],[-62.95116,-32.03643],[-63.00624,-32.03661],[-63.00631,-32.0215],[-63.09701,-32.00547],[-63.08348,-31.95221],[-63.11148,-31.95894],[-63.12563,-31.9474],[-63.18259,-32.00156],[-63.21161,-32.0107],[-63.24445,-31.92484],[-63.34252,-31.94178],[-63.3481,-31.96384],[-63.42173,-31.9742],[-63.42439,-31.98398],[-63.55499,-31.98138],[-63.57001,-31.96423],[-63.6589,-32.02075],[-63.67761,-31.99906],[-63.67788,-32.03505],[-63.69969,-32.03546],[-63.69978,-31.98838],[-63.91895,-31.98699],[-63.91809,-31.8746],[-63.94687,-31.87444],[-63.94779,-31.75286],[-64.01055,-31.74996],[-64.02727,-31.76868],[-64.02911,-31.67746],[-64.01461,-31.656],[-63.98528,-31.65114],[-64.01661,-31.6204],[-63.93411,-31.55825],[-63.95675,-31.53647],[-63.89827,-31.54297],[-63.73525,-31.51579],[-63.69088,-31.52226],[-63.68077,-31.49291],[-63.61898,-31.49409],[-63.57222,-31.47],[-63.54748,-31.41409],[-63.53054,-31.41371],[-63.53063,-31.40328],[-63.48952,-31.40237],[-63.44962,-31.37535],[-63.35843,-31.36761],[-63.36561,-31.31506],[-63.2631,-31.33391]]]}},{"type":"Feature","properties":{"code":"14126","name":"San Alberto"},"geometry":{"type":"Polygon","coordinates":[[[-64.97518,-31.40264],[-64.80245,-31.41833],[-64.78377,-31.50463],[-64.75137,-31.51613],[-64.77244,-31.56011],[-64.71173,-31.69296],[-64.72686,-31.73537],[-64.75997,-31.75987],[-64.78352,-31.82665],[-64.88733,-31.82806],[-64.8847,-31.84671],[-64.92882,-31.90929],[-64.99561,-31.86],[-65.01872,-31.87859],[-65.04497,-31.87202],[-65.1057,-31.91578],[-65.25199,-31.9484],[-65.35227,-31.92061],[-65.35263,-31.90423],[-65.55064,-31.90692],[-65.55047,-31.89624],[-65.60585,-31.89546],[-65.60637,-31.90846],[-65.76982,-31.88861],[-65.7701,-31.74335],[-65.50223,-31.75937],[-65.48456,-31.69107],[-65.4701,-31.69103],[-65.46926,-31.61985],[-65.39927,-31.62013],[-65.39947,-31.64904],[-65.2734,-31.64983],[-65.26129,-31.67369],[-65.23681,-31.67548],[-65.25071,-31.56703],[-65.16652,-31.55958],[-65.16649,-31.49082],[-65.18206,-31.49039],[-65.17195,-31.45331],[-65.1335,-31.4506],[-65.12605,-31.43638],[-65.06651,-31.41353],[-64.97518,-31.40264]]]}},{"type":"Feature","properties":{"code":"14133","name":"San Javier"},"geometry":{"type":"Polygon","coordinates":[[[-64.99203,-31.86675],[-64.92882,-31.90929],[-64.94272,-32.01585],[-64.93356,-32.04772],[-64.96223,-32.22681],[-64.95156,-32.23753],[-64.96137,-32.28197],[-64.9528,-32.3086],[-64.97718,-32.32135],[-65.05685,-32.314],[-65.21205,-32.32674],[-65.21918,-32.27949],[-65.20833,-32.24918],[-65.23223,-32.20999],[-65.2249,-32.1678],[-65.24583,-32.08901],[-65.31629,-32.04017],[-65.60637,-31.90846],[-65.60585,-31.89546],[-65.55047,-31.89624],[-65.55064,-31.90692],[-65.35263,-31.90423],[-65.35227,-31.92061],[-65.25199,-31.9484],[-65.21041,-31.94239],[-65.20413,-31.93073],[-65.17988,-31.93971],[-65.17398,-31.9258],[-65.104,-31.91499],[-65.04497,-31.87202],[-65.01872,-31.87859],[-65.01047,-31.86456],[-64.99203,-31.86675]]]}},{"type":"Feature","properties":{"code":"14140","name":"San Justo"},"geometry":{"type":"Polygon","coordinates":[[[-62.15756,-30.39616],[-62.13065,-30.48043],[-61.84218,-30.74432],[-62.12349,-31.60541],[-62.24168,-31.69968],[-62.21809,-31.74057],[-62.22349,-31.88393],[-62.18889,-31.92231],[-62.1678,-31.98601],[-62.18214,-32.06368],[-62.32462,-32.03898],[-62.31627,-32.00436],[-62.52083,-31.96724],[-62.52896,-31.99889],[-62.61937,-31.98329],[-62.63563,-32.04721],[-62.83783,-32.00835],[-62.88105,-32.01282],[-62.88176,-31.96611],[-62.89986,-31.96595],[-62.94941,-31.91972],[-62.94958,-31.86744],[-62.96393,-31.86745],[-62.96862,-31.8361],[-62.98247,-31.83359],[-62.98292,-31.79887],[-63.00971,-31.79998],[-63.01472,-31.72343],[-63.03554,-31.72343],[-63.03538,-31.69238],[-63.05243,-31.69247],[-63.05272,-31.66569],[-63.11166,-31.66528],[-63.11136,-31.62279],[-63.15269,-31.62296],[-63.16378,-31.56371],[-63.18679,-31.56367],[-63.18126,-31.54347],[-63.20674,-31.5531],[-63.18624,-31.46928],[-63.20342,-31.45904],[-63.22987,-31.47236],[-63.25984,-31.4645],[-63.2631,-31.33391],[-63.24592,-31.26482],[-63.17758,-31.28344],[-63.15392,-31.15946],[-63.13124,-31.16337],[-63.11963,-31.11722],[-63.04031,-31.13152],[-63.00994,-31.07188],[-62.95517,-31.0798],[-62.93376,-30.96746],[-62.83405,-30.93251],[-62.81522,-30.8507],[-62.84377,-30.82079],[-62.84227,-30.80501],[-62.90578,-30.78579],[-62.93535,-30.71851],[-62.95762,-30.72091],[-62.97126,-30.70723],[-62.99458,-30.71674],[-63.01659,-30.70402],[-63.03971,-30.71296],[-63.04289,-30.70811],[-63.03002,-30.69535],[-63.00082,-30.69553],[-63.01127,-30.68693],[-62.98585,-30.67734],[-62.93731,-30.68352],[-62.95164,-30.67481],[-62.92661,-30.66499],[-62.91443,-30.63981],[-62.91234,-30.65873],[-62.87666,-30.66202],[-62.88461,-30.63528],[-62.77242,-30.60217],[-62.68527,-30.59266],[-62.67979,-30.56723],[-62.70431,-30.54881],[-62.65142,-30.51165],[-62.62918,-30.53258],[-62.55654,-30.52585],[-62.54513,-30.54418],[-62.55396,-30.54804],[-62.51431,-30.56414],[-62.44473,-30.56858],[-62.42859,-30.55449],[-62.33528,-30.57978],[-62.32145,-30.36789],[-62.15756,-30.39616]]]}},{"type":"Feature","properties":{"code":"14147","name":"Santa María"},"geometry":{"type":"Polygon","coordinates":[[[-64.30979,-31.36329],[-64.30979,-31.52498],[-64.05738,-31.52498],[-64.05738,-31.41929],[-64.00228,-31.44703],[-63.97358,-31.4519],[-63.9521,-31.43969],[-63.95675,-31.53647],[-63.93411,-31.55825],[-64.01661,-31.6204],[-63.98528,-31.65114],[-64.01461,-31.656],[-64.02911,-31.67746],[-64.02727,-31.76868],[-64.01055,-31.74996],[-63.94779,-31.75286],[-63.94687,-31.87444],[-63.91809,-31.8746],[-63.91929,-32.00983],[-63.97445,-31.99801],[-63.97379,-31.95175],[-64.0841,-31.95059],[-64.08451,-32.00465],[-64.24141,-32.00447],[-64.22344,-31.91244],[-64.27429,-31.91266],[-64.27477,-31.94498],[-64.28825,-31.94997],[-64.28647,-31.8324],[-64.31553,-31.8329],[-64.3151,-31.80241],[-64.32844,-31.7912],[-64.34626,-31.81714],[-64.38134,-31.82863],[-64.3786,-31.84567],[-64.40539,-31.8373],[-64.42651,-31.8572],[-64.44547,-31.83838],[-64.45956,-31.85254],[-64.47563,-31.83727],[-64.48557,-31.85103],[-64.49933,-31.84242],[-64.49455,-31.82292],[-64.50083,-31.83146],[-64.5039,-31.8167],[-64.52013,-31.81779],[-64.52743,-31.85206],[-64.55284,-31.86903],[-64.54732,-31.88088],[-64.58216,-31.87841],[-64.60914,-31.8966],[-64.63426,-31.89695],[-64.63923,-31.88462],[-64.65357,-31.89557],[-64.69148,-31.88034],[-64.71374,-31.88847],[-64.73119,-31.87718],[-64.73277,-31.88625],[-64.76044,-31.86658],[-64.83453,-31.86526],[-64.89494,-31.90693],[-64.92882,-31.90929],[-64.8847,-31.84671],[-64.88733,-31.82806],[-64.78352,-31.82665],[-64.75997,-31.75987],[-64.72686,-31.73537],[-64.72754,-31.71374],[-64.71265,-31.7012],[-64.7171,-31.67119],[-64.67776,-31.6758],[-64.66401,-31.69238],[-64.63949,-31.67831],[-64.63312,-31.69443],[-64.59981,-31.6939],[-64.5981,-31.70985],[-64.54803,-31.69098],[-64.55343,-31.56898],[-64.48002,-31.42021],[-64.43542,-31.38828],[-64.42245,-31.35556],[-64.35109,-31.37134],[-64.30979,-31.36329]]]}},{"type":"Feature","properties":{"code":"14154","name":"Sobremonte"},"geometry":{"type":"Polygon","coordinates":[[[-63.89431,-29.6286],[-63.87386,-29.63079],[-63.84191,-29.58077],[-63.81182,-29.57913],[-63.78377,-29.58417],[-63.79605,-29.61443],[-63.75615,-29.62155],[-63.74715,-29.64965],[-63.77921,-29.63934],[-63.79147,-29.6625],[-63.79222,-29.70425],[-63.76537,-29.70608],[-63.79134,-29.79503],[-63.80602,-29.79395],[-63.83495,-29.8769],[-63.88573,-29.90874],[-63.88738,-29.95649],[-63.94455,-30.02727],[-63.94342,-30.08558],[-64.17364,-30.06304],[-64.21069,-29.97807],[-64.41011,-29.93009],[-64.40518,-29.82762],[-64.49218,-29.82076],[-64.48938,-29.52813],[-64.27548,-29.49867],[-64.08226,-29.53013],[-63.9808,-29.55103],[-63.9578,-29.6235],[-63.89431,-29.6286]]]}},{"type":"Feature","properties":{"code":"14161","name":"Tercero Arriba"},"geometry":{"type":"Polygon","coordinates":[[[-63.09701,-32.00547],[-63.11595,-32.00094],[-63.18592,-32.09596],[-63.20132,-32.04827],[-63.3587,-32.08791],[-63.40728,-32.08436],[-63.44772,-32.10373],[-63.37124,-32.19102],[-63.45931,-32.24741],[-63.51618,-32.22239],[-63.52584,-32.25821],[-63.54278,-32.26191],[-63.57244,-32.37882],[-63.49889,-32.39285],[-63.58138,-32.70314],[-63.56029,-32.7071],[-63.57677,-32.76939],[-63.55025,-32.82266],[-63.72152,-32.79069],[-63.69992,-32.70977],[-63.90745,-32.70038],[-63.9774,-32.73769],[-63.97342,-32.72322],[-64.04401,-32.75036],[-63.97794,-32.47556],[-63.94413,-32.45872],[-63.92039,-32.37452],[-63.9886,-32.3609],[-63.98621,-32.32763],[-64.08942,-32.30813],[-64.24586,-32.30822],[-64.24564,-32.32694],[-64.29348,-32.31822],[-64.29396,-32.18819],[-64.26372,-32.15859],[-64.27754,-32.14107],[-64.24141,-32.00447],[-64.08451,-32.00465],[-64.0841,-31.95059],[-63.97379,-31.95175],[-63.97445,-31.99801],[-63.91929,-32.00983],[-63.91895,-31.98699],[-63.69978,-31.98838],[-63.69969,-32.03546],[-63.67788,-32.03505],[-63.67761,-31.99906],[-63.6589,-32.02075],[-63.57001,-31.96423],[-63.55499,-31.98138],[-63.42439,-31.98398],[-63.42173,-31.9742],[-63.3481,-31.96384],[-63.34252,-31.94178],[-63.24445,-31.92484],[-63.21161,-32.0107],[-63.18259,-32.00156],[-63.12563,-31.9474],[-63.11148,-31.95894],[-63.08348,-31.95221],[-63.09701,-32.00547]]]}},{"type":"Feature","properties":{"code":"14168","name":"Totoral"},"geometry":{"type":"Polygon","coordinates":[[[-63.93708,-30.4157],[-63.8471,-30.4166],[-63.8455,-30.51082],[-63.80238,-30.51026],[-63.7957,-30.56919],[-63.61545,-30.57192],[-63.60433,-30.52615],[-63.56504,-30.53403],[-63.59851,-30.67219],[-63.66238,-30.66703],[-63.72824,-30.93437],[-63.76442,-30.92778],[-63.76427,-30.97132],[-63.82011,-30.97157],[-63.82019,-31.01804],[-63.8957,-31.01873],[-63.88799,-30.95297],[-63.99118,-30.9182],[-63.99062,-30.9437],[-64.03937,-30.9601],[-64.17929,-30.97625],[-64.20567,-30.96074],[-64.24173,-30.96877],[-64.28207,-30.95788],[-64.30679,-30.93352],[-64.34423,-30.93824],[-64.37709,-30.90898],[-64.43875,-30.91377],[-64.44719,-30.83341],[-64.42811,-30.77293],[-64.26201,-30.81276],[-64.21736,-30.79025],[-64.17319,-30.79541],[-64.1425,-30.78342],[-64.10155,-30.79989],[-64.229,-30.5461],[-64.29826,-30.46372],[-64.08331,-30.46569],[-64.00559,-30.48322],[-63.99419,-30.45537],[-63.97922,-30.45868],[-63.96357,-30.41491],[-63.93708,-30.4157]]]}},{"type":"Feature","properties":{"code":"14175","name":"Tulumba"},"geometry":{"type":"Polygon","coordinates":[[[-64.49218,-29.82076],[-64.40518,-29.82762],[-64.41011,-29.93009],[-64.21069,-29.97807],[-64.17364,-30.06304],[-63.95368,-30.07701],[-63.93012,-30.09479],[-63.88636,-30.09707],[-63.85859,-30.12477],[-63.4937,-30.18868],[-63.49253,-30.27218],[-63.38097,-30.27041],[-63.3809,-30.32147],[-63.34848,-30.32366],[-63.32544,-30.2304],[-62.52698,-30.3785],[-62.55047,-30.47011],[-62.32509,-30.51158],[-62.32851,-30.57715],[-62.42859,-30.55449],[-62.44473,-30.56858],[-62.51431,-30.56414],[-62.55396,-30.54804],[-62.54513,-30.54418],[-62.55654,-30.52585],[-62.62918,-30.53258],[-62.65142,-30.51165],[-62.70431,-30.54881],[-62.67979,-30.56723],[-62.68527,-30.59266],[-62.77242,-30.60217],[-62.88461,-30.63528],[-62.87666,-30.66202],[-62.91234,-30.65873],[-62.91443,-30.63981],[-62.92661,-30.66499],[-62.95164,-30.67481],[-62.93731,-30.68352],[-62.98585,-30.67734],[-63.01127,-30.68693],[-63.00129,-30.69577],[-63.02544,-30.69678],[-63.21364,-30.66208],[-63.20751,-30.63901],[-63.36504,-30.60944],[-63.35698,-30.57586],[-63.60433,-30.52615],[-63.61545,-30.57192],[-63.7957,-30.56919],[-63.80238,-30.51026],[-63.8455,-30.51082],[-63.8471,-30.4166],[-63.96357,-30.41491],[-63.97922,-30.45868],[-63.99419,-30.45537],[-64.00559,-30.48322],[-64.08331,-30.46569],[-64.29826,-30.46372],[-64.28372,-30.38876],[-64.3748,-30.37859],[-64.3863,-30.34026],[-64.35653,-30.1974],[-64.28324,-30.20189],[-64.26987,-30.11601],[-64.29871,-30.11407],[-64.29615,-30.08632],[-64.9894,-30.01506],[-64.98596,-29.89106],[-64.93793,-29.84751],[-64.96405,-29.59609],[-64.48938,-29.52813],[-64.49218,-29.82076]]]}},{"type":"Feature","properties":{"code":"14182","name":"Unión"},"geometry":{"type":"Polygon","coordinates":[[[-62.28246,-32.04652],[-62.3065,-32.14208],[-62.33939,-32.13681],[-62.37595,-32.28748],[-62.29468,-32.30135],[-62.29908,-32.31953],[-62.24503,-32.32905],[-62.26601,-32.42905],[-62.34719,-32.41484],[-62.35448,-32.44463],[-62.39052,-32.43815],[-62.45627,-32.68469],[-62.4863,-32.67913],[-62.50381,-32.78216],[-62.49263,-32.78919],[-62.48739,-32.7643],[-62.45113,-32.84827],[-62.5159,-32.83704],[-62.54289,-32.94671],[-62.5078,-32.95275],[-62.5306,-33.04345],[-62.62523,-33.10796],[-62.52081,-33.12753],[-62.5749,-33.21152],[-62.68842,-33.28567],[-62.60334,-33.30135],[-62.64566,-33.35852],[-62.75337,-33.78347],[-62.77669,-33.77933],[-62.80515,-33.896],[-63.22471,-33.81526],[-63.08166,-33.27276],[-63.21845,-33.24701],[-63.2043,-33.19428],[-63.21528,-33.19204],[-63.13175,-32.9191],[-63.1098,-32.92319],[-63.09061,-32.85025],[-63.05585,-32.85705],[-63.05482,-32.81973],[-63.10332,-32.81103],[-63.0588,-32.63284],[-63.11806,-32.6161],[-63.10113,-32.54796],[-63.08105,-32.52588],[-63.08975,-32.51289],[-63.14658,-32.50608],[-63.16339,-32.4723],[-63.12648,-32.42233],[-63.0977,-32.43832],[-63.09237,-32.4179],[-63.06591,-32.42673],[-63.05316,-32.37642],[-63.02043,-32.38202],[-63.01743,-32.3703],[-62.92738,-32.39146],[-62.86147,-32.16055],[-62.87812,-32.15717],[-62.83783,-32.00835],[-62.63563,-32.04721],[-62.61937,-31.98329],[-62.52896,-31.99889],[-62.52083,-31.96724],[-62.31627,-32.00436],[-62.32462,-32.03898],[-62.28246,-32.04652]]]}},{"type":"Feature","properties":{"code":"18007","name":"Bella Vista"},"geometry":{"type":"Polygon","coordinates":[[[-59.00888,-28.18227],[-58.9923,-28.17289],[-58.98417,-28.19431],[-59.02035,-28.21217],[-59.01581,-28.25505],[-59.03256,-28.26687],[-58.95195,-28.30394],[-58.85956,-28.28051],[-58.85111,-28.25718],[-58.8137,-28.24098],[-58.75879,-28.33611],[-58.75372,-28.3839],[-58.70702,-28.40398],[-58.69717,-28.42],[-58.71339,-28.44128],[-58.6601,-28.51169],[-58.73615,-28.58844],[-58.85654,-28.63912],[-58.93255,-28.72898],[-58.922,-28.73104],[-58.92768,-28.74688],[-58.95772,-28.76337],[-58.95212,-28.77311],[-58.98724,-28.82292],[-59.04196,-28.81194],[-59.03835,-28.79329],[-59.11864,-28.77882],[-59.12235,-28.76884],[-59.14266,-28.77447],[-59.0786,-28.66749],[-59.10501,-28.63394],[-59.10072,-28.58009],[-59.04886,-28.49331],[-59.08598,-28.43597],[-59.07621,-28.36534],[-59.10346,-28.32882],[-59.10953,-28.22967],[-59.08768,-28.20177],[-59.06178,-28.193],[-59.05592,-28.21757],[-59.04036,-28.22205],[-59.03034,-28.19083],[-59.0116,-28.1874],[-59.02027,-28.17321],[-59.00888,-28.18227]]]}},{"type":"Feature","properties":{"code":"18014","name":"Berón de Astrada"},"geometry":{"type":"MultiPolygon","coordinates":[[[[-57.66282,-27.35272],[-57.60979,-27.39571],[-57.54351,-27.43297],[-57.50752,-27.4442],[-57.439,-27.43828],[-57.38771,-27.42156],[-57.40374,-27.51552],[-57.44763,-27.55788],[-57.45612,-27.58469],[-57.49336,-27.61352],[-57.51022,-27.61069],[-57.54853,-27.65106],[-57.57619,-27.64948],[-57.58412,-27.61456],[-57.57032,-27.60546],[-57.63978,-27.59748],[-57.63687,-27.57382],[-57.68951,-27.57296],[-57.68423,-27.49383],[-57.7906,-27.50571],[-57.83672,-27.482],[-57.87595,-27.43956],[-57.82798,-27.40116],[-57.75326,-27.40817],[-57.74236,-27.35563],[-57.78459,-27.36364],[-57.79352,-27.34148],[-57.70535,-27.32556],[-57.66282,-27.35272]]],[[[-57.56661,-27.38512],[-57.50245,-27.40332],[-57.40419,-27.4166],[-57.4656,-27.43165],[-57.47802,-27.43662],[-57.48435,-27.43552],[-57.49219,-27.4387],[-57.59341,-27.39245],[-57.56661,-27.38512]]],[[[-57.44887,-27.43222],[-57.45157,-27.43658],[-57.47295,-27.43856],[-57.4632,-27.43393],[-57.44887,-27.43222]]],[[[-57.54305,-27.42443],[-57.53946,-27.42779],[-57.55317,-27.41974],[-57.55194,-27.41953],[-57.54305,-27.42443]]],[[[-57.44413,-27.42941],[-57.45003,-27.43195],[-57.45481,-27.43092],[-57.44205,-27.42751],[-57.44413,-27.42941]]],[[[-57.48125,-27.43748],[-57.47992,-27.43849],[-57.48784,-27.43915],[-57.48412,-27.43612],[-57.48125,-27.43748]]],[[[-57.54105,-27.42953],[-57.54287,-27.4297],[-57.54839,-27.42649],[-57.54123,-27.42758],[-57.54105,-27.42953]]],[[[-57.56313,-27.41046],[-57.55719,-27.41414],[-57.5546,-27.41694],[-57.56456,-27.41053],[-57.56313,-27.41046]]],[[[-57.61078,-27.38333],[-57.61059,-27.38164],[-57.60579,-27.38121],[-57.60637,-27.38225],[-57.61078,-27.38333]]],[[[-57.47698,-27.43966],[-57.47868,-27.44],[-57.47929,-27.43884],[-57.47547,-27.43809],[-57.47698,-27.43966]]]]}},{"type":"Feature","properties":{"code":"18021","name":"Capital"},"geometry":{"type":"Polygon","coordinates":[[[-58.69498,-27.383],[-58.66338,-27.42267],[-58.67885,-27.47123],[-58.63637,-27.47461],[-58.62624,-27.50508],[-58.65342,-27.53224],[-58.66832,-27.61226],[-58.72724,-27.62721],[-58.7773,-27.66003],[-58.804,-27.65465],[-58.81668,-27.67497],[-58.88275,-27.60852],[-58.87102,-27.57127],[-58.8814,-27.49789],[-58.78101,-27.38178],[-58.70792,-27.36618],[-58.69498,-27.383]]]}},{"type":"Feature","properties":{"code":"18028","name":"Concepción"},"geometry":{"type":"Polygon","coordinates":[[[-57.75402,-27.99506],[-57.62757,-28.1362],[-57.6716,-28.16328],[-57.60472,-28.25299],[-57.68055,-28.31961],[-57.62934,-28.36912],[-57.65883,-28.41052],[-57.63983,-28.42378],[-57.63842,-28.46138],[-57.69065,-28.50132],[-57.61227,-28.59565],[-57.93979,-28.70372],[-58.1063,-28.71296],[-58.11097,-28.70035],[-58.18372,-28.74706],[-58.22169,-28.74606],[-58.22746,-28.7586],[-58.28156,-28.76929],[-58.30559,-28.79564],[-58.30737,-28.83293],[-58.42289,-28.74057],[-58.47621,-28.78025],[-58.50857,-28.78373],[-58.52827,-28.76993],[-58.54733,-28.71928],[-58.49042,-28.64681],[-58.50715,-28.61023],[-58.49976,-28.59022],[-58.41538,-28.53985],[-58.31182,-28.45108],[-58.43082,-28.30178],[-58.30697,-28.20558],[-58.1333,-28.12083],[-58.00741,-28.02767],[-57.7776,-27.97132],[-57.75402,-27.99506]]]}},{"type":"Feature","properties":{"code":"18035","name":"Curuzú Cuatiá"},"geometry":{"type":"Polygon","coordinates":[[[-58.56424,-29.04605],[-58.53366,-29.06561],[-58.52666,-29.09563],[-58.53641,-29.09437],[-58.49207,-29.1055],[-58.44156,-29.17286],[-58.40919,-29.19324],[-58.39091,-29.18886],[-58.37209,-29.22892],[-58.28239,-29.27501],[-58.1932,-29.40306],[-58.15067,-29.43942],[-58.11498,-29.44061],[-58.05607,-29.48052],[-58.01456,-29.48111],[-57.95231,-29.5359],[-57.89786,-29.54932],[-57.90327,-29.55833],[-57.86824,-29.60538],[-57.8717,-29.63125],[-57.80455,-29.71036],[-57.75624,-29.71421],[-57.7339,-29.74198],[-57.69306,-29.71376],[-57.65749,-29.72672],[-57.64696,-29.71701],[-57.6103,-29.74971],[-57.69096,-29.77054],[-57.67817,-29.81906],[-57.64642,-29.82736],[-57.68407,-29.83503],[-57.67274,-29.85835],[-57.70405,-29.85621],[-57.68748,-29.8985],[-57.70094,-29.93777],[-57.6789,-29.9409],[-57.68911,-29.96048],[-57.66559,-29.98448],[-57.63963,-29.98654],[-57.68767,-30.02499],[-57.74427,-29.9682],[-57.78721,-29.96605],[-57.81554,-29.94068],[-57.84295,-29.93601],[-57.91659,-29.83692],[-57.99838,-29.82234],[-58.03385,-29.85245],[-58.07085,-29.85967],[-58.07662,-29.89314],[-58.05457,-29.89661],[-58.04723,-29.95021],[-57.9924,-29.97856],[-58.05893,-30.10682],[-58.04773,-30.14031],[-58.02553,-30.14733],[-58.02262,-30.17343],[-58.04198,-30.24659],[-58.03282,-30.25841],[-58.05177,-30.29054],[-58.03764,-30.30757],[-58.05775,-30.33122],[-58.04789,-30.35044],[-58.07803,-30.37991],[-58.07257,-30.42519],[-58.14228,-30.40524],[-58.19195,-30.33563],[-58.20692,-30.28862],[-58.26219,-30.25567],[-58.2959,-30.246],[-58.34645,-30.27126],[-58.404,-30.24979],[-58.43705,-30.22167],[-58.45153,-30.22486],[-58.47016,-30.20304],[-58.49656,-30.20769],[-58.56367,-30.17919],[-58.57797,-30.16],[-58.5695,-30.15355],[-58.53948,-30.15237],[-58.50864,-30.11725],[-58.47262,-30.12294],[-58.44508,-30.09738],[-58.46875,-29.98972],[-58.50687,-29.964],[-58.53138,-29.92882],[-58.53754,-29.88108],[-58.59101,-29.83331],[-58.62906,-29.84621],[-58.69412,-29.83473],[-58.75287,-29.85816],[-58.70126,-29.78083],[-58.68292,-29.77212],[-58.71651,-29.72759],[-58.69683,-29.62921],[-58.7189,-29.6417],[-58.73067,-29.58921],[-58.77357,-29.56822],[-58.87429,-29.55176],[-58.85965,-29.47886],[-58.91006,-29.46828],[-58.88603,-29.41404],[-58.86868,-29.41235],[-58.87458,-29.38976],[-58.84496,-29.35039],[-58.86347,-29.34549],[-58.86116,-29.32879],[-58.83552,-29.32093],[-58.79223,-29.26919],[-58.80269,-29.26169],[-58.79416,-29.242],[-58.76226,-29.21774],[-58.75501,-29.19048],[-58.73023,-29.17872],[-58.71785,-29.13527],[-58.68734,-29.11803],[-58.68995,-29.1005],[-58.67364,-29.1032],[-58.6683,-29.08189],[-58.64755,-29.07957],[-58.64304,-29.06341],[-58.61873,-29.06724],[-58.61307,-29.05276],[-58.56424,-29.04605]]]}},{"type":"Feature","properties":{"code":"18042","name":"Empedrado"},"geometry":{"type":"Polygon","coordinates":[[[-58.62908,-27.61258],[-58.5964,-27.64704],[-58.60102,-27.7185],[-58.54411,-27.70446],[-58.54711,-27.72111],[-58.49754,-27.72819],[-58.50005,-27.75864],[-58.46747,-27.75647],[-58.46611,-27.78082],[-58.38586,-27.78487],[-58.39668,-27.8584],[-58.32826,-27.85288],[-58.32982,-27.86472],[-58.31656,-27.8662],[-58.32561,-27.90025],[-58.30392,-27.95338],[-58.40335,-27.99333],[-58.43883,-27.99438],[-58.46543,-27.97023],[-58.58082,-27.99535],[-58.63091,-28.02255],[-58.63857,-28.03901],[-58.6697,-28.04574],[-58.67294,-28.06489],[-58.68535,-28.06124],[-58.6972,-28.0819],[-58.73874,-28.0835],[-58.75587,-28.11248],[-58.7885,-28.1274],[-58.81758,-28.122],[-58.83516,-28.16689],[-58.8558,-28.17503],[-58.86815,-28.16511],[-58.87457,-28.17585],[-58.97607,-28.19468],[-58.9923,-28.17289],[-59.00888,-28.18227],[-59.01712,-28.17213],[-59.0116,-28.1874],[-59.03034,-28.19083],[-59.04416,-28.22336],[-59.06178,-28.193],[-59.08768,-28.20177],[-59.08763,-28.17177],[-59.06241,-28.12811],[-58.95297,-28.13711],[-58.85973,-28.05032],[-58.85774,-28.01161],[-58.82926,-27.96187],[-58.84401,-27.88045],[-58.80971,-27.78341],[-58.82441,-27.66939],[-58.81169,-27.67538],[-58.804,-27.65465],[-58.7773,-27.66003],[-58.72724,-27.62721],[-58.68751,-27.62437],[-58.65103,-27.6029],[-58.62908,-27.61258]]]}},{"type":"Feature","properties":{"code":"18049","name":"Esquina"},"geometry":{"type":"Polygon","coordinates":[[[-58.8636,-29.49851],[-58.87429,-29.55176],[-58.77357,-29.56822],[-58.73067,-29.58921],[-58.71791,-29.64479],[-58.87523,-29.72654],[-58.87804,-29.73863],[-58.85679,-29.74214],[-58.86232,-29.76016],[-58.91186,-29.80967],[-58.95436,-29.81567],[-58.9582,-29.83442],[-59.02544,-29.85147],[-59.07351,-30.09957],[-59.06941,-30.12856],[-59.05242,-30.13559],[-59.06912,-30.16508],[-59.12622,-30.1824],[-59.10986,-30.27962],[-59.13658,-30.28657],[-59.14358,-30.31713],[-59.17168,-30.31809],[-59.24169,-30.36574],[-59.27351,-30.35243],[-59.28827,-30.36188],[-59.2983,-30.34679],[-59.32373,-30.35424],[-59.34859,-30.32413],[-59.41965,-30.31574],[-59.44097,-30.32945],[-59.46403,-30.32432],[-59.46482,-30.33703],[-59.49021,-30.34433],[-59.55774,-30.33265],[-59.55684,-30.3523],[-59.56585,-30.34761],[-59.57466,-30.37097],[-59.57244,-30.40842],[-59.58777,-30.43482],[-59.60961,-30.42514],[-59.63217,-30.39064],[-59.63341,-30.36279],[-59.69345,-30.31312],[-59.71082,-30.27029],[-59.63658,-30.23746],[-59.61208,-30.10254],[-59.56948,-30.01901],[-59.55207,-30.00855],[-59.54557,-30.01655],[-59.51258,-29.97668],[-59.48705,-29.86691],[-59.41087,-29.81268],[-59.38205,-29.82444],[-59.3531,-29.80004],[-59.33311,-29.8166],[-59.30745,-29.80036],[-59.31414,-29.78581],[-59.2617,-29.78327],[-59.24934,-29.7663],[-59.1696,-29.73272],[-59.17124,-29.71832],[-59.13513,-29.70721],[-59.14434,-29.68503],[-59.08096,-29.65697],[-59.08839,-29.64691],[-59.07479,-29.6394],[-59.05644,-29.58048],[-58.96025,-29.5327],[-58.92543,-29.47371],[-58.85965,-29.47886],[-58.8636,-29.49851]]]}},{"type":"Feature","properties":{"code":"18056","name":"General Alvear"},"geometry":{"type":"Polygon","coordinates":[[[-56.48943,-28.4286],[-56.43005,-28.44095],[-56.36926,-28.52225],[-56.37593,-28.58937],[-56.36546,-28.6198],[-56.45066,-28.69332],[-56.41545,-28.70094],[-56.41269,-28.74603],[-56.38129,-28.76401],[-56.33904,-28.78262],[-56.29005,-28.77914],[-56.30629,-28.79283],[-56.29783,-28.88939],[-56.33241,-28.93134],[-56.38655,-28.95273],[-56.40991,-28.97765],[-56.41548,-29.0007],[-56.39877,-29.02581],[-56.41953,-29.07898],[-56.57855,-29.11661],[-56.60942,-29.09897],[-56.58074,-29.06751],[-56.58349,-29.05488],[-56.61031,-29.04556],[-56.60938,-29.0064],[-56.63885,-29.00479],[-56.64892,-28.98345],[-56.6399,-28.96848],[-56.66351,-28.96577],[-56.65421,-28.94039],[-56.67205,-28.90793],[-56.66228,-28.89577],[-56.68462,-28.87683],[-56.68243,-28.84091],[-56.69155,-28.84526],[-56.7042,-28.82191],[-56.69116,-28.79864],[-56.70302,-28.77532],[-56.68562,-28.7721],[-56.68667,-28.75317],[-56.70755,-28.7427],[-56.67183,-28.69098],[-56.65381,-28.69408],[-56.63998,-28.66507],[-56.67493,-28.63548],[-56.658,-28.60495],[-56.66982,-28.58424],[-56.65249,-28.56776],[-56.65855,-28.55796],[-56.62428,-28.53732],[-56.61279,-28.54297],[-56.59295,-28.5376],[-56.59693,-28.49296],[-56.5421,-28.43098],[-56.48943,-28.4286]]]}},{"type":"Feature","properties":{"code":"18063","name":"General Paz"},"geometry":{"type":"MultiPolygon","coordinates":[[[[-57.30974,-27.42086],[-57.2321,-27.46804],[-57.25456,-27.47355],[-57.22528,-27.49711],[-57.22845,-27.51186],[-57.30389,-27.55071],[-57.42287,-27.65356],[-57.49858,-27.6916],[-57.59328,-27.76637],[-57.73233,-27.93806],[-57.8043,-27.98493],[-57.91947,-28.00932],[-57.93824,-27.94112],[-57.98967,-27.96409],[-57.99443,-27.94521],[-58.02394,-27.95349],[-58.03541,-27.90337],[-58.08148,-27.90546],[-58.08975,-27.87151],[-58.03019,-27.8237],[-58.10482,-27.81158],[-58.22686,-27.84112],[-58.30405,-27.79534],[-58.14553,-27.69708],[-57.95409,-27.62561],[-57.92916,-27.57972],[-57.89254,-27.56337],[-57.8311,-27.48562],[-57.77616,-27.50928],[-57.68687,-27.49223],[-57.67764,-27.50222],[-57.68951,-27.57296],[-57.63687,-27.57382],[-57.63978,-27.59748],[-57.57032,-27.60546],[-57.58412,-27.61456],[-57.57619,-27.64948],[-57.54853,-27.65106],[-57.51022,-27.61069],[-57.49336,-27.61352],[-57.45612,-27.58469],[-57.44763,-27.55788],[-57.40374,-27.51552],[-57.38771,-27.42156],[-57.33286,-27.40943],[-57.30974,-27.42086]]],[[[-57.22151,-27.4642],[-57.23234,-27.46344],[-57.2393,-27.45666],[-57.23297,-27.45747],[-57.22151,-27.4642]]]]}},{"type":"Feature","properties":{"code":"18070","name":"Goya"},"geometry":{"type":"Polygon","coordinates":[[[-59.14426,-29.05033],[-59.13757,-29.07899],[-59.11799,-29.06623],[-59.11687,-29.08155],[-59.02654,-29.08998],[-59.01893,-29.06499],[-58.94453,-29.08007],[-58.94262,-29.07138],[-58.78798,-29.11233],[-58.83062,-29.17406],[-58.84655,-29.1739],[-58.86914,-29.2224],[-58.85836,-29.25513],[-58.81327,-29.23836],[-58.79223,-29.26919],[-58.83552,-29.32093],[-58.86116,-29.32879],[-58.86347,-29.34549],[-58.84442,-29.34847],[-58.87458,-29.38976],[-58.86868,-29.41235],[-58.88603,-29.41404],[-58.95791,-29.5306],[-59.05644,-29.58048],[-59.07479,-29.6394],[-59.08839,-29.64691],[-59.08096,-29.65697],[-59.14434,-29.68503],[-59.13513,-29.70721],[-59.17124,-29.71832],[-59.1696,-29.73272],[-59.24934,-29.7663],[-59.2617,-29.78327],[-59.3124,-29.78497],[-59.30745,-29.80036],[-59.33311,-29.8166],[-59.3531,-29.80004],[-59.38205,-29.82444],[-59.40906,-29.81195],[-59.47409,-29.85186],[-59.51337,-29.97813],[-59.54557,-30.01655],[-59.55207,-30.00855],[-59.56948,-30.01901],[-59.6047,-29.90267],[-59.65967,-29.84318],[-59.61755,-29.77584],[-59.61398,-29.66876],[-59.59018,-29.56978],[-59.57995,-29.45985],[-59.60428,-29.39474],[-59.51979,-29.34319],[-59.50063,-29.24352],[-59.40207,-29.2169],[-59.34677,-29.11435],[-59.2753,-29.09957],[-59.2344,-29.07143],[-59.21187,-29.07867],[-59.2115,-29.09444],[-59.19476,-29.0912],[-59.18343,-29.0598],[-59.16404,-29.06611],[-59.14426,-29.05033]]]}},{"type":"Feature","properties":{"code":"18077","name":"Itatí"},"geometry":{"type":"MultiPolygon","coordinates":[[[[-57.97099,-27.27499],[-57.93231,-27.26411],[-57.89134,-27.26772],[-57.86242,-27.2786],[-57.82409,-27.33049],[-57.79352,-27.34148],[-57.78824,-27.36258],[-57.74236,-27.35563],[-57.75326,-27.40817],[-57.82798,-27.40116],[-57.87595,-27.43956],[-57.98083,-27.40286],[-58.11835,-27.40246],[-58.22031,-27.44337],[-58.33744,-27.41337],[-58.32493,-27.35997],[-58.30373,-27.36228],[-58.36075,-27.28336],[-58.24674,-27.26152],[-58.19134,-27.28083],[-58.0265,-27.25903],[-57.97099,-27.27499]],[[-57.90335,-27.27382],[-57.91058,-27.2744],[-57.91287,-27.27664],[-57.89824,-27.27752],[-57.86239,-27.29436],[-57.90335,-27.27382]],[[-57.90672,-27.29055],[-57.8959,-27.28811],[-57.89473,-27.28032],[-57.91839,-27.28246],[-57.90672,-27.29055]],[[-57.95291,-27.27601],[-57.93943,-27.27729],[-57.94487,-27.28617],[-57.92393,-27.27524],[-57.95291,-27.27601]],[[-57.94228,-27.26892],[-57.92674,-27.26881],[-57.92148,-27.26698],[-57.93007,-27.26534],[-57.94228,-27.26892]],[[-57.92188,-27.27263],[-57.91773,-27.27616],[-57.91354,-27.2739],[-57.91793,-27.27427],[-57.92188,-27.27263]]],[[[-57.82595,-27.3026],[-57.77523,-27.315],[-57.76895,-27.32111],[-57.81945,-27.3187],[-57.82595,-27.3026]]],[[[-57.75255,-27.32016],[-57.74152,-27.32331],[-57.75212,-27.32792],[-57.78277,-27.32782],[-57.79809,-27.32502],[-57.79408,-27.32573],[-57.79136,-27.32401],[-57.78707,-27.32563],[-57.75255,-27.32016]]],[[[-58.22305,-27.25624],[-58.21535,-27.25862],[-58.20412,-27.25965],[-58.1967,-27.25914],[-58.19082,-27.26246],[-58.18788,-27.2631],[-58.18477,-27.26332],[-58.18369,-27.26294],[-58.18309,-27.26136],[-58.17048,-27.26922],[-58.21135,-27.26318],[-58.22305,-27.25624]]],[[[-58.30364,-27.26246],[-58.31784,-27.2725],[-58.33556,-27.27342],[-58.32165,-27.26257],[-58.30364,-27.26246]]],[[[-58.1502,-27.25799],[-58.13857,-27.26555],[-58.178,-27.25927],[-58.15643,-27.25586],[-58.1502,-27.25799]]],[[[-58.22467,-27.2549],[-58.1894,-27.2577],[-58.18384,-27.26183],[-58.19681,-27.25887],[-58.21473,-27.25844],[-58.22467,-27.2549]]],[[[-57.82147,-27.31831],[-57.83728,-27.3073],[-57.83882,-27.29783],[-57.82702,-27.30907],[-57.82147,-27.31831]]],[[[-58.29162,-27.26643],[-58.30133,-27.27159],[-58.31214,-27.27169],[-58.30039,-27.26581],[-58.29162,-27.26643]]],[[[-57.8146,-27.32068],[-57.78783,-27.32061],[-57.78413,-27.32254],[-57.78696,-27.32534],[-57.79025,-27.32373],[-57.79218,-27.32408],[-57.79459,-27.32527],[-57.81848,-27.32012],[-57.8146,-27.32068]]],[[[-58.33267,-27.26627],[-58.33769,-27.27377],[-58.3456,-27.27481],[-58.34144,-27.26944],[-58.33267,-27.26627]]],[[[-58.23278,-27.25982],[-58.224,-27.26211],[-58.24408,-27.25397],[-58.23581,-27.25869],[-58.23278,-27.25982]]],[[[-58.08589,-27.26205],[-58.09368,-27.26626],[-58.10004,-27.2663],[-58.09052,-27.25987],[-58.08589,-27.26205]]],[[[-57.81778,-27.32495],[-57.80631,-27.32555],[-57.8026,-27.32785],[-57.82048,-27.32457],[-57.81778,-27.32495]]],[[[-57.78402,-27.33042],[-57.77221,-27.32942],[-57.7691,-27.33017],[-57.77917,-27.33315],[-57.78483,-27.33222],[-57.78682,-27.32855],[-57.78402,-27.33042]]],[[[-58.19732,-27.26924],[-58.18768,-27.26989],[-58.18453,-27.27252],[-58.20073,-27.26895],[-58.19732,-27.26924]]],[[[-58.32973,-27.26373],[-58.33515,-27.26402],[-58.32407,-27.26136],[-58.325,-27.26205],[-58.32973,-27.26373]]],[[[-58.29343,-27.25628],[-58.28824,-27.25622],[-58.28642,-27.25658],[-58.29138,-27.26012],[-58.29953,-27.25564],[-58.29343,-27.25628]]],[[[-58.1655,-27.27416],[-58.16873,-27.27404],[-58.16978,-27.2698],[-58.165,-27.2714],[-58.1655,-27.27416]]],[[[-58.35773,-27.27492],[-58.36128,-27.2747],[-58.34907,-27.2718],[-58.35111,-27.27401],[-58.35773,-27.27492]]],[[[-58.1921,-27.27771],[-58.19411,-27.27943],[-58.19979,-27.27706],[-58.19778,-27.27596],[-58.1921,-27.27771]]],[[[-58.26291,-27.25969],[-58.26382,-27.26125],[-58.26771,-27.26129],[-58.26564,-27.25969],[-58.26291,-27.25969]]]]}},{"type":"Feature","properties":{"code":"18084","name":"Ituzaingó"},"geometry":{"type":"MultiPolygon","coordinates":[[[[-56.03242,-27.31639],[-56.02462,-27.33842],[-56.03991,-27.34922],[-56.02889,-27.38285],[-56.04322,-27.40499],[-56.03694,-27.41519],[-56.05542,-27.42069],[-56.0545,-27.45121],[-56.02664,-27.50728],[-55.9789,-27.5402],[-55.82554,-27.79166],[-55.8463,-27.83244],[-55.82712,-27.8546],[-55.83598,-27.88977],[-55.81308,-27.93187],[-55.88554,-28.02072],[-55.87465,-27.95823],[-55.91496,-27.89839],[-55.94642,-27.91534],[-55.98467,-27.90659],[-56.04734,-27.84542],[-56.1069,-27.82786],[-56.13167,-27.83391],[-56.15208,-27.79864],[-56.21761,-27.78363],[-56.22932,-27.76957],[-56.24499,-27.79844],[-56.23969,-27.81897],[-56.26638,-27.82871],[-56.26081,-27.86235],[-56.28494,-27.88656],[-56.32187,-27.87854],[-56.31354,-27.89437],[-56.33495,-27.91063],[-56.34135,-27.93539],[-56.42563,-27.88053],[-56.46788,-27.93946],[-56.62243,-27.84935],[-56.66338,-27.95268],[-56.77954,-28.08066],[-56.87529,-28.22999],[-57.30296,-28.56412],[-57.36612,-28.57932],[-57.61227,-28.59565],[-57.69065,-28.50132],[-57.63982,-28.4648],[-57.64429,-28.41973],[-57.62842,-28.39898],[-57.51794,-28.34559],[-57.44206,-28.26985],[-57.39833,-28.1483],[-57.41278,-28.06934],[-57.35462,-27.93461],[-57.25406,-27.86647],[-57.19469,-27.80737],[-57.17924,-27.75414],[-57.11671,-27.70624],[-57.09683,-27.66506],[-56.94539,-27.57341],[-56.95272,-27.53512],[-56.93191,-27.5666],[-56.85328,-27.60523],[-56.79406,-27.58686],[-56.73739,-27.60373],[-56.686,-27.57694],[-56.67736,-27.56002],[-56.71705,-27.49694],[-56.71878,-27.46456],[-56.69103,-27.45434],[-56.6496,-27.4608],[-56.60355,-27.43142],[-56.55673,-27.45678],[-56.48705,-27.56368],[-56.42438,-27.60292],[-56.38884,-27.60602],[-56.35616,-27.58589],[-56.33837,-27.52403],[-56.29369,-27.49414],[-56.28413,-27.45978],[-56.29496,-27.42298],[-56.28423,-27.40849],[-56.23757,-27.40239],[-56.15192,-27.32874],[-56.07522,-27.30703],[-56.03242,-27.31639]]],[[[-56.91483,-27.42354],[-56.87176,-27.43044],[-56.76403,-27.50256],[-56.7294,-27.50196],[-56.73797,-27.55058],[-56.84042,-27.59618],[-56.87158,-27.58346],[-56.8879,-27.55494],[-56.90306,-27.5374],[-56.91207,-27.53148],[-56.93278,-27.52678],[-56.94364,-27.51785],[-56.95244,-27.51477],[-56.97011,-27.49273],[-57.03207,-27.48065],[-56.91483,-27.42354]]],[[[-56.70526,-27.56331],[-56.73424,-27.59143],[-56.7839,-27.58269],[-56.76137,-27.57749],[-56.75605,-27.57477],[-56.742,-27.56351],[-56.74009,-27.56349],[-56.73404,-27.55873],[-56.71693,-27.51994],[-56.69967,-27.53652],[-56.70576,-27.55742],[-56.70526,-27.56331]]],[[[-56.95694,-27.51605],[-56.94616,-27.52506],[-56.92591,-27.53537],[-56.91073,-27.53905],[-56.89413,-27.55172],[-56.87599,-27.58357],[-56.90085,-27.56943],[-56.91961,-27.56257],[-56.93237,-27.53511],[-56.95199,-27.52331],[-56.95694,-27.51605]]],[[[-56.69959,-27.57816],[-56.70668,-27.58077],[-56.69332,-27.54506],[-56.68607,-27.56089],[-56.69959,-27.57816]]],[[[-56.35707,-27.51788],[-56.36473,-27.53363],[-56.3712,-27.53853],[-56.36744,-27.52041],[-56.35707,-27.51788]]],[[[-56.94473,-27.53584],[-56.931,-27.54867],[-56.93002,-27.5571],[-56.94152,-27.54612],[-56.94473,-27.53584]]],[[[-56.92849,-27.53036],[-56.91199,-27.5329],[-56.90788,-27.53865],[-56.9246,-27.53469],[-56.92849,-27.53036]]],[[[-56.92109,-27.56308],[-56.90218,-27.57029],[-56.89907,-27.57314],[-56.9128,-27.57092],[-56.92109,-27.56308]]],[[[-56.93879,-27.52484],[-56.94781,-27.52228],[-56.95482,-27.5149],[-56.94276,-27.52044],[-56.93879,-27.52484]]],[[[-56.32933,-27.50122],[-56.3432,-27.5085],[-56.3443,-27.50799],[-56.3207,-27.49547],[-56.32933,-27.50122]]],[[[-56.77472,-27.57627],[-56.77222,-27.5722],[-56.75618,-27.56944],[-56.75872,-27.57136],[-56.76404,-27.57206],[-56.77472,-27.57627]]],[[[-56.75401,-27.57028],[-56.76008,-27.57512],[-56.77222,-27.57644],[-56.76717,-27.57341],[-56.75401,-27.57028]]],[[[-56.71627,-27.57928],[-56.71851,-27.58551],[-56.73299,-27.59268],[-56.72273,-27.58574],[-56.71627,-27.57928]]],[[[-56.73184,-27.53299],[-56.73118,-27.52757],[-56.7261,-27.51971],[-56.72584,-27.52537],[-56.73184,-27.53299]]],[[[-56.75908,-27.59105],[-56.75339,-27.5921],[-56.74942,-27.59346],[-56.74911,-27.59396],[-56.75908,-27.59105]]],[[[-56.93977,-27.53549],[-56.93708,-27.53788],[-56.93389,-27.54408],[-56.94678,-27.53269],[-56.93977,-27.53549]]],[[[-56.70136,-27.55255],[-56.70123,-27.55839],[-56.70374,-27.56356],[-56.70503,-27.5584],[-56.70136,-27.55255]]],[[[-56.73076,-27.54245],[-56.73192,-27.5366],[-56.72945,-27.53338],[-56.72761,-27.53742],[-56.73076,-27.54245]]],[[[-56.87428,-27.5825],[-56.86358,-27.58762],[-56.86224,-27.58876],[-56.87196,-27.58654],[-56.87428,-27.5825]]],[[[-56.86162,-27.59213],[-56.8552,-27.5929],[-56.85571,-27.59483],[-56.86625,-27.59188],[-56.86162,-27.59213]]],[[[-56.78162,-27.57299],[-56.78896,-27.57624],[-56.78947,-27.57567],[-56.78452,-27.57165],[-56.78162,-27.57299]]],[[[-56.71034,-27.58133],[-56.71182,-27.58195],[-56.70668,-27.57508],[-56.70607,-27.57774],[-56.71034,-27.58133]]],[[[-56.90364,-27.54157],[-56.90589,-27.54055],[-56.90736,-27.53566],[-56.90351,-27.53785],[-56.90364,-27.54157]]],[[[-56.76593,-27.56987],[-56.76808,-27.56907],[-56.76105,-27.56759],[-56.76245,-27.5688],[-56.76593,-27.56987]]],[[[-56.94522,-27.53075],[-56.93928,-27.53251],[-56.93789,-27.53443],[-56.94562,-27.53197],[-56.94522,-27.53075]]],[[[-56.73917,-27.5621],[-56.74197,-27.56167],[-56.73684,-27.55856],[-56.73613,-27.56007],[-56.73917,-27.5621]]],[[[-56.68982,-27.5698],[-56.6903,-27.57218],[-56.69367,-27.57442],[-56.69086,-27.57004],[-56.68982,-27.5698]]],[[[-56.93127,-27.5275],[-56.92891,-27.52783],[-56.92751,-27.52875],[-56.93406,-27.52754],[-56.93127,-27.5275]]]]}},{"type":"Feature","properties":{"code":"18091","name":"Lavalle"},"geometry":{"type":"Polygon","coordinates":[[[-59.12015,-28.77314],[-59.03835,-28.79329],[-59.04196,-28.81194],[-58.89635,-28.8412],[-58.70874,-28.95121],[-58.60009,-29.04918],[-58.61873,-29.06724],[-58.64531,-29.06467],[-58.67364,-29.1032],[-58.68905,-29.09952],[-58.68734,-29.11803],[-58.71785,-29.13527],[-58.73023,-29.17872],[-58.76303,-29.19988],[-58.76226,-29.21774],[-58.78647,-29.23098],[-58.79753,-29.25764],[-58.81327,-29.23836],[-58.85836,-29.25513],[-58.86914,-29.2224],[-58.84655,-29.1739],[-58.83062,-29.17406],[-58.78798,-29.11233],[-58.94262,-29.07138],[-58.94453,-29.08007],[-59.01893,-29.06499],[-59.02654,-29.08998],[-59.11687,-29.08155],[-59.11799,-29.06623],[-59.13757,-29.07899],[-59.14426,-29.05033],[-59.16404,-29.06611],[-59.18343,-29.0598],[-59.19294,-29.09021],[-59.2115,-29.09444],[-59.21187,-29.07867],[-59.2344,-29.07143],[-59.19972,-29.03154],[-59.20947,-28.96897],[-59.15807,-28.87736],[-59.16045,-28.79479],[-59.14261,-28.77443],[-59.12015,-28.77314]]]}},{"type":"Feature","properties":{"code":"18098","name":"Mburucuyá"},"geometry":{"type":"Polygon","coordinates":[[[-58.0912,-27.81539],[-58.0243,-27.82603],[-58.08975,-27.87151],[-58.08148,-27.90546],[-58.03541,-27.90337],[-58.02394,-27.95349],[-57.99443,-27.94521],[-57.98967,-27.96409],[-57.93824,-27.94112],[-57.91947,-28.00932],[-58.01542,-28.03178],[-58.1333,-28.12083],[-58.31625,-28.2134],[-58.36848,-28.14334],[-58.33459,-28.11839],[-58.43883,-27.99438],[-58.3901,-27.99097],[-58.36361,-27.97115],[-58.26774,-27.94577],[-58.19468,-27.90118],[-58.16378,-27.9016],[-58.14791,-27.85705],[-58.16853,-27.82962],[-58.0912,-27.81539]]]}},{"type":"Feature","properties":{"code":"18105","name":"Mercedes"},"geometry":{"type":"Polygon","coordinates":[[[-57.21562,-28.49937],[-57.16976,-28.57232],[-57.1799,-28.58484],[-57.1644,-28.63133],[-57.1756,-28.8183],[-57.271,-28.95714],[-57.35137,-29.02764],[-57.43033,-29.06815],[-57.45814,-29.12058],[-57.48175,-29.13263],[-57.48161,-29.1465],[-57.50224,-29.14922],[-57.5092,-29.17607],[-57.54675,-29.2126],[-57.53868,-29.25942],[-57.58223,-29.32224],[-57.5789,-29.33405],[-57.56564,-29.3306],[-57.5691,-29.34736],[-57.52889,-29.37329],[-57.54178,-29.3985],[-57.52151,-29.40397],[-57.53412,-29.41199],[-57.53617,-29.43994],[-57.50321,-29.44925],[-57.5219,-29.46591],[-57.52079,-29.50436],[-57.50617,-29.51673],[-57.51537,-29.5251],[-57.50799,-29.56594],[-57.54179,-29.59344],[-57.53547,-29.61214],[-57.54929,-29.62246],[-57.54387,-29.6469],[-57.55821,-29.67371],[-57.59951,-29.67511],[-57.58787,-29.68935],[-57.60675,-29.70551],[-57.60104,-29.7234],[-57.61329,-29.7446],[-57.64696,-29.71701],[-57.65749,-29.72672],[-57.69306,-29.71376],[-57.7339,-29.74198],[-57.75624,-29.71421],[-57.80455,-29.71036],[-57.8717,-29.63125],[-57.86824,-29.60538],[-57.90327,-29.55833],[-57.89786,-29.54932],[-57.95231,-29.5359],[-58.01456,-29.48111],[-58.05607,-29.48052],[-58.11498,-29.44061],[-58.15027,-29.43971],[-58.1932,-29.40306],[-58.24911,-29.31524],[-58.308,-29.25235],[-58.35206,-29.24115],[-58.37209,-29.22892],[-58.39091,-29.18886],[-58.40919,-29.19324],[-58.44156,-29.17286],[-58.49207,-29.1055],[-58.53641,-29.09437],[-58.52666,-29.09563],[-58.53366,-29.06561],[-58.55943,-29.05868],[-58.55944,-29.04662],[-58.60078,-29.05047],[-58.58213,-29.02269],[-58.57168,-29.02661],[-58.56071,-28.9851],[-58.53396,-28.98882],[-58.53299,-28.96524],[-58.49776,-28.9392],[-58.50221,-28.92434],[-58.47899,-28.93142],[-58.46213,-28.91621],[-58.45166,-28.93054],[-58.43464,-28.92164],[-58.42086,-28.93123],[-58.38102,-28.91633],[-58.37773,-28.8929],[-58.34023,-28.8823],[-58.33784,-28.85959],[-58.30435,-28.8379],[-58.30559,-28.79564],[-58.28156,-28.76929],[-58.22746,-28.7586],[-58.22169,-28.74606],[-58.18372,-28.74706],[-58.11097,-28.70035],[-58.1063,-28.71296],[-57.93979,-28.70372],[-57.61227,-28.59565],[-57.32939,-28.57366],[-57.21562,-28.49937]]]}},{"type":"Feature","properties":{"code":"18112","name":"Monte Caseros"},"geometry":{"type":"Polygon","coordinates":[[[-57.9754,-29.8215],[-57.91577,-29.83738],[-57.84295,-29.93601],[-57.81554,-29.94068],[-57.78721,-29.96605],[-57.74427,-29.9682],[-57.69322,-30.02499],[-57.67048,-30.00599],[-57.60913,-30.0208],[-57.57612,-30.00815],[-57.56176,-30.02257],[-57.56692,-30.04235],[-57.58896,-30.04264],[-57.60131,-30.05973],[-57.56078,-30.07582],[-57.61102,-30.08732],[-57.62328,-30.10543],[-57.61442,-30.16352],[-57.6556,-30.15371],[-57.62822,-30.17446],[-57.65355,-30.19628],[-57.61524,-30.25447],[-57.64292,-30.3419],[-57.88961,-30.51068],[-57.8873,-30.58757],[-57.84655,-30.62054],[-57.84337,-30.65955],[-57.80897,-30.69527],[-57.80951,-30.73019],[-57.84375,-30.72166],[-57.85483,-30.69465],[-57.89478,-30.66941],[-57.97485,-30.64734],[-57.98023,-30.6294],[-58.03332,-30.59793],[-58.03702,-30.5679],[-58.06913,-30.54491],[-58.0579,-30.49371],[-58.0738,-30.48177],[-58.07952,-30.45513],[-58.06848,-30.43553],[-58.08223,-30.40159],[-58.06837,-30.3611],[-58.04789,-30.35044],[-58.05775,-30.33122],[-58.03764,-30.30757],[-58.05177,-30.29054],[-58.03282,-30.25841],[-58.04198,-30.24659],[-58.02262,-30.17343],[-58.02553,-30.14733],[-58.04773,-30.14031],[-58.05893,-30.10682],[-57.9924,-29.97856],[-58.04723,-29.95021],[-58.05457,-29.89661],[-58.07662,-29.89314],[-58.07472,-29.87673],[-58.07085,-29.85967],[-57.9754,-29.8215]]]}},{"type":"Feature","properties":{"code":"18119","name":"Paso de los Libres"},"geometry":{"type":"Polygon","coordinates":[[[-57.50842,-29.17769],[-57.47667,-29.18255],[-57.42774,-29.22732],[-57.28638,-29.24632],[-57.13448,-29.24494],[-57.10087,-29.25742],[-56.94976,-29.20105],[-56.86668,-29.20164],[-56.86109,-29.30186],[-56.84858,-29.32386],[-56.86375,-29.39385],[-56.85266,-29.42567],[-56.86818,-29.44169],[-56.86916,-29.47012],[-56.83865,-29.49822],[-56.89992,-29.53339],[-56.96958,-29.60502],[-56.96824,-29.63911],[-57.00587,-29.65612],[-57.03018,-29.69176],[-57.11022,-29.757],[-57.1699,-29.78116],[-57.22995,-29.77916],[-57.28947,-29.82535],[-57.32783,-29.88326],[-57.32604,-29.96501],[-57.34293,-30],[-57.40854,-30.03202],[-57.47424,-30.11977],[-57.54904,-30.16602],[-57.59989,-30.17921],[-57.62822,-30.17446],[-57.6556,-30.15371],[-57.61442,-30.16352],[-57.62328,-30.10543],[-57.61102,-30.08732],[-57.56078,-30.07582],[-57.60131,-30.05973],[-57.58896,-30.04264],[-57.56692,-30.04235],[-57.56223,-30.02065],[-57.57789,-30.0079],[-57.60913,-30.0208],[-57.65701,-30.01257],[-57.66246,-30.00286],[-57.63963,-29.98654],[-57.66559,-29.98448],[-57.68911,-29.96048],[-57.6789,-29.9409],[-57.70094,-29.93777],[-57.68748,-29.8985],[-57.70405,-29.85621],[-57.67274,-29.85835],[-57.68407,-29.83503],[-57.64642,-29.82736],[-57.67817,-29.81906],[-57.69032,-29.76911],[-57.60993,-29.75134],[-57.62059,-29.74262],[-57.58787,-29.68935],[-57.59951,-29.67511],[-57.55821,-29.67371],[-57.54387,-29.6469],[-57.54929,-29.62246],[-57.53547,-29.61214],[-57.54179,-29.59344],[-57.50799,-29.56594],[-57.51537,-29.5251],[-57.50617,-29.51673],[-57.52079,-29.50436],[-57.5219,-29.46591],[-57.50321,-29.44925],[-57.53617,-29.43994],[-57.53412,-29.41199],[-57.52151,-29.40397],[-57.54178,-29.3985],[-57.52889,-29.37329],[-57.5691,-29.34736],[-57.56564,-29.3306],[-57.5789,-29.33405],[-57.58223,-29.32178],[-57.53868,-29.25942],[-57.54675,-29.2126],[-57.50842,-29.17769]]]}},{"type":"Feature","properties":{"code":"18126","name":"Saladas"},"geometry":{"type":"Polygon","coordinates":[[[-58.45797,-27.97616],[-58.33459,-28.11839],[-58.36848,-28.14334],[-58.31625,-28.2134],[-58.44803,-28.31278],[-58.46043,-28.33667],[-58.49048,-28.33894],[-58.51049,-28.36388],[-58.54521,-28.37658],[-58.60018,-28.45735],[-58.6531,-28.50853],[-58.71339,-28.44128],[-58.69717,-28.42],[-58.70702,-28.40398],[-58.75372,-28.3839],[-58.75879,-28.33611],[-58.8137,-28.24098],[-58.85111,-28.25718],[-58.85956,-28.28051],[-58.95195,-28.30394],[-59.03256,-28.26687],[-59.01624,-28.25641],[-59.02136,-28.21414],[-59.01129,-28.2066],[-58.95512,-28.1836],[-58.94366,-28.19266],[-58.92135,-28.17681],[-58.83559,-28.16726],[-58.81758,-28.122],[-58.7885,-28.1274],[-58.75587,-28.11248],[-58.73874,-28.0835],[-58.6972,-28.0819],[-58.68535,-28.06124],[-58.67294,-28.06489],[-58.6697,-28.04574],[-58.63857,-28.03901],[-58.59298,-28.00139],[-58.51491,-27.97704],[-58.45797,-27.97616]]]}},{"type":"Feature","properties":{"code":"18133","name":"San Cosme"},"geometry":{"type":"MultiPolygon","coordinates":[[[[-58.41966,-27.28945],[-58.36257,-27.28434],[-58.30373,-27.36228],[-58.32493,-27.35997],[-58.33744,-27.41337],[-58.35546,-27.39787],[-58.41381,-27.4089],[-58.45134,-27.40003],[-58.45544,-27.41679],[-58.49107,-27.4299],[-58.48082,-27.44967],[-58.48865,-27.47446],[-58.51916,-27.49109],[-58.54849,-27.48739],[-58.58985,-27.51881],[-58.62698,-27.51316],[-58.63637,-27.47461],[-58.67885,-27.47123],[-58.66338,-27.42267],[-58.70792,-27.36618],[-58.66879,-27.35909],[-58.61649,-27.31863],[-58.51572,-27.29103],[-58.49702,-27.27136],[-58.41966,-27.28945]]],[[[-58.42327,-27.27015],[-58.42037,-27.27965],[-58.42201,-27.28063],[-58.43113,-27.26823],[-58.42327,-27.27015]]],[[[-58.61195,-27.31685],[-58.61309,-27.31328],[-58.6071,-27.31285],[-58.60902,-27.31614],[-58.61195,-27.31685]]],[[[-58.4206,-27.28098],[-58.41395,-27.2811],[-58.41312,-27.28159],[-58.41821,-27.2832],[-58.4206,-27.28098]]],[[[-58.43771,-27.26772],[-58.43653,-27.27075],[-58.44171,-27.26704],[-58.44106,-27.26564],[-58.43771,-27.26772]]],[[[-58.4574,-27.27295],[-58.4626,-27.27182],[-58.46332,-27.27085],[-58.45788,-27.2717],[-58.4574,-27.27295]]]]}},{"type":"Feature","properties":{"code":"18140","name":"San Luis del Palmar"},"geometry":{"type":"Polygon","coordinates":[[[-58.34317,-27.40781],[-58.22031,-27.44337],[-58.12852,-27.40335],[-57.98083,-27.40286],[-57.87595,-27.43956],[-57.8311,-27.48562],[-57.89254,-27.56337],[-57.92916,-27.57972],[-57.95409,-27.62561],[-58.14553,-27.69708],[-58.30405,-27.79534],[-58.24281,-27.83758],[-58.16853,-27.82962],[-58.14791,-27.85705],[-58.16332,-27.90131],[-58.19468,-27.90118],[-58.29309,-27.95403],[-58.30392,-27.95338],[-58.32561,-27.90025],[-58.31656,-27.8662],[-58.32982,-27.86472],[-58.32826,-27.85288],[-58.39668,-27.8584],[-58.38586,-27.78487],[-58.46611,-27.78082],[-58.46747,-27.75647],[-58.50005,-27.75864],[-58.49754,-27.72819],[-58.54711,-27.72111],[-58.54411,-27.70446],[-58.60102,-27.7185],[-58.5964,-27.64704],[-58.60583,-27.63017],[-58.64537,-27.60347],[-58.66832,-27.61226],[-58.64617,-27.51739],[-58.58233,-27.51688],[-58.54849,-27.48739],[-58.51916,-27.49109],[-58.48865,-27.47446],[-58.48082,-27.44967],[-58.49107,-27.4299],[-58.45544,-27.41679],[-58.44934,-27.3993],[-58.41381,-27.4089],[-58.35546,-27.39787],[-58.34317,-27.40781]]]}},{"type":"Feature","properties":{"code":"18147","name":"San Martín"},"geometry":{"type":"Polygon","coordinates":[[[-56.78739,-28.26071],[-56.6406,-28.26273],[-56.63807,-28.29287],[-56.56933,-28.29952],[-56.54597,-28.3343],[-56.5203,-28.33902],[-56.52924,-28.35978],[-56.51007,-28.38826],[-56.51918,-28.4104],[-56.54235,-28.41696],[-56.54186,-28.44037],[-56.5565,-28.44255],[-56.59693,-28.49296],[-56.59295,-28.5376],[-56.62428,-28.53732],[-56.65855,-28.55796],[-56.65249,-28.56776],[-56.66982,-28.58424],[-56.658,-28.60495],[-56.67493,-28.63548],[-56.63998,-28.66507],[-56.65381,-28.69408],[-56.67183,-28.69098],[-56.70755,-28.7427],[-56.68667,-28.75317],[-56.68562,-28.7721],[-56.70302,-28.77532],[-56.69116,-28.79864],[-56.7042,-28.82191],[-56.69155,-28.84526],[-56.68243,-28.84091],[-56.68462,-28.87683],[-56.66228,-28.89577],[-56.67205,-28.90793],[-56.65421,-28.94039],[-56.66351,-28.96577],[-56.6399,-28.96848],[-56.64892,-28.98345],[-56.63885,-29.00479],[-56.60938,-29.0064],[-56.61031,-29.04556],[-56.58349,-29.05488],[-56.58074,-29.06751],[-56.60942,-29.09897],[-56.57855,-29.11661],[-56.64541,-29.1993],[-56.64958,-29.27241],[-56.70394,-29.36224],[-56.76746,-29.38256],[-56.77886,-29.43645],[-56.83865,-29.49822],[-56.86916,-29.47012],[-56.86818,-29.44169],[-56.85266,-29.42567],[-56.86375,-29.39385],[-56.84858,-29.32386],[-56.86109,-29.30186],[-56.86668,-29.20164],[-56.94976,-29.20105],[-57.10087,-29.25742],[-57.13448,-29.24494],[-57.28638,-29.24632],[-57.42774,-29.22732],[-57.47667,-29.18255],[-57.51507,-29.16753],[-57.45814,-29.12058],[-57.43033,-29.06815],[-57.35137,-29.02764],[-57.271,-28.95714],[-57.17868,-28.82659],[-57.1644,-28.63133],[-57.1799,-28.58484],[-57.16976,-28.57232],[-57.21562,-28.49937],[-56.88093,-28.23503],[-56.78739,-28.26071]]]}},{"type":"Feature","properties":{"code":"18154","name":"San Miguel"},"geometry":{"type":"Polygon","coordinates":[[[-57.20741,-27.47286],[-57.12055,-27.49345],[-57.03647,-27.4806],[-56.97431,-27.49523],[-56.94424,-27.57204],[-57.09683,-27.66506],[-57.11671,-27.70624],[-57.17924,-27.75414],[-57.19469,-27.80737],[-57.25406,-27.86647],[-57.35462,-27.93461],[-57.41278,-28.06934],[-57.39833,-28.1483],[-57.44206,-28.26985],[-57.51043,-28.34025],[-57.58985,-28.37517],[-57.64429,-28.41973],[-57.65883,-28.41052],[-57.62934,-28.36912],[-57.68055,-28.31961],[-57.60472,-28.25299],[-57.6716,-28.16328],[-57.62757,-28.1362],[-57.7776,-27.97132],[-57.72687,-27.93218],[-57.59328,-27.76637],[-57.49858,-27.6916],[-57.42287,-27.65356],[-57.30389,-27.55071],[-57.22845,-27.51186],[-57.22528,-27.49711],[-57.25456,-27.47355],[-57.20741,-27.47286]]]}},{"type":"Feature","properties":{"code":"18161","name":"San Roque"},"geometry":{"type":"Polygon","coordinates":[[[-58.30737,-28.83293],[-58.3429,-28.86603],[-58.34023,-28.8823],[-58.37773,-28.8929],[-58.37967,-28.91555],[-58.39489,-28.91385],[-58.40199,-28.92755],[-58.45313,-28.9221],[-58.45166,-28.93054],[-58.46213,-28.91621],[-58.47899,-28.93142],[-58.50221,-28.92434],[-58.49776,-28.9392],[-58.53299,-28.96524],[-58.53396,-28.98882],[-58.56071,-28.9851],[-58.57168,-29.02661],[-58.58213,-29.02269],[-58.60137,-29.04624],[-58.70874,-28.95121],[-58.88983,-28.8447],[-58.98975,-28.82543],[-58.95212,-28.77311],[-58.95772,-28.76337],[-58.92768,-28.74688],[-58.922,-28.73104],[-58.93255,-28.72898],[-58.85654,-28.63912],[-58.73615,-28.58844],[-58.60018,-28.45735],[-58.54521,-28.37658],[-58.51049,-28.36388],[-58.49048,-28.33894],[-58.46043,-28.33667],[-58.43186,-28.30608],[-58.31182,-28.45108],[-58.41538,-28.53985],[-58.49976,-28.59022],[-58.50715,-28.61023],[-58.49042,-28.64681],[-58.54012,-28.70116],[-58.54749,-28.72994],[-58.50857,-28.78373],[-58.46042,-28.77466],[-58.42289,-28.74057],[-58.30737,-28.83293]]]}},{"type":"Feature","properties":{"code":"18168","name":"Santo Tomé"},"geometry":{"type":"Polygon","coordinates":[[[-56.21681,-27.78392],[-56.15208,-27.79864],[-56.13167,-27.83391],[-56.1069,-27.82786],[-56.04734,-27.84542],[-55.98467,-27.90659],[-55.94642,-27.91534],[-55.91496,-27.89839],[-55.87465,-27.95823],[-55.88837,-28.02208],[-55.82074,-27.94994],[-55.80993,-27.95412],[-55.77641,-28.00868],[-55.74943,-28.0271],[-55.75803,-28.06081],[-55.71672,-28.06127],[-55.71258,-28.08818],[-55.67658,-28.10056],[-55.62026,-28.14575],[-55.62919,-28.17377],[-55.69162,-28.21721],[-55.78254,-28.25394],[-55.77269,-28.27394],[-55.73287,-28.28582],[-55.66994,-28.33076],[-55.69633,-28.42316],[-55.7175,-28.42216],[-55.73216,-28.38435],[-55.75745,-28.36859],[-55.8783,-28.36116],[-55.90303,-28.4081],[-55.88236,-28.47771],[-56.00865,-28.506],[-56.02567,-28.53596],[-56.00227,-28.57849],[-56.0076,-28.60495],[-56.11857,-28.68168],[-56.18552,-28.77],[-56.25915,-28.77832],[-56.29702,-28.80239],[-56.30629,-28.79283],[-56.29005,-28.77914],[-56.33904,-28.78262],[-56.38129,-28.76401],[-56.41269,-28.74603],[-56.41545,-28.70094],[-56.45066,-28.69332],[-56.36546,-28.6198],[-56.37593,-28.58937],[-56.36926,-28.52225],[-56.43005,-28.44095],[-56.54496,-28.43272],[-56.51016,-28.39011],[-56.52924,-28.35978],[-56.5203,-28.33902],[-56.54597,-28.3343],[-56.56933,-28.29952],[-56.63807,-28.29287],[-56.6406,-28.26273],[-56.79992,-28.26021],[-56.88093,-28.23503],[-56.83187,-28.17676],[-56.77954,-28.08066],[-56.66338,-27.95268],[-56.62463,-27.85047],[-56.46788,-27.93946],[-56.42563,-27.88053],[-56.34135,-27.93539],[-56.33495,-27.91063],[-56.31354,-27.89437],[-56.32187,-27.87854],[-56.27694,-27.88288],[-56.26056,-27.8618],[-56.26615,-27.82807],[-56.23969,-27.81897],[-56.24499,-27.79844],[-56.22932,-27.76957],[-56.21681,-27.78392]]]}},{"type":"Feature","properties":{"code":"18175","name":"Sauce"},"geometry":{"type":"Polygon","coordinates":[[[-58.69683,-29.62922],[-58.71651,-29.72759],[-58.68292,-29.77212],[-58.70126,-29.78083],[-58.75287,-29.85816],[-58.69412,-29.83473],[-58.63706,-29.84628],[-58.58054,-29.83839],[-58.53754,-29.88108],[-58.53138,-29.92882],[-58.50687,-29.964],[-58.46875,-29.98972],[-58.44508,-30.09738],[-58.47262,-30.12294],[-58.51341,-30.11969],[-58.53948,-30.15237],[-58.63001,-30.17686],[-58.64714,-30.16319],[-58.68166,-30.16358],[-58.68168,-30.17575],[-58.72106,-30.1864],[-58.75484,-30.21588],[-58.80375,-30.21083],[-58.83102,-30.2313],[-58.90212,-30.24858],[-58.96458,-30.21846],[-59.00865,-30.21852],[-59.06425,-30.23082],[-59.08146,-30.24907],[-59.07532,-30.25698],[-59.10779,-30.27338],[-59.12622,-30.1824],[-59.06912,-30.16508],[-59.05242,-30.13559],[-59.06941,-30.12856],[-59.07351,-30.09957],[-59.02544,-29.85147],[-58.9582,-29.83442],[-58.95436,-29.81567],[-58.91186,-29.80967],[-58.86232,-29.76016],[-58.85679,-29.74214],[-58.87804,-29.73863],[-58.87523,-29.72654],[-58.69683,-29.62922]]]}},{"type":"Feature","properties":{"code":"22007","name":"Almirante Brown"},"geometry":{"type":"Polygon","coordinates":[[[-61.6419,-25.46679],[-61.39366,-25.4695],[-61.39383,-25.56039],[-61.19357,-25.5635],[-61.20358,-26.10901],[-60.79979,-26.11488],[-60.80452,-26.4199],[-60.78882,-26.4255],[-60.90018,-26.67685],[-60.93005,-26.66177],[-61.71247,-26.65357],[-61.71182,-25.65474],[-63.42241,-25.64922],[-62.71577,-24.8309],[-62.21856,-24.83011],[-62.21856,-25.46668],[-61.6419,-25.46679]]]}},{"type":"Feature","properties":{"code":"22014","name":"Bermejo"},"geometry":{"type":"Polygon","coordinates":[[[-58.68039,-26.64268],[-58.611,-26.68149],[-58.57218,-26.68752],[-58.56912,-26.7277],[-58.54539,-26.75159],[-58.5446,-26.73863],[-58.53081,-26.74076],[-58.53414,-26.75613],[-58.48566,-26.79495],[-58.4733,-26.82822],[-58.45048,-26.81713],[-58.44382,-26.83206],[-58.42243,-26.82438],[-58.42814,-26.83377],[-58.40912,-26.82737],[-58.40437,-26.84059],[-58.40104,-26.82993],[-58.39058,-26.84102],[-58.39866,-26.86489],[-58.3825,-26.85892],[-58.37824,-26.87984],[-58.48414,-26.93535],[-58.46981,-27.00007],[-58.51943,-27.00195],[-58.49859,-27.04507],[-58.51127,-27.06226],[-58.52714,-27.03747],[-58.55964,-27.03759],[-58.5549,-27.10891],[-58.62571,-27.11388],[-58.65221,-27.13056],[-58.66163,-27.18658],[-58.59248,-27.22903],[-58.61649,-27.31863],[-58.66879,-27.35909],[-58.75628,-27.38349],[-58.77281,-27.3782],[-58.76782,-27.32338],[-58.7341,-27.28457],[-58.7592,-27.24461],[-58.75227,-27.21807],[-58.77798,-27.21715],[-58.78706,-27.18734],[-58.87033,-27.13775],[-58.87058,-27.11761],[-58.91978,-27.12543],[-58.95922,-27.09139],[-58.95374,-26.78579],[-58.93905,-26.79384],[-58.91557,-26.77653],[-58.89838,-26.79182],[-58.68845,-26.60398],[-58.68039,-26.64268]]]}},{"type":"Feature","properties":{"code":"22021","name":"Comandante Fernández"},"geometry":{"type":"Polygon","coordinates":[[[-60.22871,-26.62428],[-60.41299,-27.04541],[-60.69446,-26.94605],[-60.50836,-26.52525],[-60.22871,-26.62428]]]}},{"type":"Feature","properties":{"code":"22028","name":"Chacabuco"},"geometry":{"type":"Polygon","coordinates":[[[-61.22652,-27.08985],[-60.8208,-27.37018],[-60.90942,-27.39985],[-60.99717,-27.40012],[-60.99721,-27.4177],[-61.71268,-26.9282],[-61.7125,-26.75508],[-61.22652,-27.08985]]]}},{"type":"Feature","properties":{"code":"22036","name":"12 de Octubre"},"geometry":{"type":"Polygon","coordinates":[[[-61.52905,-27.05439],[-60.99721,-27.4177],[-60.99728,-27.47811],[-61.57117,-27.48019],[-61.56927,-27.71424],[-61.71187,-27.71397],[-61.71268,-26.9282],[-61.52905,-27.05439]]]}},{"type":"Feature","properties":{"code":"22039","name":"2 de Abril"},"geometry":{"type":"Polygon","coordinates":[[[-61.02195,-27.53898],[-61.01943,-27.63493],[-61.12984,-27.63533],[-61.12948,-27.70547],[-61.24053,-27.70556],[-61.24015,-27.79418],[-61.56833,-27.79483],[-61.57117,-27.48019],[-61.02235,-27.47822],[-61.02195,-27.53898]]]}},{"type":"Feature","properties":{"code":"22043","name":"Fray Justo Santa María de Oro"},"geometry":{"type":"Polygon","coordinates":[[[-61.01363,-27.75443],[-61.01366,-27.79409],[-60.90866,-27.79386],[-60.90911,-27.99834],[-61.71204,-27.99855],[-61.71187,-27.71397],[-61.56927,-27.71424],[-61.56833,-27.79483],[-61.24015,-27.79418],[-61.24053,-27.70556],[-61.12948,-27.70547],[-61.12984,-27.63533],[-61.01352,-27.63492],[-61.01363,-27.75443]]]}},{"type":"Feature","properties":{"code":"22049","name":"General Belgrano"},"geometry":{"type":"Polygon","coordinates":[[[-60.99245,-26.82325],[-60.99273,-26.84196],[-61.00818,-26.84183],[-60.88306,-26.92705],[-60.85142,-26.88991],[-60.81624,-26.90229],[-60.81703,-27.1424],[-61.21513,-26.87045],[-61.18971,-26.84067],[-61.33567,-26.83911],[-61.33222,-26.65835],[-60.98999,-26.66133],[-60.99245,-26.82325]]]}},{"type":"Feature","properties":{"code":"22056","name":"General Donovan"},"geometry":{"type":"Polygon","coordinates":[[[-59.16257,-26.90642],[-59.02824,-27.02739],[-59.26898,-27.24798],[-59.2863,-27.23301],[-59.32833,-27.27234],[-59.31737,-27.28207],[-59.45973,-27.40998],[-59.60016,-27.28081],[-59.55435,-27.23988],[-59.55378,-27.01286],[-59.40291,-27.01244],[-59.40266,-27.0281],[-59.35113,-27.02734],[-59.35151,-26.98226],[-59.30107,-26.98209],[-59.30175,-27.01587],[-59.17003,-26.8997],[-59.16257,-26.90642]]]}},{"type":"Feature","properties":{"code":"22063","name":"General Güemes"},"geometry":{"type":"Polygon","coordinates":[[[-62.32434,-24.12318],[-62.30152,-24.1162],[-62.24353,-24.14543],[-62.22832,-24.1354],[-62.21643,-24.1511],[-62.18268,-24.15503],[-62.17175,-24.17771],[-62.18078,-24.19515],[-62.1361,-24.19602],[-62.13847,-24.21869],[-62.07643,-24.2013],[-62.08286,-24.23046],[-62.05529,-24.21128],[-62.04103,-24.24049],[-62.01773,-24.22698],[-61.98921,-24.25051],[-61.97923,-24.24528],[-61.98465,-24.2271],[-61.945,-24.23918],[-61.95451,-24.26141],[-61.90784,-24.25943],[-61.90401,-24.27777],[-61.92026,-24.2839],[-61.90852,-24.30676],[-61.88368,-24.26664],[-61.87932,-24.30732],[-61.83995,-24.3015],[-61.79859,-24.33635],[-61.76151,-24.30672],[-61.76056,-24.32851],[-61.72063,-24.33983],[-61.72824,-24.35943],[-61.69401,-24.36596],[-61.71398,-24.38338],[-61.69449,-24.41515],[-61.6397,-24.43457],[-61.61035,-24.42168],[-61.60417,-24.45563],[-61.59751,-24.43822],[-61.58284,-24.44159],[-61.5964,-24.47929],[-61.52175,-24.51806],[-61.52396,-24.53926],[-61.47725,-24.57523],[-61.47154,-24.58479],[-61.4839,-24.59001],[-61.4726,-24.60106],[-61.42383,-24.61748],[-61.38273,-24.61276],[-61.38123,-24.63781],[-61.36184,-24.62165],[-61.34611,-24.63866],[-61.28473,-24.62434],[-61.27606,-24.63915],[-61.25573,-24.62174],[-61.24432,-24.65345],[-61.23006,-24.63521],[-61.22721,-24.65519],[-61.19726,-24.66127],[-61.19916,-24.6743],[-61.2177,-24.66562],[-61.20107,-24.68256],[-61.20807,-24.69803],[-61.18015,-24.72251],[-61.17064,-24.69993],[-61.15686,-24.70384],[-61.17017,-24.70992],[-61.17159,-24.73423],[-61.1502,-24.74986],[-61.15638,-24.78502],[-61.13309,-24.78675],[-61.14402,-24.80498],[-61.09268,-24.83491],[-61.09126,-24.8527],[-61.06796,-24.85747],[-61.0751,-24.8727],[-61.04277,-24.89736],[-61.02423,-24.88912],[-61.03184,-24.90126],[-61.01615,-24.9095],[-61.02023,-24.92132],[-60.99419,-24.91639],[-60.99571,-24.93378],[-60.96397,-24.94839],[-60.95352,-24.97265],[-60.92155,-24.97928],[-60.94152,-24.99098],[-60.94009,-25.00441],[-60.92726,-24.99271],[-60.92108,-25.01047],[-60.89208,-25.01134],[-60.86974,-25.03126],[-60.82173,-25.03429],[-60.83694,-25.03819],[-60.81412,-25.07456],[-60.80699,-25.06417],[-60.74852,-25.06937],[-60.76754,-25.09058],[-60.73807,-25.09751],[-60.72145,-25.12521],[-60.70004,-25.11958],[-60.67627,-25.13559],[-60.68625,-25.11396],[-60.65345,-25.11958],[-60.67056,-25.14901],[-60.64442,-25.1542],[-60.65155,-25.16545],[-60.63063,-25.17756],[-60.60829,-25.17713],[-60.60544,-25.15939],[-60.58595,-25.17799],[-60.57121,-25.16977],[-60.56836,-25.19876],[-60.541,-25.16745],[-60.52965,-25.17178],[-60.51021,-25.1883],[-60.50831,-25.21382],[-60.48977,-25.20949],[-60.48502,-25.23587],[-60.44176,-25.26527],[-60.4275,-25.3154],[-60.41371,-25.30762],[-60.38899,-25.33527],[-60.35429,-25.32274],[-60.33861,-25.36551],[-60.34621,-25.38019],[-60.31294,-25.3884],[-60.33385,-25.39142],[-60.3272,-25.40739],[-60.30771,-25.40567],[-60.32292,-25.42423],[-60.29582,-25.40998],[-60.3001,-25.42768],[-60.28251,-25.4333],[-60.27443,-25.46653],[-60.25257,-25.46394],[-60.22452,-25.48508],[-60.24116,-25.50881],[-60.2269,-25.50148],[-60.22024,-25.53426],[-60.24163,-25.54461],[-60.23783,-25.55927],[-60.20503,-25.57393],[-60.22642,-25.586],[-60.18411,-25.61143],[-60.20313,-25.61359],[-60.17508,-25.6304],[-60.19267,-25.636],[-60.17698,-25.6597],[-60.14228,-25.63729],[-60.11566,-25.66314],[-60.1014,-25.65754],[-60.09926,-26.12238],[-61.20358,-26.10901],[-61.19357,-25.5635],[-61.39383,-25.56039],[-61.39366,-25.4695],[-62.21856,-25.46668],[-62.21856,-24.83011],[-62.71577,-24.8309],[-62.34235,-24.39211],[-62.34216,-24.11025],[-62.32672,-24.07868],[-62.3096,-24.1053],[-62.32434,-24.12318]]]}},{"type":"Feature","properties":{"code":"22070","name":"Independencia"},"geometry":{"type":"Polygon","coordinates":[[[-60.56101,-26.64414],[-60.69446,-26.94605],[-60.61483,-26.9741],[-60.61532,-27.05725],[-60.81556,-27.05497],[-60.81624,-26.90229],[-60.85142,-26.88991],[-60.88306,-26.92705],[-61.00818,-26.84183],[-60.99273,-26.84196],[-60.98999,-26.66133],[-60.93005,-26.66177],[-60.90018,-26.67685],[-60.78882,-26.4255],[-60.50836,-26.52525],[-60.56101,-26.64414]]]}},{"type":"Feature","properties":{"code":"22077","name":"Libertad"},"geometry":{"type":"Polygon","coordinates":[[[-59.10837,-27.22686],[-59.06827,-27.25027],[-59.05868,-27.29395],[-59.02861,-27.28338],[-58.97123,-27.33424],[-59.11519,-27.46129],[-59.17226,-27.4106],[-59.21716,-27.44853],[-59.40409,-27.45205],[-59.40375,-27.46758],[-59.58223,-27.46811],[-59.58098,-27.29847],[-59.45973,-27.40998],[-59.31737,-27.28207],[-59.32833,-27.27234],[-59.2863,-27.23301],[-59.26898,-27.24798],[-59.17195,-27.15448],[-59.09989,-27.21884],[-59.10837,-27.22686]]]}},{"type":"Feature","properties":{"code":"22084","name":"Libertador General San Martín"},"geometry":{"type":"Polygon","coordinates":[[[-60.07811,-25.67951],[-60.06337,-25.67391],[-60.03485,-25.68942],[-60.01156,-25.72947],[-59.97971,-25.72301],[-59.98684,-25.74325],[-59.95499,-25.76994],[-59.94691,-25.75961],[-59.94311,-25.77338],[-59.9279,-25.76994],[-59.92647,-25.79189],[-59.87751,-25.80221],[-59.87721,-25.84509],[-59.85921,-25.83803],[-59.87134,-25.8458],[-59.84368,-25.85605],[-59.83613,-25.87598],[-59.82716,-25.86964],[-59.81572,-25.88443],[-59.8268,-25.88994],[-59.78118,-25.89668],[-59.78828,-25.90971],[-59.76457,-25.916],[-59.76864,-25.92568],[-59.75346,-25.92072],[-59.75452,-25.95563],[-59.74357,-25.94952],[-59.75143,-25.96324],[-59.7408,-25.97555],[-59.72787,-25.97015],[-59.72509,-25.99976],[-59.70806,-25.99632],[-59.70779,-26.00978],[-59.67117,-26.0033],[-59.68543,-26.0094],[-59.66818,-26.02492],[-59.67864,-26.05413],[-59.66361,-26.06246],[-59.68251,-26.08949],[-59.6783,-26.115],[-59.64927,-26.11945],[-59.66046,-26.1434],[-59.62625,-26.13434],[-59.63737,-26.12006],[-59.60586,-26.11463],[-59.59721,-26.13096],[-59.58477,-26.12183],[-59.57423,-26.15281],[-59.53548,-26.14132],[-59.4774,-26.16235],[-59.4383,-26.14913],[-59.40879,-26.17913],[-59.42066,-26.1783],[-59.42888,-26.19881],[-59.4103,-26.2071],[-59.41586,-26.22216],[-59.39793,-26.25862],[-59.38131,-26.26172],[-59.39607,-26.27378],[-59.38694,-26.29473],[-59.40329,-26.29948],[-59.35751,-26.33797],[-59.31299,-26.31895],[-59.31112,-26.33943],[-59.25241,-26.34871],[-59.25473,-26.34049],[-59.19259,-26.32973],[-59.18196,-26.30472],[-59.14023,-26.29944],[-59.1388,-26.31272],[-59.15387,-26.31686],[-59.11028,-26.326],[-59.12882,-26.34399],[-59.106,-26.34485],[-59.06848,-26.37423],[-59.0429,-26.36535],[-59.02408,-26.38122],[-58.98572,-26.38],[-58.95556,-26.39988],[-58.90981,-26.46256],[-58.86575,-26.47508],[-58.84561,-26.51922],[-58.79226,-26.51942],[-58.79503,-26.53652],[-58.77228,-26.53692],[-58.74438,-26.60265],[-58.70101,-26.58994],[-58.68845,-26.60398],[-58.89838,-26.79182],[-58.91557,-26.77653],[-58.93905,-26.79384],[-58.95374,-26.78579],[-58.95327,-26.8687],[-59.15459,-26.86984],[-59.15506,-26.81849],[-59.20122,-26.81876],[-59.20134,-26.80149],[-59.45223,-26.80276],[-59.45283,-26.71214],[-59.50324,-26.71248],[-59.50355,-26.62208],[-59.703,-26.62187],[-59.70323,-26.5317],[-59.80365,-26.53088],[-59.8035,-26.31929],[-59.85348,-26.31889],[-59.8535,-26.30421],[-60.10114,-26.30276],[-60.09862,-25.66941],[-60.07811,-25.67951]]]}},{"type":"Feature","properties":{"code":"22091","name":"Maipú"},"geometry":{"type":"Polygon","coordinates":[[[-60.09926,-26.12238],[-60.10114,-26.30276],[-60.20148,-26.30186],[-60.2055,-26.6325],[-60.80452,-26.4199],[-60.79979,-26.11488],[-60.09926,-26.12238]]]}},{"type":"Feature","properties":{"code":"22098","name":"Mayor Luis J. Fontana"},"geometry":{"type":"Polygon","coordinates":[[[-60.51839,-27.46476],[-60.46781,-27.46521],[-60.46917,-27.64592],[-60.5233,-27.64563],[-60.5219,-27.73723],[-60.21536,-27.7381],[-60.2156,-28.0007],[-60.90911,-27.99834],[-60.90866,-27.79386],[-61.01366,-27.79409],[-61.02235,-27.47822],[-60.99728,-27.47811],[-60.99717,-27.40012],[-60.90942,-27.39985],[-60.90928,-27.46003],[-60.51839,-27.46476]]]}},{"type":"Feature","properties":{"code":"22105","name":"9 de Julio"},"geometry":{"type":"Polygon","coordinates":[[[-61.33222,-26.65835],[-61.33567,-26.83911],[-61.18971,-26.84067],[-61.21513,-26.87045],[-60.81703,-27.1424],[-60.81797,-27.19818],[-60.84452,-27.18007],[-60.90586,-27.25203],[-60.81988,-27.3099],[-60.82074,-27.36633],[-61.7125,-26.75508],[-61.71247,-26.65357],[-61.33222,-26.65835]]]}},{"type":"Feature","properties":{"code":"22112","name":"O'Higgins"},"geometry":{"type":"Polygon","coordinates":[[[-60.51337,-27.00985],[-60.51839,-27.46476],[-60.90928,-27.46003],[-60.90942,-27.39985],[-60.8208,-27.37018],[-60.81988,-27.3099],[-60.90586,-27.25203],[-60.84452,-27.18007],[-60.81797,-27.19818],[-60.81556,-27.05497],[-60.61532,-27.05725],[-60.61483,-26.9741],[-60.51337,-27.00985]]]}},{"type":"Feature","properties":{"code":"22119","name":"Presidencia de la Plaza"},"geometry":{"type":"Polygon","coordinates":[[[-59.70396,-26.71144],[-59.70458,-26.80176],[-59.60452,-26.8019],[-59.60424,-26.98284],[-59.5537,-26.98315],[-59.55435,-27.23988],[-59.59649,-27.28418],[-60.0113,-27.2864],[-60.01112,-27.19627],[-59.98301,-27.1965],[-60.03718,-27.17763],[-59.85408,-26.7553],[-59.85389,-26.71083],[-59.70396,-26.71144]]]}},{"type":"Feature","properties":{"code":"22126","name":"1° de Mayo"},"geometry":{"type":"Polygon","coordinates":[[[-58.95328,-26.86969],[-58.95922,-27.09139],[-58.91978,-27.12543],[-58.87058,-27.11761],[-58.87033,-27.13775],[-58.7947,-27.17976],[-58.77798,-27.21715],[-58.75227,-27.21807],[-58.7592,-27.24461],[-58.7341,-27.28412],[-58.76782,-27.32338],[-58.77281,-27.3782],[-58.87491,-27.48856],[-58.87882,-27.47175],[-58.90161,-27.47254],[-58.87995,-27.46235],[-58.86887,-27.42654],[-59.02861,-27.28338],[-59.05868,-27.29395],[-59.08034,-27.23399],[-59.10837,-27.22686],[-59.09989,-27.21884],[-59.17195,-27.15448],[-59.02824,-27.02739],[-59.17003,-26.8997],[-59.17001,-26.86992],[-58.95328,-26.86969]]]}},{"type":"Feature","properties":{"code":"22133","name":"Quitilipi"},"geometry":{"type":"Polygon","coordinates":[[[-60.10114,-26.30276],[-60.00152,-26.30359],[-60.00575,-26.70296],[-60.08859,-26.67378],[-60.27249,-27.09494],[-60.413,-27.04544],[-60.22871,-26.62428],[-60.2055,-26.6325],[-60.20148,-26.30186],[-60.10114,-26.30276]]]}},{"type":"Feature","properties":{"code":"22140","name":"San Fernando"},"geometry":{"type":"Polygon","coordinates":[[[-58.88052,-27.4473],[-58.87995,-27.46235],[-58.90161,-27.47254],[-58.87882,-27.47175],[-58.87491,-27.48856],[-58.87138,-27.57987],[-58.88275,-27.60852],[-58.8355,-27.64664],[-58.81878,-27.68118],[-58.80971,-27.78341],[-58.84489,-27.88557],[-58.82926,-27.96187],[-58.85774,-28.01161],[-58.8653,-28.05665],[-58.88082,-28.06682],[-58.89241,-28.04567],[-58.884,-28],[-59.4012,-28.00006],[-59.40409,-27.45205],[-59.21716,-27.44853],[-59.17226,-27.4106],[-59.11519,-27.46129],[-58.97123,-27.33424],[-58.86887,-27.42654],[-58.88052,-27.4473]]]}},{"type":"Feature","properties":{"code":"22147","name":"San Lorenzo"},"geometry":{"type":"Polygon","coordinates":[[[-60.21474,-27.61501],[-60.21536,-27.7381],[-60.5219,-27.73723],[-60.5233,-27.64563],[-60.46917,-27.64592],[-60.46781,-27.46521],[-60.51839,-27.46476],[-60.51337,-27.00985],[-60.21229,-27.11605],[-60.21474,-27.61501]]]}},{"type":"Feature","properties":{"code":"22154","name":"Sargento Cabral"},"geometry":{"type":"Polygon","coordinates":[[[-59.50332,-26.69039],[-59.50324,-26.71248],[-59.45283,-26.71214],[-59.45223,-26.80276],[-59.20134,-26.80149],[-59.20122,-26.81876],[-59.15506,-26.81849],[-59.15459,-26.86984],[-59.17001,-26.86992],[-59.17003,-26.8997],[-59.30175,-27.01587],[-59.30107,-26.98209],[-59.35151,-26.98226],[-59.35113,-27.02734],[-59.40266,-27.0281],[-59.40291,-27.01244],[-59.55378,-27.01286],[-59.5537,-26.98315],[-59.60424,-26.98284],[-59.60452,-26.8019],[-59.70458,-26.80176],[-59.70371,-26.71144],[-59.85389,-26.71083],[-59.85245,-26.53018],[-59.70323,-26.5317],[-59.703,-26.62187],[-59.50355,-26.62208],[-59.50332,-26.69039]]]}},{"type":"Feature","properties":{"code":"22161","name":"Tapenagá"},"geometry":{"type":"Polygon","coordinates":[[[-59.59649,-27.28418],[-59.58098,-27.29847],[-59.58223,-27.46811],[-59.40378,-27.46758],[-59.4012,-28.00006],[-60.2156,-28.0007],[-60.21295,-27.28507],[-59.59649,-27.28418]]]}},{"type":"Feature","properties":{"code":"22168","name":"25 de Mayo"},"geometry":{"type":"Polygon","coordinates":[[[-59.87791,-26.30411],[-59.8535,-26.30421],[-59.85348,-26.31889],[-59.8035,-26.31929],[-59.80365,-26.53088],[-59.85245,-26.53018],[-59.85408,-26.7553],[-60.03718,-27.17763],[-59.98301,-27.1965],[-60.01112,-27.19627],[-60.0113,-27.2864],[-60.21295,-27.28507],[-60.21229,-27.11605],[-60.27249,-27.09494],[-60.08859,-26.67378],[-60.00575,-26.70296],[-60.00152,-26.30359],[-59.87791,-26.30411]]]}},{"type":"Feature","properties":{"code":"26007","name":"Biedma"},"geometry":{"type":"MultiPolygon","coordinates":[[[[-65.9736,-42],[-65.06925,-42],[-65.06057,-42.0317],[-65.01399,-42.09338],[-64.88028,-42.1808],[-64.74,-42.2141],[-64.46421,-42.23952],[-64.55738,-42.30613],[-64.57093,-42.34832],[-64.6201,-42.40299],[-64.6101,-42.42638],[-64.57287,-42.42135],[-64.55617,-42.43198],[-64.54028,-42.41928],[-64.49831,-42.4302],[-64.48557,-42.41546],[-64.47593,-42.43862],[-64.35479,-42.4263],[-64.30154,-42.40394],[-64.28935,-42.41509],[-64.12029,-42.42827],[-64.05684,-42.38266],[-64.04304,-42.3513],[-64.07016,-42.33308],[-64.04437,-42.31285],[-64.0723,-42.26345],[-64.13491,-42.23933],[-64.185,-42.24846],[-64.2469,-42.23418],[-64.31296,-42.25215],[-64.37875,-42.23834],[-64.07511,-42.17833],[-63.9648,-42.11461],[-63.87614,-42.08415],[-63.75945,-42.07611],[-63.68488,-42.20726],[-63.60303,-42.31543],[-63.60412,-42.54719],[-63.5828,-42.60735],[-63.63981,-42.69976],[-63.62996,-42.76463],[-63.67875,-42.79275],[-63.73285,-42.81279],[-64.12893,-42.87726],[-64.19409,-42.83279],[-64.26004,-42.747],[-64.24525,-42.71247],[-64.24941,-42.68305],[-64.21383,-42.62194],[-64.27341,-42.61773],[-64.25956,-42.58967],[-64.28246,-42.57325],[-64.30896,-42.58594],[-64.31046,-42.55577],[-64.3399,-42.53284],[-64.5802,-42.49084],[-64.68556,-42.51259],[-64.76239,-42.55249],[-64.83361,-42.61055],[-64.92316,-42.61684],[-64.98504,-42.65365],[-64.99553,-42.69775],[-65.03607,-42.73056],[-65.03084,-42.76854],[-64.9727,-42.79312],[-64.95336,-42.78539],[-64.85725,-42.83641],[-65.94274,-42.86229],[-65.9736,-42]]],[[[-64.5154,-42.42046],[-64.51668,-42.42102],[-64.51855,-42.41808],[-64.51366,-42.41949],[-64.5154,-42.42046]]]]}},{"type":"Feature","properties":{"code":"26014","name":"Cushamen"},"geometry":{"type":"Polygon","coordinates":[[[-69.42811,-42],[-69.50529,-42.79676],[-69.56617,-42.71347],[-69.59595,-42.6937],[-69.73643,-42.68136],[-69.8475,-42.62442],[-69.89288,-42.63601],[-69.95715,-42.63156],[-69.98869,-42.64067],[-70.01699,-42.67249],[-70.04178,-42.67303],[-70.09784,-42.64022],[-70.14835,-42.62926],[-70.2103,-42.62396],[-70.26632,-42.64131],[-70.29355,-42.63262],[-70.30859,-42.60361],[-70.34932,-42.59602],[-70.43487,-42.6478],[-70.51662,-42.73769],[-70.58852,-42.85061],[-70.58451,-42.86651],[-70.9363,-42.86356],[-71.04655,-42.9468],[-71.16719,-42.86194],[-71.29164,-42.85825],[-71.32796,-42.83124],[-71.3228,-42.82337],[-71.35619,-42.79401],[-71.3484,-42.78286],[-71.38914,-42.75847],[-71.43797,-42.70855],[-71.44264,-42.68783],[-71.4875,-42.66097],[-71.48022,-42.61317],[-71.59859,-42.60522],[-71.62722,-42.48528],[-72.02288,-42.47725],[-72.04813,-42.45236],[-72.02849,-42.40752],[-72.07722,-42.38247],[-72.11272,-42.3983],[-72.13186,-42.38432],[-72.13834,-42.32703],[-72.12084,-42.32399],[-72.1681,-42.25987],[-72.1536,-42.24342],[-72.16632,-42.21383],[-72.15681,-42.19373],[-72.18826,-42.16097],[-72.17153,-42.13936],[-72.1229,-42.15501],[-72.06651,-42.14674],[-72.07909,-42.12953],[-72.05295,-42.1139],[-72.00686,-42.14008],[-71.95755,-42.14125],[-71.95459,-42.16439],[-71.92529,-42.19053],[-71.89285,-42.18074],[-71.87446,-42.1547],[-71.83475,-42.16257],[-71.78173,-42.14808],[-71.77725,-42.13023],[-71.74751,-42.13046],[-71.72609,-42.10967],[-71.74171,-42.08265],[-71.72765,-42.04664],[-71.75723,-42.03708],[-71.77393,-42],[-69.42811,-42]]]}},{"type":"Feature","properties":{"code":"26021","name":"Escalante"},"geometry":{"type":"MultiPolygon","coordinates":[[[[-67.08138,-45.03516],[-67.07991,-45.04627],[-66.36649,-45.04199],[-66.37466,-45.05589],[-66.36327,-45.0616],[-66.39852,-45.05312],[-66.49364,-45.09854],[-66.51865,-45.09798],[-66.53459,-45.11728],[-66.53302,-45.14238],[-66.45899,-45.14696],[-66.47317,-45.16588],[-66.54028,-45.15291],[-66.54738,-45.13667],[-66.5997,-45.13941],[-66.58438,-45.15699],[-66.59917,-45.16169],[-66.59447,-45.17162],[-66.5365,-45.17516],[-66.5141,-45.19678],[-66.52499,-45.20556],[-66.51865,-45.2229],[-66.66201,-45.21142],[-66.85356,-45.23212],[-66.95371,-45.26774],[-67.03601,-45.32217],[-67.1382,-45.42211],[-67.22154,-45.52708],[-67.35032,-45.62933],[-67.36203,-45.69575],[-67.34223,-45.72316],[-67.37873,-45.73446],[-67.36855,-45.78726],[-67.39788,-45.78752],[-67.45475,-45.81947],[-67.47578,-45.85376],[-67.45641,-45.86144],[-67.4991,-45.87476],[-67.55207,-45.92568],[-67.55567,-45.94513],[-67.53122,-45.95896],[-67.56519,-45.96259],[-67.59571,-45.99987],[-68.36312,-45.9999],[-68.37119,-44.68718],[-67.09416,-44.67893],[-67.08138,-45.03516]]],[[[-66.4045,-45.1856],[-66.40211,-45.18555],[-66.39288,-45.19062],[-66.40822,-45.19375],[-66.4045,-45.1856]]],[[[-66.49806,-45.17859],[-66.49272,-45.18082],[-66.50433,-45.17657],[-66.50204,-45.17595],[-66.49806,-45.17859]]],[[[-66.50249,-45.18616],[-66.50521,-45.18536],[-66.50768,-45.1806],[-66.50098,-45.18466],[-66.50249,-45.18616]]],[[[-66.36227,-45.15509],[-66.36433,-45.15],[-66.36223,-45.14938],[-66.3605,-45.1512],[-66.36227,-45.15509]]],[[[-66.40807,-45.08838],[-66.40595,-45.08799],[-66.40295,-45.08868],[-66.40996,-45.09139],[-66.40807,-45.08838]]],[[[-66.48746,-45.1831],[-66.48988,-45.18217],[-66.48911,-45.179],[-66.48579,-45.1794],[-66.48746,-45.1831]]],[[[-66.69852,-45.24747],[-66.70064,-45.24606],[-66.69675,-45.24407],[-66.69613,-45.24541],[-66.69852,-45.24747]]],[[[-66.40718,-45.08529],[-66.40938,-45.08479],[-66.40309,-45.0824],[-66.40434,-45.08434],[-66.40718,-45.08529]]],[[[-66.41955,-45.09646],[-66.41998,-45.09433],[-66.41496,-45.09458],[-66.41611,-45.09575],[-66.41955,-45.09646]]],[[[-66.51522,-45.18224],[-66.51862,-45.18058],[-66.51876,-45.1785],[-66.51563,-45.18021],[-66.51522,-45.18224]]],[[[-66.49703,-45.17053],[-66.50024,-45.16853],[-66.50085,-45.16727],[-66.49616,-45.16872],[-66.49703,-45.17053]]],[[[-66.50967,-45.17413],[-66.51167,-45.17379],[-66.51065,-45.17225],[-66.5087,-45.1732],[-66.50967,-45.17413]]],[[[-66.40106,-45.06973],[-66.4023,-45.06958],[-66.40242,-45.06882],[-66.40139,-45.06873],[-66.40106,-45.06973]]]]}},{"type":"Feature","properties":{"code":"26028","name":"Florentino Ameghino"},"geometry":{"type":"MultiPolygon","coordinates":[[[[-65.34553,-43.77773],[-65.31119,-43.79558],[-65.32855,-43.84586],[-65.28307,-43.96206],[-65.23114,-43.9727],[-65.25731,-43.99183],[-65.25158,-44.02764],[-65.22478,-44.04534],[-65.21047,-44.0382],[-65.18794,-44.03546],[-65.20936,-44.04149],[-65.24112,-44.07782],[-65.2204,-44.13679],[-65.28769,-44.15476],[-65.31177,-44.20427],[-65.30257,-44.24453],[-65.2702,-44.27171],[-65.27078,-44.29881],[-65.25301,-44.30829],[-65.25882,-44.3273],[-65.22741,-44.33411],[-65.21674,-44.36674],[-65.23619,-44.38688],[-65.26203,-44.38833],[-65.28532,-44.4099],[-65.27719,-44.42003],[-65.29231,-44.422],[-65.28383,-44.43036],[-65.31171,-44.42691],[-65.30885,-44.4425],[-65.33446,-44.456],[-65.31114,-44.46736],[-65.32084,-44.49074],[-65.28428,-44.4938],[-65.27929,-44.51742],[-65.30079,-44.51019],[-65.31629,-44.53119],[-65.33089,-44.50662],[-65.37622,-44.51683],[-65.35941,-44.53738],[-65.38818,-44.543],[-65.39427,-44.55793],[-65.35822,-44.57378],[-65.36634,-44.58735],[-65.3813,-44.57509],[-65.39598,-44.59284],[-65.42829,-44.56944],[-65.46443,-44.57685],[-65.46339,-44.60023],[-65.52097,-44.60933],[-65.57615,-44.64832],[-65.60675,-44.64692],[-65.68864,-44.71655],[-65.70262,-44.80132],[-65.72843,-44.81006],[-65.72454,-44.85652],[-65.66484,-44.89067],[-65.61576,-44.88771],[-65.60548,-44.90879],[-65.57289,-44.89561],[-65.5743,-44.91068],[-65.56086,-44.90358],[-65.5199,-44.9289],[-65.54039,-44.92809],[-65.53639,-44.93757],[-65.5709,-44.96078],[-65.59453,-44.95737],[-65.60579,-44.98186],[-65.58431,-45.00667],[-65.62307,-45.00413],[-65.60178,-45.02656],[-65.61132,-45.03381],[-65.63635,-45.03555],[-65.64559,-45.05092],[-65.65368,-45.03929],[-65.68216,-45.04021],[-65.67883,-45.03334],[-65.6813,-45.02886],[-65.69782,-45.04592],[-65.69115,-45.06199],[-65.70136,-45.04509],[-65.73686,-45.04019],[-65.74046,-45.02396],[-65.77546,-45.01949],[-65.78847,-45.03013],[-65.80941,-45.01542],[-65.81562,-45.02467],[-65.80288,-45.03116],[-65.82872,-45.03912],[-65.82469,-45.01378],[-65.87298,-45.00225],[-65.89511,-45.01121],[-65.88729,-45.03919],[-65.91388,-45.03202],[-65.93444,-45.04944],[-66.01969,-44.99887],[-66.06048,-45.00408],[-66.07255,-44.98977],[-66.11895,-44.98523],[-66.15075,-44.99412],[-66.16228,-44.98302],[-66.17309,-44.99815],[-66.19268,-44.98195],[-66.2302,-45.00701],[-66.2257,-45.0281],[-66.2464,-45.02093],[-66.2837,-45.04873],[-66.27881,-45.0594],[-66.29027,-45.05728],[-66.28409,-45.06284],[-66.2784,-45.06347],[-66.27623,-45.06534],[-66.28346,-45.06552],[-66.29545,-45.05817],[-66.28554,-45.05264],[-66.29394,-45.04593],[-66.32606,-45.05202],[-66.3592,-45.03974],[-67.07991,-45.04627],[-67.09266,-44.72102],[-67.04819,-44.66843],[-67.01582,-44.65193],[-66.97431,-44.59242],[-66.95895,-44.5518],[-66.96725,-44.52934],[-66.9407,-44.51469],[-66.93127,-44.48092],[-66.83461,-44.38758],[-66.80907,-44.34057],[-66.81086,-44.27985],[-66.79888,-44.26285],[-66.69448,-44.1917],[-66.67446,-44.13441],[-66.68551,-44.10317],[-66.67592,-44.07436],[-66.62849,-44.01959],[-66.48525,-43.96572],[-66.47448,-43.90327],[-66.43261,-43.85914],[-66.43176,-43.82567],[-66.4593,-43.78202],[-65.35321,-43.75874],[-65.34553,-43.77773]]],[[[-65.99297,-45.09108],[-65.98593,-45.10328],[-65.96413,-45.10889],[-66.00784,-45.10425],[-66.01975,-45.08641],[-65.99297,-45.09108]]],[[[-65.59759,-45.04343],[-65.58662,-45.05227],[-65.60929,-45.0602],[-65.62402,-45.04606],[-65.59759,-45.04343]]],[[[-65.95084,-45.10877],[-65.94544,-45.11882],[-65.96368,-45.10373],[-65.95953,-45.10237],[-65.95084,-45.10877]]],[[[-65.7104,-45.05283],[-65.70491,-45.05696],[-65.72301,-45.0539],[-65.71766,-45.04836],[-65.7104,-45.05283]]],[[[-65.581,-45.05955],[-65.57771,-45.06305],[-65.59287,-45.06017],[-65.58881,-45.05606],[-65.581,-45.05955]]],[[[-65.65556,-44.77313],[-65.65298,-44.77504],[-65.66972,-44.76919],[-65.66675,-44.76912],[-65.65556,-44.77313]]],[[[-65.75471,-45.03604],[-65.75136,-45.03688],[-65.76696,-45.03755],[-65.75957,-45.03471],[-65.75471,-45.03604]]],[[[-65.8614,-45.03899],[-65.86671,-45.0395],[-65.87453,-45.03288],[-65.86951,-45.03124],[-65.8614,-45.03899]]],[[[-66.33431,-45.05717],[-66.33942,-45.05736],[-66.34431,-45.05339],[-66.33732,-45.05361],[-66.33431,-45.05717]]],[[[-65.25908,-44.15484],[-65.26288,-44.15325],[-65.25448,-44.1501],[-65.25492,-44.15263],[-65.25908,-44.15484]]],[[[-66.05103,-45.12888],[-66.06071,-45.13224],[-66.06283,-45.13165],[-66.05334,-45.12732],[-66.05103,-45.12888]]],[[[-65.26077,-44.26178],[-65.26337,-44.26291],[-65.26998,-44.26176],[-65.26272,-44.25896],[-65.26077,-44.26178]]],[[[-65.80761,-45.06505],[-65.81037,-45.0674],[-65.81214,-45.06348],[-65.80638,-45.06103],[-65.80761,-45.06505]]],[[[-65.38572,-44.60047],[-65.38728,-44.59742],[-65.38455,-44.59479],[-65.38194,-44.59845],[-65.38572,-44.60047]]],[[[-65.96598,-45.05299],[-65.96941,-45.05054],[-65.96288,-45.04992],[-65.96436,-45.05217],[-65.96598,-45.05299]]],[[[-65.23679,-44.28205],[-65.23862,-44.28119],[-65.23051,-44.27544],[-65.23038,-44.27635],[-65.23679,-44.28205]]],[[[-65.53549,-44.90779],[-65.54187,-44.90857],[-65.54334,-44.90748],[-65.53994,-44.90552],[-65.53549,-44.90779]]],[[[-65.61579,-45.06154],[-65.62061,-45.06227],[-65.62481,-45.06018],[-65.61992,-45.05944],[-65.61579,-45.06154]]],[[[-65.39,-44.59741],[-65.39315,-44.59742],[-65.39642,-44.59447],[-65.39364,-44.59391],[-65.39,-44.59741]]],[[[-65.62336,-45.05379],[-65.62079,-45.05499],[-65.62626,-45.05259],[-65.62589,-45.05237],[-65.62336,-45.05379]]],[[[-65.57038,-44.99059],[-65.57372,-44.99012],[-65.57394,-44.98804],[-65.5702,-44.98826],[-65.57038,-44.99059]]],[[[-65.56447,-44.96447],[-65.56664,-44.96362],[-65.56093,-44.96194],[-65.56118,-44.96337],[-65.56447,-44.96447]]],[[[-65.87502,-45.04044],[-65.87646,-45.04167],[-65.88089,-45.0398],[-65.87905,-45.03889],[-65.87502,-45.04044]]],[[[-65.85846,-45.05049],[-65.85993,-45.05161],[-65.86395,-45.05113],[-65.86187,-45.0475],[-65.85846,-45.05049]]],[[[-65.64034,-44.76862],[-65.63828,-44.77064],[-65.64337,-44.76737],[-65.6423,-44.76709],[-65.64034,-44.76862]]],[[[-66.31976,-45.06633],[-66.31888,-45.06752],[-66.31585,-45.06874],[-66.32381,-45.06656],[-66.31976,-45.06633]]],[[[-66.29493,-45.07783],[-66.29839,-45.07769],[-66.30045,-45.07584],[-66.29613,-45.07624],[-66.29493,-45.07783]]],[[[-65.57327,-45.06589],[-65.57727,-45.06518],[-65.57822,-45.06385],[-65.57561,-45.06375],[-65.57327,-45.06589]]],[[[-65.56071,-45.00005],[-65.56366,-44.99938],[-65.56359,-44.99652],[-65.56072,-44.99857],[-65.56071,-45.00005]]],[[[-65.84366,-45.04821],[-65.84624,-45.04794],[-65.84871,-45.04588],[-65.84335,-45.04726],[-65.84366,-45.04821]]],[[[-65.96414,-45.0986],[-65.96625,-45.09875],[-65.96648,-45.09642],[-65.96407,-45.09683],[-65.96414,-45.0986]]],[[[-65.91663,-45.04827],[-65.91895,-45.04789],[-65.91862,-45.04543],[-65.91582,-45.04712],[-65.91663,-45.04827]]],[[[-65.30879,-44.53772],[-65.31019,-44.53705],[-65.31054,-44.53479],[-65.30785,-44.53584],[-65.30879,-44.53772]]],[[[-66.09631,-45.11953],[-66.09746,-45.1179],[-66.09371,-45.11802],[-66.09378,-45.11815],[-66.09631,-45.11953]]],[[[-66.33897,-45.06609],[-66.34076,-45.06589],[-66.34155,-45.06474],[-66.33848,-45.06358],[-66.33897,-45.06609]]],[[[-65.64964,-44.76763],[-65.65108,-44.76757],[-65.65418,-44.76594],[-65.64865,-44.76732],[-65.64964,-44.76763]]],[[[-65.85848,-45.03455],[-65.85979,-45.03501],[-65.86233,-45.0327],[-65.86064,-45.03248],[-65.85848,-45.03455]]],[[[-65.96181,-45.04598],[-65.96345,-45.04599],[-65.96415,-45.04364],[-65.96251,-45.04428],[-65.96181,-45.04598]]],[[[-66.07056,-45.00583],[-66.07196,-45.00562],[-66.07278,-45.00495],[-66.06908,-45.00485],[-66.07056,-45.00583]]],[[[-66.24847,-45.03244],[-66.24966,-45.03216],[-66.25064,-45.03086],[-66.24876,-45.03045],[-66.24847,-45.03244]]],[[[-66.03571,-45.09351],[-66.03746,-45.09277],[-66.03896,-45.09088],[-66.03667,-45.09177],[-66.03571,-45.09351]]],[[[-65.97474,-45.05192],[-65.97611,-45.05158],[-65.97678,-45.05101],[-65.97311,-45.05107],[-65.97474,-45.05192]]],[[[-66.045,-45.0916],[-66.04556,-45.09024],[-66.0423,-45.09058],[-66.04388,-45.09103],[-66.045,-45.0916]]],[[[-65.74802,-45.03651],[-65.74889,-45.03663],[-65.74979,-45.03558],[-65.74781,-45.03511],[-65.74802,-45.03651]]],[[[-66.02789,-45.10062],[-66.02927,-45.10035],[-66.02978,-45.09938],[-66.02694,-45.0997],[-66.02789,-45.10062]]],[[[-65.84348,-45.04135],[-65.84189,-45.04153],[-65.8412,-45.04224],[-65.84367,-45.04228],[-65.84348,-45.04135]]],[[[-65.93837,-45.1182],[-65.93736,-45.11927],[-65.94025,-45.11885],[-65.93892,-45.11805],[-65.93837,-45.1182]]],[[[-65.91529,-45.04123],[-65.91673,-45.04071],[-65.91651,-45.03984],[-65.915,-45.03997],[-65.91529,-45.04123]]],[[[-65.71523,-45.0582],[-65.71653,-45.05812],[-65.71713,-45.05731],[-65.71509,-45.05742],[-65.71523,-45.0582]]],[[[-65.80327,-45.04752],[-65.80337,-45.04798],[-65.80623,-45.0479],[-65.80436,-45.04723],[-65.80327,-45.04752]]],[[[-65.84178,-45.04882],[-65.84078,-45.04927],[-65.84347,-45.04927],[-65.84313,-45.0489],[-65.84178,-45.04882]]],[[[-65.91209,-45.0461],[-65.91292,-45.04605],[-65.91325,-45.04548],[-65.91216,-45.04536],[-65.91209,-45.0461]]]]}},{"type":"Feature","properties":{"code":"26035","name":"Futaleufú"},"geometry":{"type":"Polygon","coordinates":[[[-70.58451,-42.86651],[-70.57335,-42.8816],[-70.58089,-42.90624],[-70.5641,-42.92225],[-70.58064,-42.94649],[-70.63058,-42.96754],[-70.69818,-42.97026],[-70.71964,-42.999],[-70.79089,-43.02408],[-70.79237,-43.09834],[-70.81879,-43.12931],[-70.82731,-43.16747],[-70.82478,-43.22264],[-70.88602,-43.30853],[-70.8667,-43.33764],[-70.86185,-43.4212],[-70.84499,-43.45145],[-70.91689,-43.54387],[-70.97106,-43.5639],[-71.02354,-43.60852],[-71.10811,-43.63371],[-71.18544,-43.58928],[-71.31875,-43.5523],[-71.44812,-43.56944],[-71.48444,-43.5401],[-71.57043,-43.52009],[-71.66788,-43.52195],[-71.68906,-43.54752],[-71.73136,-43.54989],[-71.75741,-43.58423],[-71.77652,-43.53869],[-71.87748,-43.55108],[-71.87849,-43.52753],[-71.84863,-43.48289],[-71.88138,-43.4513],[-71.93067,-43.45731],[-71.91411,-43.41665],[-71.93325,-43.38677],[-71.89374,-43.38009],[-71.90255,-43.32112],[-71.8401,-43.33521],[-71.7864,-43.29697],[-71.75521,-43.31764],[-71.7346,-43.31433],[-71.7308,-43.28224],[-71.75725,-43.22827],[-71.72941,-43.19969],[-71.76053,-43.16462],[-71.78371,-43.16878],[-71.81508,-43.14568],[-71.85734,-43.14258],[-71.85299,-43.12711],[-71.88637,-43.12703],[-71.89268,-43.10702],[-71.9329,-43.10213],[-71.9433,-43.09242],[-71.93631,-43.05277],[-72.00262,-43.03741],[-72.03653,-43.01302],[-72.03815,-42.99256],[-72.05717,-42.98294],[-72.0732,-42.94961],[-72.11669,-42.93595],[-72.11413,-42.92261],[-72.14271,-42.89822],[-72.11829,-42.8817],[-72.14788,-42.85002],[-72.16502,-42.79891],[-72.1427,-42.79528],[-72.13133,-42.77713],[-72.14716,-42.74156],[-72.12842,-42.73105],[-72.13821,-42.71116],[-72.1799,-42.69613],[-72.17264,-42.67187],[-72.1359,-42.68014],[-72.09603,-42.64204],[-72.11761,-42.62921],[-72.11851,-42.60296],[-72.07517,-42.56632],[-72.05135,-42.56512],[-72.05374,-42.54547],[-72.0126,-42.49485],[-72.02072,-42.47871],[-71.62722,-42.48528],[-71.59859,-42.60522],[-71.48022,-42.61317],[-71.4875,-42.66097],[-71.44264,-42.68783],[-71.43797,-42.70855],[-71.3484,-42.78286],[-71.35619,-42.79401],[-71.29164,-42.85825],[-71.16719,-42.86194],[-71.04655,-42.9468],[-70.9363,-42.86356],[-70.58451,-42.86651]]]}},{"type":"Feature","properties":{"code":"26042","name":"Gaiman"},"geometry":{"type":"Polygon","coordinates":[[[-65.40421,-43.76005],[-66.52463,-43.78304],[-66.52995,-43.33527],[-67.14816,-43.34031],[-67.15363,-42.87898],[-65.45457,-42.85192],[-65.40421,-43.76005]]]}},{"type":"Feature","properties":{"code":"26049","name":"Gastre"},"geometry":{"type":"Polygon","coordinates":[[[-68.3894,-42],[-68.3816,-42.88283],[-67.77387,-42.88257],[-67.7676,-43.33879],[-69.55855,-43.33196],[-69.42811,-42],[-68.3894,-42]]]}},{"type":"Feature","properties":{"code":"26056","name":"Languiñeo"},"geometry":{"type":"Polygon","coordinates":[[[-69.50529,-42.79676],[-69.55855,-43.33196],[-69.53138,-43.78473],[-70.99231,-43.76089],[-70.99586,-43.85066],[-71.11619,-43.84933],[-71.11842,-43.93985],[-71.37174,-43.93541],[-71.36932,-43.88313],[-71.38388,-43.87891],[-71.47835,-43.92012],[-71.64963,-43.93487],[-71.66643,-43.90123],[-71.70738,-43.89449],[-71.70872,-43.85574],[-71.73196,-43.8597],[-71.76344,-43.83948],[-71.7529,-43.78728],[-71.69776,-43.72691],[-71.66576,-43.72253],[-71.65707,-43.70085],[-71.6319,-43.70809],[-71.59978,-43.69697],[-71.612,-43.67604],[-71.58829,-43.67545],[-71.58142,-43.65922],[-71.60776,-43.62859],[-71.70346,-43.62525],[-71.71755,-43.57643],[-71.75741,-43.58423],[-71.73136,-43.54989],[-71.68906,-43.54752],[-71.66788,-43.52195],[-71.51988,-43.52645],[-71.44288,-43.56993],[-71.31875,-43.5523],[-71.18544,-43.58928],[-71.10811,-43.63371],[-71.02354,-43.60852],[-70.97498,-43.56628],[-70.90982,-43.53869],[-70.84499,-43.45145],[-70.86185,-43.4212],[-70.8667,-43.33764],[-70.88602,-43.30853],[-70.82478,-43.22264],[-70.82731,-43.16747],[-70.81879,-43.12931],[-70.79237,-43.09834],[-70.79089,-43.02408],[-70.71964,-42.999],[-70.69818,-42.97026],[-70.63058,-42.96754],[-70.58064,-42.94649],[-70.5641,-42.92225],[-70.58089,-42.90624],[-70.5734,-42.88109],[-70.58852,-42.85061],[-70.53674,-42.7633],[-70.43933,-42.65203],[-70.36823,-42.60148],[-70.32429,-42.59661],[-70.29209,-42.6339],[-70.26392,-42.64173],[-70.20526,-42.62357],[-70.10962,-42.63702],[-70.04178,-42.67303],[-70.01699,-42.67249],[-69.98869,-42.64067],[-69.95715,-42.63156],[-69.89288,-42.63601],[-69.8475,-42.62442],[-69.73643,-42.68136],[-69.59595,-42.6937],[-69.56617,-42.71347],[-69.50529,-42.79676]]]}},{"type":"Feature","properties":{"code":"26063","name":"Mártires"},"geometry":{"type":"Polygon","coordinates":[[[-66.4593,-43.78202],[-66.43176,-43.82567],[-66.43261,-43.85914],[-66.47448,-43.90327],[-66.48525,-43.96572],[-66.62849,-44.01959],[-66.67592,-44.07436],[-66.68551,-44.10317],[-66.67446,-44.13441],[-66.69448,-44.1917],[-66.79888,-44.26285],[-66.81086,-44.27985],[-66.80907,-44.34057],[-66.83461,-44.38758],[-66.93127,-44.48092],[-66.9407,-44.51469],[-66.96725,-44.52934],[-66.95895,-44.5518],[-66.97431,-44.59242],[-67.0805,-44.71665],[-67.09266,-44.72102],[-67.09416,-44.67893],[-67.74809,-44.68493],[-67.77387,-42.88257],[-67.15363,-42.87898],[-67.14816,-43.34031],[-66.52995,-43.33527],[-66.52463,-43.78304],[-66.4593,-43.78202]]]}},{"type":"Feature","properties":{"code":"26070","name":"Paso de Indios"},"geometry":{"type":"Polygon","coordinates":[[[-67.7676,-43.33879],[-67.74809,-44.68493],[-69.91869,-44.67803],[-69.50912,-44.14491],[-69.55855,-43.33196],[-67.7676,-43.33879]]]}},{"type":"Feature","properties":{"code":"26077","name":"Rawson"},"geometry":{"type":"Polygon","coordinates":[[[-64.84774,-42.8391],[-64.81159,-42.84021],[-64.64791,-42.91483],[-64.53329,-42.92164],[-64.48894,-42.94941],[-64.39682,-42.95959],[-64.33032,-42.93592],[-64.30768,-42.97916],[-64.33058,-43.00275],[-64.45896,-43.06447],[-64.75761,-43.1506],[-64.97634,-43.25497],[-65.05029,-43.32828],[-65.05258,-43.40258],[-65.1452,-43.47333],[-65.194,-43.53987],[-65.25409,-43.57071],[-65.3147,-43.63213],[-65.34162,-43.67615],[-65.35321,-43.75874],[-65.40421,-43.76005],[-65.45457,-42.85192],[-64.84774,-42.8391]]]}},{"type":"Feature","properties":{"code":"26084","name":"Río Senguer"},"geometry":{"type":"Polygon","coordinates":[[[-71.23263,-44.65384],[-69.62679,-44.68137],[-69.64806,-45.99994],[-71.6449,-46],[-71.64531,-45.98507],[-71.61811,-45.98005],[-71.61254,-45.96323],[-71.65252,-45.89039],[-71.71586,-45.85444],[-71.76897,-45.84439],[-71.74327,-45.80259],[-71.76126,-45.78784],[-71.75483,-45.77131],[-71.77122,-45.74374],[-71.80105,-45.72089],[-71.77305,-45.68124],[-71.79553,-45.66493],[-71.77198,-45.64102],[-71.77956,-45.62182],[-71.74815,-45.61028],[-71.7266,-45.57746],[-71.76295,-45.57664],[-71.76353,-45.56031],[-71.74431,-45.54215],[-71.68259,-45.52777],[-71.68213,-45.51508],[-71.55956,-45.52358],[-71.46892,-45.49364],[-71.48271,-45.48301],[-71.46981,-45.48204],[-71.47507,-45.47425],[-71.50193,-45.46665],[-71.4999,-45.45553],[-71.53394,-45.43297],[-71.52056,-45.42535],[-71.52946,-45.3927],[-71.45325,-45.38611],[-71.43825,-45.39582],[-71.44627,-45.36766],[-71.33591,-45.32203],[-71.32005,-45.29212],[-71.3504,-45.26787],[-71.33298,-45.24139],[-71.37,-45.2256],[-71.42518,-45.17174],[-71.41811,-45.15744],[-71.48749,-45.14412],[-71.47927,-45.13429],[-71.49145,-45.10781],[-71.52654,-45.10312],[-71.50542,-45.07221],[-71.55799,-45.03148],[-71.54095,-45.0002],[-71.55931,-44.97765],[-71.74211,-44.95835],[-71.75384,-44.92648],[-71.77815,-44.94026],[-71.81722,-44.91979],[-71.85444,-44.93231],[-71.87991,-44.95939],[-71.88353,-44.94597],[-71.92498,-44.94421],[-71.94789,-44.92058],[-71.97736,-44.91944],[-71.97925,-44.90356],[-72.03367,-44.90476],[-72.06582,-44.87672],[-72.03635,-44.86233],[-72.06559,-44.85],[-72.02708,-44.80546],[-72.07382,-44.78064],[-72.0639,-44.75659],[-72.03242,-44.76545],[-72.01816,-44.75666],[-72.00061,-44.78638],[-71.95679,-44.78601],[-71.9275,-44.80404],[-71.91461,-44.77661],[-71.85211,-44.80078],[-71.81546,-44.79309],[-71.82458,-44.77494],[-71.78648,-44.75226],[-71.73593,-44.76879],[-71.68698,-44.76502],[-71.66634,-44.78721],[-71.59538,-44.77936],[-71.5816,-44.75226],[-71.56688,-44.75931],[-71.47421,-44.73707],[-71.39449,-44.79002],[-71.29182,-44.81395],[-71.25063,-44.79934],[-71.25373,-44.78525],[-71.2056,-44.74952],[-71.20227,-44.72284],[-71.2143,-44.71421],[-71.19584,-44.6849],[-71.23263,-44.65384]]]}},{"type":"Feature","properties":{"code":"26091","name":"Sarmiento"},"geometry":{"type":"Polygon","coordinates":[[[-69.64806,-45.99972],[-69.62679,-44.68137],[-68.37119,-44.68718],[-68.36312,-45.9999],[-69.64806,-45.99972]]]}},{"type":"Feature","properties":{"code":"26098","name":"Tehuelches"},"geometry":{"type":"Polygon","coordinates":[[[-69.53138,-43.78473],[-69.50912,-44.14491],[-69.91869,-44.67803],[-71.23263,-44.65384],[-71.23549,-44.64092],[-71.21636,-44.63577],[-71.21506,-44.61697],[-71.19431,-44.60198],[-71.20085,-44.59164],[-71.12789,-44.59758],[-71.09723,-44.58706],[-71.10325,-44.55334],[-71.09146,-44.53255],[-71.16373,-44.50104],[-71.12969,-44.4718],[-71.17111,-44.4391],[-71.22273,-44.43625],[-71.24618,-44.4174],[-71.34889,-44.4248],[-71.35267,-44.4034],[-71.3862,-44.38527],[-71.5105,-44.394],[-71.55179,-44.40897],[-71.61724,-44.39849],[-71.65788,-44.40899],[-71.71169,-44.37922],[-71.80299,-44.41965],[-71.81507,-44.41612],[-71.80433,-44.39914],[-71.82084,-44.39228],[-71.81751,-44.37748],[-71.83935,-44.3524],[-71.78719,-44.33132],[-71.80876,-44.28821],[-71.80312,-44.27169],[-71.82954,-44.26537],[-71.80636,-44.25811],[-71.80772,-44.22806],[-71.78002,-44.21719],[-71.80064,-44.21458],[-71.79988,-44.1917],[-71.84733,-44.15821],[-71.84774,-44.11102],[-71.78134,-44.11151],[-71.75943,-44.09961],[-71.64963,-43.93487],[-71.47835,-43.92012],[-71.38388,-43.87891],[-71.36932,-43.88313],[-71.37174,-43.93541],[-71.11842,-43.93985],[-71.11619,-43.84933],[-70.99586,-43.85066],[-70.99231,-43.76089],[-69.53138,-43.78473]]]}},{"type":"Feature","properties":{"code":"26105","name":"Telsen"},"geometry":{"type":"Polygon","coordinates":[[[-67.75057,-41.99999],[-65.9736,-42],[-65.94274,-42.86229],[-68.3816,-42.88283],[-68.3894,-42],[-67.75057,-41.99999]]]}},{"type":"Feature","properties":{"code":"30008","name":"Colón"},"geometry":{"type":"Polygon","coordinates":[[[-58.28849,-31.67279],[-58.27898,-31.69853],[-58.22851,-31.73537],[-58.16258,-31.74429],[-58.12238,-31.72115],[-58.08688,-31.7343],[-58.08217,-31.7202],[-58.0636,-31.7381],[-58.03698,-31.72722],[-58.0385,-31.75988],[-58.08394,-31.81957],[-58.19024,-31.85298],[-58.20681,-31.87165],[-58.19134,-31.92035],[-58.16872,-31.93209],[-58.1383,-32.00184],[-58.14314,-32.06056],[-58.1674,-32.09138],[-58.18333,-32.1592],[-58.10492,-32.24451],[-58.09908,-32.27013],[-58.10153,-32.3056],[-58.12357,-32.34077],[-58.18458,-32.38063],[-58.19715,-32.35682],[-58.22433,-32.367],[-58.23599,-32.34605],[-58.28592,-32.33152],[-58.34001,-32.26441],[-58.4171,-32.24967],[-58.41175,-32.18426],[-58.52895,-32.19071],[-58.55485,-32.24532],[-58.58627,-32.19626],[-58.62826,-32.19295],[-58.65169,-32.16208],[-58.66598,-32.06198],[-58.69734,-32.0288],[-58.69896,-31.97815],[-58.70751,-31.96482],[-58.73145,-31.9768],[-58.72369,-31.96972],[-58.74271,-31.92161],[-58.72933,-31.85657],[-58.69835,-31.86086],[-58.70858,-31.88819],[-58.60747,-31.90239],[-58.62777,-31.88296],[-58.59414,-31.84561],[-58.56476,-31.86172],[-58.53679,-31.84321],[-58.54321,-31.82228],[-58.50713,-31.7876],[-58.46027,-31.81612],[-58.40064,-31.81119],[-58.43079,-31.74136],[-58.3788,-31.7438],[-58.37342,-31.72155],[-58.28849,-31.67279]]]}},{"type":"Feature","properties":{"code":"30015","name":"Concordia"},"geometry":{"type":"Polygon","coordinates":[[[-58.38761,-30.82889],[-58.24992,-30.85441],[-58.27635,-30.88331],[-58.2745,-30.91848],[-58.25088,-30.92729],[-58.24903,-30.99234],[-58.23072,-31.01304],[-58.2735,-31.03712],[-58.19226,-31.0543],[-58.12496,-31.08946],[-58.10544,-31.08462],[-58.02784,-31.12338],[-57.96191,-31.2129],[-57.92436,-31.23716],[-57.99694,-31.36051],[-57.98049,-31.39045],[-58.08239,-31.45783],[-58.07827,-31.48881],[-58.00379,-31.53191],[-57.98042,-31.58283],[-58.01328,-31.68762],[-58.03698,-31.72722],[-58.0582,-31.73723],[-58.08217,-31.7202],[-58.08688,-31.7343],[-58.12164,-31.72105],[-58.18551,-31.74427],[-58.22902,-31.73524],[-58.27898,-31.69853],[-58.29052,-31.66604],[-58.27474,-31.66268],[-58.26058,-31.60035],[-58.27794,-31.58248],[-58.28019,-31.6022],[-58.29703,-31.60271],[-58.28671,-31.53956],[-58.32909,-31.54436],[-58.34598,-31.5065],[-58.32719,-31.50133],[-58.32599,-31.48636],[-58.34633,-31.49046],[-58.44936,-31.43175],[-58.45955,-31.38928],[-58.431,-31.36546],[-58.41934,-31.36947],[-58.41143,-31.35157],[-58.4721,-31.26676],[-58.40825,-31.23812],[-58.38759,-31.21071],[-58.54434,-31.13678],[-58.57513,-31.10392],[-58.57389,-31.07562],[-58.59848,-31.06191],[-58.5803,-31.04119],[-58.5493,-31.04591],[-58.49351,-31.0221],[-58.48359,-31.00889],[-58.50695,-30.98228],[-58.46636,-30.94553],[-58.46136,-30.90514],[-58.44025,-30.90254],[-58.44606,-30.88972],[-58.42721,-30.84714],[-58.38761,-30.82889]]]}},{"type":"Feature","properties":{"code":"30021","name":"Diamante"},"geometry":{"type":"Polygon","coordinates":[[[-60.56339,-31.81686],[-60.56143,-31.8294],[-60.53908,-31.83574],[-60.54175,-31.84878],[-60.5222,-31.85271],[-60.53705,-31.88827],[-60.51317,-31.89192],[-60.51688,-31.92573],[-60.41654,-31.95961],[-60.3847,-31.93255],[-60.34257,-31.94843],[-60.32866,-31.98799],[-60.34385,-31.97812],[-60.34431,-31.99498],[-60.366,-32.00345],[-60.34377,-32.01762],[-60.35308,-32.03922],[-60.33502,-32.07077],[-60.30297,-32.08289],[-60.28603,-32.04517],[-60.25406,-32.05285],[-60.21416,-32.11477],[-60.22552,-32.11619],[-60.20893,-32.1452],[-60.18215,-32.12311],[-60.14063,-32.15847],[-60.18118,-32.19252],[-60.17332,-32.21906],[-60.27883,-32.23261],[-60.2778,-32.24646],[-60.33887,-32.30005],[-60.37483,-32.2905],[-60.42152,-32.30274],[-60.44102,-32.3401],[-60.42518,-32.38567],[-60.3979,-32.40142],[-60.39766,-32.42943],[-60.41572,-32.44291],[-60.45609,-32.43877],[-60.44739,-32.45842],[-60.45826,-32.48622],[-60.47721,-32.49149],[-60.47571,-32.53675],[-60.51692,-32.5521],[-60.52495,-32.54492],[-60.51115,-32.53774],[-60.52412,-32.53653],[-60.53037,-32.51684],[-60.54218,-32.52604],[-60.52931,-32.52996],[-60.52291,-32.57433],[-60.57538,-32.57932],[-60.55961,-32.58306],[-60.57416,-32.59537],[-60.5572,-32.60168],[-60.59555,-32.63821],[-60.66913,-32.63039],[-60.68629,-32.68032],[-60.72589,-32.6636],[-60.74823,-32.63037],[-60.74738,-32.55432],[-60.77618,-32.50702],[-60.72382,-32.45612],[-60.71162,-32.39305],[-60.71899,-32.33404],[-60.67902,-32.31953],[-60.67261,-32.2326],[-60.70038,-32.14977],[-60.65855,-32.08016],[-60.65808,-32.05072],[-60.72351,-31.9776],[-60.71971,-31.9588],[-60.67187,-31.93018],[-60.65289,-31.89709],[-60.67449,-31.80972],[-60.60314,-31.82519],[-60.57076,-31.80892],[-60.56339,-31.81686]]]}},{"type":"Feature","properties":{"code":"30028","name":"Federación"},"geometry":{"type":"Polygon","coordinates":[[[-58.24506,-30.27104],[-58.20692,-30.28862],[-58.19195,-30.33563],[-58.14228,-30.40524],[-58.07257,-30.42519],[-58.07735,-30.4658],[-58.05778,-30.49642],[-58.06913,-30.54491],[-58.03702,-30.5679],[-58.03332,-30.59793],[-57.98023,-30.6294],[-57.97485,-30.64734],[-57.89478,-30.66941],[-57.85483,-30.69465],[-57.84375,-30.72166],[-57.80951,-30.73019],[-57.79927,-30.85322],[-57.82181,-30.90783],[-57.84507,-30.91993],[-57.89441,-30.90721],[-57.9149,-30.92056],[-57.86162,-31.04201],[-57.91907,-31.12991],[-57.91307,-31.21225],[-57.92436,-31.23716],[-57.96191,-31.2129],[-58.02784,-31.12338],[-58.10544,-31.08462],[-58.12496,-31.08946],[-58.19226,-31.0543],[-58.2735,-31.03712],[-58.23072,-31.01304],[-58.24903,-30.99234],[-58.25088,-30.92729],[-58.2745,-30.91848],[-58.27635,-30.88331],[-58.25035,-30.85397],[-58.35985,-30.84161],[-58.3897,-30.82559],[-58.40947,-30.83843],[-58.4717,-30.79875],[-58.49173,-30.73238],[-58.57731,-30.69016],[-58.56862,-30.66731],[-58.50107,-30.62675],[-58.52242,-30.6088],[-58.45711,-30.55236],[-58.3985,-30.4404],[-58.40954,-30.42515],[-58.34216,-30.35932],[-58.36148,-30.3353],[-58.40628,-30.34652],[-58.40805,-30.31691],[-58.35334,-30.3298],[-58.33837,-30.31398],[-58.3079,-30.33087],[-58.26961,-30.2524],[-58.24506,-30.27104]]]}},{"type":"Feature","properties":{"code":"30035","name":"Federal"},"geometry":{"type":"Polygon","coordinates":[[[-58.96265,-30.60344],[-58.91479,-30.62913],[-58.90593,-30.62263],[-58.87203,-30.66196],[-58.82297,-30.65468],[-58.76112,-30.69119],[-58.66474,-30.70216],[-58.59835,-30.67487],[-58.56903,-30.70072],[-58.49173,-30.73238],[-58.47145,-30.79906],[-58.41001,-30.83452],[-58.42721,-30.84714],[-58.44606,-30.88972],[-58.44025,-30.90254],[-58.46448,-30.90891],[-58.46636,-30.94553],[-58.50695,-30.98228],[-58.48359,-31.00889],[-58.49351,-31.0221],[-58.5493,-31.04591],[-58.5803,-31.04119],[-58.59848,-31.06191],[-58.57389,-31.07562],[-58.57513,-31.10392],[-58.54434,-31.13678],[-58.38759,-31.21071],[-58.40825,-31.23812],[-58.46527,-31.2608],[-58.53141,-31.26899],[-58.58386,-31.25782],[-58.63585,-31.29728],[-58.68391,-31.30142],[-58.9044,-31.21231],[-58.91032,-31.22782],[-58.92923,-31.2284],[-58.92489,-31.23754],[-58.97533,-31.25689],[-58.97127,-31.27172],[-58.99803,-31.28833],[-58.99081,-31.29542],[-59.0182,-31.32507],[-59.00954,-31.32724],[-59.01057,-31.33906],[-59.03489,-31.34917],[-59.04593,-31.36718],[-59.03447,-31.37613],[-59.05217,-31.37898],[-59.04463,-31.39358],[-59.07434,-31.40349],[-59.06519,-31.41177],[-59.07337,-31.43304],[-59.0947,-31.45526],[-59.14815,-31.41376],[-59.17273,-31.35001],[-59.23478,-31.26769],[-59.28508,-31.3036],[-59.29658,-31.28543],[-59.25844,-31.14741],[-59.2761,-31.12079],[-59.30167,-31.10991],[-59.27465,-31.05906],[-59.33989,-31.00981],[-59.3291,-31.00201],[-59.33629,-30.99473],[-59.28051,-30.96855],[-59.3092,-30.93686],[-59.27099,-30.90254],[-59.29245,-30.84628],[-59.33495,-30.80606],[-59.26075,-30.76334],[-59.20839,-30.76575],[-59.20121,-30.74616],[-59.11569,-30.71784],[-59.09703,-30.69122],[-59.06712,-30.69049],[-59.06803,-30.67622],[-59.0415,-30.6705],[-58.99933,-30.61005],[-58.96265,-30.60344]]]}},{"type":"Feature","properties":{"code":"30042","name":"Feliciano"},"geometry":{"type":"Polygon","coordinates":[[[-58.58534,-30.15902],[-58.49656,-30.20769],[-58.46107,-30.20694],[-58.45153,-30.22486],[-58.43705,-30.22167],[-58.36932,-30.26473],[-58.34373,-30.27125],[-58.28555,-30.24463],[-58.26961,-30.2524],[-58.3079,-30.33087],[-58.33837,-30.31398],[-58.35334,-30.3298],[-58.40805,-30.31691],[-58.40628,-30.34652],[-58.36148,-30.3353],[-58.34216,-30.35932],[-58.40954,-30.42515],[-58.3985,-30.4404],[-58.45711,-30.55236],[-58.52242,-30.6088],[-58.50107,-30.62675],[-58.56862,-30.66731],[-58.57731,-30.69016],[-58.59835,-30.67487],[-58.66474,-30.70216],[-58.76112,-30.69119],[-58.82297,-30.65468],[-58.87203,-30.66196],[-58.90593,-30.62263],[-58.91479,-30.62913],[-58.96338,-30.60156],[-59.00883,-30.62187],[-58.9314,-30.56136],[-58.98096,-30.55778],[-58.98032,-30.52184],[-59.04545,-30.51986],[-59.07726,-30.48841],[-59.0687,-30.41445],[-59.095,-30.38848],[-59.17634,-30.37746],[-59.21045,-30.34707],[-59.17168,-30.31809],[-59.13647,-30.31157],[-59.13658,-30.28657],[-59.07564,-30.25727],[-59.08146,-30.24907],[-59.06425,-30.23082],[-58.9652,-30.21834],[-58.91202,-30.24821],[-58.87886,-30.24666],[-58.80375,-30.21083],[-58.74836,-30.21388],[-58.73376,-30.19341],[-58.6807,-30.17503],[-58.68166,-30.16358],[-58.64714,-30.16319],[-58.63001,-30.17686],[-58.58534,-30.15902]]]}},{"type":"Feature","properties":{"code":"30049","name":"Gualeguay"},"geometry":{"type":"Polygon","coordinates":[[[-59.45744,-32.55685],[-59.40473,-32.59974],[-59.41468,-32.63983],[-59.12844,-32.71986],[-59.13452,-32.74966],[-59.11269,-32.74851],[-59.11086,-32.75867],[-59.12199,-32.76771],[-59.11436,-32.7749],[-59.13046,-32.77781],[-59.11208,-32.80558],[-59.14008,-32.82114],[-59.12546,-32.84821],[-59.14149,-32.84941],[-59.14591,-32.87395],[-59.16125,-32.87374],[-59.14009,-32.91187],[-59.18685,-32.93514],[-59.19966,-32.98587],[-59.21833,-32.98712],[-59.23342,-33.03489],[-59.26546,-33.06002],[-59.26257,-33.08003],[-59.277,-33.08291],[-59.26965,-33.10485],[-59.25245,-33.10533],[-59.26968,-33.11281],[-59.25097,-33.11543],[-59.25602,-33.12796],[-59.29158,-33.15407],[-59.30831,-33.17856],[-59.29637,-33.17743],[-59.29891,-33.18843],[-59.33662,-33.18375],[-59.31429,-33.20938],[-59.32294,-33.20239],[-59.35269,-33.2029],[-59.33397,-33.22821],[-59.39469,-33.23297],[-59.41575,-33.21389],[-59.4222,-33.22853],[-59.49728,-33.22706],[-59.52244,-33.19936],[-59.54754,-33.19854],[-59.64375,-33.3022],[-59.60658,-33.32564],[-59.63008,-33.34287],[-59.61708,-33.35714],[-59.5394,-33.37647],[-59.52225,-33.4323],[-59.42754,-33.46042],[-59.36046,-33.54264],[-59.3161,-33.54316],[-59.30199,-33.59184],[-59.25358,-33.63971],[-59.23075,-33.70943],[-59.17805,-33.74394],[-59.16809,-33.80939],[-59.21881,-33.8147],[-59.2489,-33.80341],[-59.25488,-33.78589],[-59.23541,-33.73999],[-59.25427,-33.72229],[-59.3927,-33.73669],[-59.44897,-33.72449],[-59.46777,-33.70428],[-59.47931,-33.65289],[-59.51674,-33.63083],[-59.59663,-33.69112],[-59.62075,-33.6921],[-59.63604,-33.6427],[-59.65641,-33.62167],[-59.80358,-33.59556],[-59.80953,-33.55166],[-59.82874,-33.52462],[-59.89474,-33.51028],[-59.93301,-33.47489],[-59.99939,-33.47013],[-60.04484,-33.44753],[-60.11108,-33.37299],[-60.16962,-33.349],[-60.20068,-33.29218],[-60.29783,-33.24228],[-60.2845,-33.20992],[-60.29426,-33.19184],[-60.23427,-33.21201],[-60.2206,-33.25391],[-60.21543,-33.23352],[-60.19412,-33.22187],[-60.17913,-33.24754],[-60.14961,-33.2527],[-60.15142,-33.23147],[-60.11663,-33.2197],[-60.06912,-33.25719],[-60.0366,-33.24599],[-60.05718,-33.23477],[-60.03569,-33.2289],[-60.01333,-33.28392],[-59.94916,-33.23584],[-59.93982,-33.27553],[-59.9097,-33.27746],[-59.90613,-33.2207],[-59.88639,-33.23572],[-59.88225,-33.26307],[-59.85638,-33.27206],[-59.79222,-33.23951],[-59.81831,-33.20051],[-59.76608,-33.13711],[-59.77726,-33.12288],[-59.80468,-33.12575],[-59.81507,-33.07853],[-59.83882,-33.07614],[-59.84819,-33.10086],[-59.89296,-33.03722],[-59.92295,-33.02771],[-59.93694,-33.04012],[-59.96071,-33.00554],[-59.9638,-33.0296],[-59.97608,-33.01011],[-60.0245,-33.01483],[-60.04374,-32.99295],[-59.98271,-32.99521],[-59.977,-32.96675],[-60.01135,-32.97564],[-60.02218,-32.95054],[-59.9549,-32.8984],[-59.90376,-32.93124],[-59.83866,-32.93483],[-59.84162,-32.91189],[-59.87104,-32.88811],[-59.85656,-32.86873],[-59.85738,-32.83876],[-59.84342,-32.84041],[-59.84523,-32.82449],[-59.81009,-32.79755],[-59.79405,-32.73634],[-59.7791,-32.72956],[-59.78899,-32.71065],[-59.77585,-32.66258],[-59.79808,-32.6425],[-59.77979,-32.61367],[-59.78258,-32.59011],[-59.75267,-32.58177],[-59.70525,-32.6097],[-59.63626,-32.61592],[-59.60714,-32.63201],[-59.60073,-32.55197],[-59.45744,-32.55685]]]}},{"type":"Feature","properties":{"code":"30056","name":"Gualeguaychú"},"geometry":{"type":"Polygon","coordinates":[[[-59.06547,-32.48629],[-58.97047,-32.52281],[-58.92122,-32.49156],[-58.91134,-32.51047],[-58.80259,-32.55846],[-58.72546,-32.55247],[-58.64002,-32.51153],[-58.58167,-32.55377],[-58.52012,-32.56237],[-58.51105,-32.59677],[-58.53065,-32.61066],[-58.51941,-32.65572],[-58.53273,-32.66976],[-58.51326,-32.67437],[-58.51839,-32.69777],[-58.48932,-32.74536],[-58.50495,-32.75654],[-58.48433,-32.86432],[-58.49396,-32.86045],[-58.498,-32.87423],[-58.26224,-32.87594],[-58.26269,-33.02764],[-58.11405,-33.03017],[-58.17816,-33.07774],[-58.36079,-33.12047],[-58.40272,-33.17633],[-58.40993,-33.23494],[-58.39047,-33.27912],[-58.39719,-33.31377],[-58.43171,-33.36333],[-58.43841,-33.51761],[-58.57886,-33.44101],[-58.59776,-33.47596],[-58.60199,-33.45984],[-58.68338,-33.43683],[-58.74651,-33.47644],[-58.79292,-33.44002],[-58.80177,-33.4584],[-58.84032,-33.44236],[-58.86126,-33.4813],[-58.84256,-33.49886],[-58.94777,-33.48199],[-59.14695,-33.40971],[-59.22275,-33.32349],[-59.25185,-33.20665],[-59.27131,-33.16418],[-59.2911,-33.15379],[-59.25051,-33.1171],[-59.26746,-33.11778],[-59.25245,-33.10533],[-59.27685,-33.09137],[-59.26184,-33.07819],[-59.26546,-33.06002],[-59.23342,-33.03489],[-59.21647,-32.98489],[-59.19966,-32.98587],[-59.18685,-32.93514],[-59.14009,-32.91187],[-59.16125,-32.87374],[-59.14591,-32.87395],[-59.14149,-32.84941],[-59.12546,-32.84821],[-59.12356,-32.83515],[-59.14105,-32.82587],[-59.11208,-32.80558],[-59.13047,-32.77735],[-59.11346,-32.77371],[-59.12199,-32.76771],[-59.11072,-32.75054],[-59.13452,-32.74966],[-59.12673,-32.7257],[-59.1451,-32.7107],[-59.12555,-32.70766],[-59.13459,-32.70733],[-59.11656,-32.68524],[-59.12526,-32.66297],[-59.10722,-32.66547],[-59.10504,-32.63385],[-59.09092,-32.62307],[-59.10217,-32.61533],[-59.09373,-32.59222],[-59.10836,-32.58794],[-59.08765,-32.5743],[-59.10893,-32.56451],[-59.09566,-32.54325],[-59.11678,-32.53092],[-59.10565,-32.53338],[-59.09907,-32.4875],[-59.06547,-32.48629]]]}},{"type":"Feature","properties":{"code":"30063","name":"Islas del Ibicuy"},"geometry":{"type":"Polygon","coordinates":[[[-58.43841,-33.51761],[-58.44501,-33.54105],[-58.49464,-33.58719],[-58.43437,-33.72189],[-58.42359,-33.91632],[-58.34499,-34.0384],[-58.37892,-34.01223],[-58.4632,-34.00189],[-58.63787,-34.0393],[-58.68402,-34.01929],[-58.76374,-33.94531],[-58.8306,-33.9553],[-58.85487,-33.94721],[-58.89978,-33.89099],[-58.97789,-33.87036],[-58.99288,-33.8418],[-59.02048,-33.84894],[-59.05548,-33.8324],[-59.13861,-33.84381],[-59.16809,-33.80939],[-59.17805,-33.74394],[-59.23075,-33.70943],[-59.25358,-33.63971],[-59.30199,-33.59184],[-59.3161,-33.54316],[-59.36046,-33.54264],[-59.42754,-33.46042],[-59.52225,-33.4323],[-59.5394,-33.37647],[-59.61708,-33.35714],[-59.63008,-33.34287],[-59.60658,-33.32564],[-59.64376,-33.2993],[-59.54882,-33.199],[-59.52244,-33.19936],[-59.49728,-33.22706],[-59.4222,-33.22853],[-59.41575,-33.21389],[-59.39469,-33.23297],[-59.34754,-33.23186],[-59.33277,-33.22394],[-59.35269,-33.2029],[-59.31429,-33.20938],[-59.33662,-33.18375],[-59.29891,-33.18843],[-59.29637,-33.17743],[-59.30831,-33.17856],[-59.2911,-33.15379],[-59.27131,-33.16418],[-59.25185,-33.20665],[-59.22275,-33.32349],[-59.14695,-33.40971],[-58.95248,-33.48076],[-58.84512,-33.49898],[-58.83434,-33.49722],[-58.86126,-33.4813],[-58.84032,-33.44236],[-58.80177,-33.4584],[-58.79292,-33.44002],[-58.74651,-33.47644],[-58.68338,-33.43683],[-58.65891,-33.43668],[-58.60199,-33.45984],[-58.59776,-33.47596],[-58.57886,-33.44101],[-58.43841,-33.51761]]]}},{"type":"Feature","properties":{"code":"30070","name":"La Paz"},"geometry":{"type":"Polygon","coordinates":[[[-59.42261,-30.31581],[-59.34792,-30.32435],[-59.32373,-30.35424],[-59.2983,-30.34679],[-59.28827,-30.36188],[-59.27351,-30.35243],[-59.24169,-30.36574],[-59.20354,-30.3479],[-59.17634,-30.37746],[-59.09643,-30.38773],[-59.0687,-30.41445],[-59.07726,-30.48841],[-59.04545,-30.51986],[-58.98032,-30.52184],[-58.98096,-30.55778],[-58.9314,-30.56136],[-58.96127,-30.59125],[-59.0123,-30.61391],[-59.01184,-30.63587],[-59.05117,-30.67779],[-59.06803,-30.67622],[-59.06613,-30.68999],[-59.09703,-30.69122],[-59.11569,-30.71784],[-59.20121,-30.74616],[-59.20839,-30.76575],[-59.26075,-30.76334],[-59.33335,-30.79887],[-59.29245,-30.84628],[-59.27099,-30.90254],[-59.3092,-30.93686],[-59.28051,-30.96855],[-59.33629,-30.99473],[-59.3291,-31.00201],[-59.33989,-31.00981],[-59.27465,-31.05906],[-59.30167,-31.10991],[-59.2761,-31.12079],[-59.25844,-31.14741],[-59.29623,-31.27534],[-59.28508,-31.3036],[-59.62504,-31.50494],[-59.61269,-31.45143],[-59.73673,-31.42963],[-59.73567,-31.41872],[-59.75872,-31.42176],[-59.82468,-31.49968],[-59.8624,-31.49393],[-59.85861,-31.4296],[-59.88562,-31.40763],[-59.8986,-31.34112],[-59.93476,-31.29143],[-59.9288,-31.2815],[-59.95348,-31.23647],[-59.94188,-31.22686],[-59.95266,-31.20477],[-59.98396,-31.18739],[-59.98328,-31.1557],[-59.96338,-31.11987],[-59.92544,-31.10505],[-59.87793,-31.05621],[-59.81818,-30.9425],[-59.73485,-30.87662],[-59.70487,-30.81738],[-59.69939,-30.76907],[-59.6333,-30.71393],[-59.67841,-30.64691],[-59.64514,-30.58823],[-59.65381,-30.48779],[-59.70344,-30.44261],[-59.6844,-30.356],[-59.67167,-30.33866],[-59.63682,-30.35775],[-59.6151,-30.41921],[-59.58777,-30.43482],[-59.55834,-30.33294],[-59.49021,-30.34433],[-59.42261,-30.31581]]]}},{"type":"Feature","properties":{"code":"30077","name":"Nogoyá"},"geometry":{"type":"Polygon","coordinates":[[[-59.60713,-31.87177],[-59.53442,-31.92487],[-59.57199,-31.95567],[-59.5184,-31.96104],[-59.48617,-31.9499],[-59.4395,-31.97058],[-59.40167,-31.93412],[-59.31444,-31.92357],[-59.34191,-31.94118],[-59.34299,-31.97184],[-59.37045,-32.02303],[-59.47485,-32.12642],[-59.45661,-32.14054],[-59.48291,-32.26869],[-59.46256,-32.28486],[-59.49583,-32.33884],[-59.44141,-32.35517],[-59.47584,-32.42696],[-59.44837,-32.45488],[-59.43935,-32.4895],[-59.44237,-32.51222],[-59.46033,-32.52389],[-59.45527,-32.55683],[-59.60073,-32.55197],[-59.60714,-32.63201],[-59.63626,-32.61592],[-59.70525,-32.6097],[-59.75267,-32.58177],[-59.77174,-32.5879],[-59.76959,-32.55134],[-59.78684,-32.54155],[-59.94203,-32.52195],[-59.97837,-32.49311],[-59.99958,-32.49151],[-59.99964,-32.45334],[-59.97682,-32.42167],[-60.03674,-32.3888],[-60.0464,-32.3493],[-60.11586,-32.30344],[-60.13123,-32.26897],[-60.1896,-32.26926],[-60.17703,-32.24235],[-60.18922,-32.23452],[-60.1711,-32.21674],[-60.18118,-32.19252],[-60.14063,-32.15847],[-60.18215,-32.12311],[-60.20893,-32.1452],[-60.22552,-32.11619],[-60.21416,-32.11477],[-60.25784,-32.0517],[-60.18192,-32.02349],[-60.14016,-31.98244],[-60.02599,-32.03107],[-60.01284,-31.97498],[-59.94378,-31.95172],[-59.94404,-31.9269],[-59.92118,-31.91813],[-59.91922,-31.88333],[-59.85672,-31.89244],[-59.76269,-31.92893],[-59.60713,-31.87177]]]}},{"type":"Feature","properties":{"code":"30084","name":"Paraná"},"geometry":{"type":"Polygon","coordinates":[[[-59.9603,-31.20978],[-59.95266,-31.20477],[-59.94146,-31.228],[-59.95358,-31.23581],[-59.9288,-31.2815],[-59.93476,-31.29143],[-59.8986,-31.34112],[-59.88562,-31.40763],[-59.85861,-31.4296],[-59.8624,-31.49393],[-59.82468,-31.49968],[-59.75872,-31.42176],[-59.73567,-31.41872],[-59.73673,-31.42963],[-59.61269,-31.45143],[-59.62504,-31.50494],[-59.57312,-31.47313],[-59.58371,-31.59933],[-59.5651,-31.62278],[-59.52019,-31.61312],[-59.5022,-31.63121],[-59.52048,-31.69203],[-59.57203,-31.72032],[-59.59395,-31.75322],[-59.58041,-31.78495],[-59.60354,-31.80675],[-59.61459,-31.87388],[-59.76269,-31.92893],[-59.85672,-31.89244],[-59.91922,-31.88333],[-59.92118,-31.91813],[-59.94404,-31.9269],[-59.94378,-31.95172],[-60.01284,-31.97498],[-60.02599,-32.03107],[-60.14016,-31.98244],[-60.18192,-32.02349],[-60.2508,-32.05235],[-60.28603,-32.04517],[-60.30297,-32.08289],[-60.32431,-32.07932],[-60.35308,-32.03922],[-60.34377,-32.01762],[-60.366,-32.00345],[-60.34431,-31.99498],[-60.34385,-31.97812],[-60.32866,-31.98799],[-60.34257,-31.94843],[-60.3847,-31.93255],[-60.41654,-31.95961],[-60.4628,-31.95102],[-60.45928,-31.93914],[-60.51688,-31.92573],[-60.51317,-31.89192],[-60.53705,-31.88827],[-60.5222,-31.85271],[-60.54175,-31.84878],[-60.53908,-31.83574],[-60.56143,-31.8294],[-60.57076,-31.80892],[-60.60314,-31.82519],[-60.67449,-31.80972],[-60.63857,-31.78748],[-60.63879,-31.742],[-60.59716,-31.71443],[-60.46759,-31.6983],[-60.33471,-31.61259],[-60.32567,-31.58666],[-60.33519,-31.54906],[-60.244,-31.5304],[-60.21235,-31.46782],[-60.14349,-31.4436],[-60.13843,-31.41339],[-60.08679,-31.34698],[-60.10559,-31.28992],[-60.01343,-31.25067],[-59.98396,-31.18739],[-59.9603,-31.20978]]]}},{"type":"Feature","properties":{"code":"30088","name":"San Salvador"},"geometry":{"type":"Polygon","coordinates":[[[-58.53256,-31.2688],[-58.46527,-31.2608],[-58.4721,-31.26676],[-58.41143,-31.35157],[-58.41934,-31.36947],[-58.431,-31.36546],[-58.45955,-31.38928],[-58.44936,-31.43175],[-58.34633,-31.49046],[-58.32599,-31.48636],[-58.32719,-31.50133],[-58.34598,-31.5065],[-58.32909,-31.54436],[-58.28671,-31.53956],[-58.29703,-31.60271],[-58.28019,-31.6022],[-58.27794,-31.58248],[-58.26058,-31.60035],[-58.27474,-31.66268],[-58.37342,-31.72155],[-58.3788,-31.7438],[-58.43079,-31.74136],[-58.40064,-31.81119],[-58.46027,-31.81612],[-58.50713,-31.7876],[-58.54321,-31.82228],[-58.53679,-31.84321],[-58.56476,-31.86172],[-58.59414,-31.84561],[-58.62777,-31.88296],[-58.60747,-31.90239],[-58.70858,-31.88819],[-58.69835,-31.86086],[-58.72933,-31.85657],[-58.72274,-31.82395],[-58.65703,-31.83368],[-58.60357,-31.77001],[-58.58673,-31.71404],[-58.59833,-31.71192],[-58.59046,-31.6397],[-58.58506,-31.62474],[-58.55816,-31.61866],[-58.51811,-31.55527],[-58.52676,-31.50225],[-58.51233,-31.47053],[-58.56588,-31.44429],[-58.58577,-31.39215],[-58.62771,-31.36756],[-58.63802,-31.3813],[-58.68439,-31.30126],[-58.63585,-31.29728],[-58.58386,-31.25782],[-58.53256,-31.2688]]]}},{"type":"Feature","properties":{"code":"30091","name":"Tala"},"geometry":{"type":"Polygon","coordinates":[[[-59.28361,-31.91659],[-59.17746,-31.95937],[-59.15123,-31.98556],[-59.08035,-31.9912],[-59.07181,-32.00233],[-59.08079,-32.02808],[-59.0646,-32.03296],[-59.06958,-32.0503],[-59.05924,-32.05282],[-59.06254,-32.06997],[-59.09888,-32.08968],[-59.07764,-32.09893],[-59.08585,-32.1114],[-59.07081,-32.11938],[-59.09534,-32.12882],[-59.07692,-32.17783],[-59.10246,-32.1981],[-59.11249,-32.2355],[-59.10427,-32.25046],[-59.084,-32.25065],[-59.07362,-32.31196],[-59.09592,-32.32967],[-59.08376,-32.34228],[-59.10258,-32.34777],[-59.08215,-32.36212],[-59.09366,-32.3737],[-59.08345,-32.3859],[-59.10506,-32.40382],[-59.08683,-32.42587],[-59.11366,-32.45543],[-59.09541,-32.46605],[-59.10645,-32.48503],[-59.09612,-32.50593],[-59.1113,-32.51554],[-59.10565,-32.53338],[-59.11678,-32.53092],[-59.09566,-32.54325],[-59.10893,-32.56451],[-59.08765,-32.5743],[-59.1084,-32.58903],[-59.09373,-32.59222],[-59.10217,-32.61533],[-59.09096,-32.62401],[-59.10504,-32.63385],[-59.10761,-32.66627],[-59.12589,-32.66394],[-59.11643,-32.68342],[-59.13459,-32.70733],[-59.12555,-32.70766],[-59.14302,-32.71314],[-59.23619,-32.6971],[-59.41484,-32.63967],[-59.40473,-32.59974],[-59.45527,-32.55683],[-59.46033,-32.52389],[-59.44237,-32.51222],[-59.43935,-32.4895],[-59.44837,-32.45488],[-59.47584,-32.42696],[-59.44141,-32.35517],[-59.49583,-32.33884],[-59.46256,-32.28486],[-59.48291,-32.26869],[-59.45661,-32.14054],[-59.47485,-32.12642],[-59.37045,-32.02303],[-59.34299,-31.97184],[-59.34191,-31.94118],[-59.28361,-31.91659]]]}},{"type":"Feature","properties":{"code":"30098","name":"Uruguay"},"geometry":{"type":"Polygon","coordinates":[[[-58.7055,-31.97483],[-58.69734,-32.0288],[-58.67711,-32.04191],[-58.67179,-32.0739],[-58.65644,-32.08603],[-58.64746,-32.17342],[-58.62679,-32.19404],[-58.58627,-32.19626],[-58.55676,-32.22858],[-58.56236,-32.24368],[-58.53954,-32.22838],[-58.5423,-32.20438],[-58.52895,-32.19071],[-58.41175,-32.18426],[-58.4171,-32.24967],[-58.34001,-32.26441],[-58.28592,-32.33152],[-58.23599,-32.34605],[-58.22433,-32.367],[-58.21022,-32.3544],[-58.18847,-32.37004],[-58.20445,-32.4633],[-58.18739,-32.53287],[-58.16058,-32.57078],[-58.14505,-32.67113],[-58.15009,-32.73198],[-58.1198,-32.81523],[-58.11573,-32.91911],[-58.0868,-32.96081],[-58.08493,-33.00406],[-58.11029,-33.02825],[-58.11405,-33.03017],[-58.26269,-33.02764],[-58.26224,-32.87594],[-58.498,-32.87423],[-58.49396,-32.86045],[-58.48433,-32.86432],[-58.50495,-32.75654],[-58.48932,-32.74536],[-58.51839,-32.69777],[-58.51326,-32.67437],[-58.53273,-32.66976],[-58.51941,-32.65572],[-58.53065,-32.61066],[-58.51105,-32.59677],[-58.52089,-32.56193],[-58.58167,-32.55377],[-58.64002,-32.51153],[-58.72546,-32.55247],[-58.77673,-32.56044],[-58.8385,-32.54888],[-58.91134,-32.51047],[-58.92122,-32.49156],[-58.97047,-32.52281],[-59.07748,-32.47898],[-59.10635,-32.48544],[-59.09546,-32.46582],[-59.11317,-32.45363],[-59.08683,-32.42587],[-59.10482,-32.40231],[-59.08345,-32.3859],[-59.09366,-32.3737],[-59.08215,-32.36212],[-59.10258,-32.34777],[-59.08376,-32.34228],[-59.09592,-32.32967],[-59.07362,-32.31196],[-59.084,-32.25065],[-59.10427,-32.25046],[-59.11249,-32.2355],[-59.10246,-32.1981],[-59.07692,-32.17783],[-59.09732,-32.13538],[-59.07081,-32.11938],[-59.09538,-32.08401],[-59.06252,-32.06938],[-59.00316,-32.08361],[-58.96787,-32.05199],[-58.91771,-32.06571],[-58.87093,-32.0467],[-58.86081,-32.02669],[-58.77311,-32.01457],[-58.73169,-31.9766],[-58.70751,-31.96482],[-58.7055,-31.97483]],[[-58.11035,-32.97133],[-58.10766,-33.00167],[-58.10912,-33.01038],[-58.11455,-33.0247],[-58.08738,-32.99677],[-58.08891,-32.95785],[-58.09972,-32.95157],[-58.10117,-32.95638],[-58.10778,-32.96224],[-58.11035,-32.97133]],[[-58.11404,-33.02106],[-58.10811,-33.00148],[-58.11574,-32.99035],[-58.12875,-33.02539],[-58.11404,-33.02106]],[[-58.11495,-32.97419],[-58.10859,-32.96181],[-58.10143,-32.95435],[-58.11248,-32.93116],[-58.11495,-32.97419]],[[-58.11438,-32.99014],[-58.11134,-32.98002],[-58.11198,-32.97167],[-58.11808,-32.98203],[-58.11438,-32.99014]],[[-58.12448,-33.00467],[-58.12644,-33.00785],[-58.12574,-33.0114],[-58.1244,-33.00856],[-58.12448,-33.00467]]]}},{"type":"Feature","properties":{"code":"30105","name":"Victoria"},"geometry":{"type":"Polygon","coordinates":[[[-60.16654,-32.27211],[-60.13123,-32.26897],[-60.11586,-32.30344],[-60.0464,-32.3493],[-60.03674,-32.3888],[-59.97682,-32.42167],[-59.99964,-32.45334],[-59.99958,-32.49151],[-59.97837,-32.49311],[-59.94203,-32.52195],[-59.76959,-32.55134],[-59.771,-32.59008],[-59.78258,-32.59011],[-59.77979,-32.61367],[-59.79808,-32.64195],[-59.77585,-32.66258],[-59.78899,-32.71065],[-59.7791,-32.72956],[-59.79405,-32.73634],[-59.81009,-32.79755],[-59.84523,-32.82449],[-59.84342,-32.84041],[-59.85738,-32.83876],[-59.85656,-32.86873],[-59.87104,-32.88811],[-59.84162,-32.91189],[-59.83866,-32.93483],[-59.90376,-32.93124],[-59.9549,-32.8984],[-60.02218,-32.95054],[-60.01135,-32.97564],[-59.977,-32.96675],[-59.98271,-32.99521],[-60.04417,-32.99509],[-60.01762,-33.01668],[-59.9755,-33.01028],[-59.9638,-33.0296],[-59.96856,-33.00931],[-59.95757,-33.00618],[-59.93561,-33.04057],[-59.92295,-33.02771],[-59.89296,-33.03722],[-59.85115,-33.0988],[-59.82447,-33.07364],[-59.80726,-33.09468],[-59.80468,-33.12575],[-59.76859,-33.13037],[-59.78179,-33.16902],[-59.80138,-33.17427],[-59.81831,-33.20051],[-59.79222,-33.23951],[-59.84165,-33.27205],[-59.8797,-33.26552],[-59.88639,-33.23572],[-59.90426,-33.22088],[-59.9097,-33.27746],[-59.93982,-33.27553],[-59.94916,-33.23584],[-60.01333,-33.28392],[-60.03569,-33.2289],[-60.05718,-33.23477],[-60.0366,-33.24599],[-60.06912,-33.25719],[-60.11663,-33.2197],[-60.15142,-33.23147],[-60.14961,-33.2527],[-60.17913,-33.24754],[-60.19412,-33.22187],[-60.21543,-33.23352],[-60.2206,-33.25391],[-60.23427,-33.21201],[-60.26789,-33.1951],[-60.32948,-33.17685],[-60.398,-33.18684],[-60.51318,-33.11292],[-60.60549,-32.99982],[-60.62025,-32.94794],[-60.67621,-32.8996],[-60.6814,-32.87156],[-60.65887,-32.83118],[-60.716,-32.77362],[-60.72589,-32.6636],[-60.68396,-32.68017],[-60.66913,-32.63039],[-60.62373,-32.62776],[-60.62545,-32.6415],[-60.58788,-32.63421],[-60.5572,-32.60168],[-60.57416,-32.59537],[-60.55961,-32.58306],[-60.57538,-32.57932],[-60.52291,-32.57433],[-60.52931,-32.52996],[-60.54218,-32.52604],[-60.53037,-32.51684],[-60.52412,-32.53653],[-60.51115,-32.53774],[-60.52495,-32.54492],[-60.51692,-32.5521],[-60.47415,-32.53497],[-60.47721,-32.49149],[-60.45826,-32.48622],[-60.44739,-32.45842],[-60.45815,-32.44093],[-60.44158,-32.43224],[-60.4406,-32.44354],[-60.41572,-32.44291],[-60.39441,-32.42013],[-60.3979,-32.40142],[-60.42556,-32.38504],[-60.44089,-32.34076],[-60.42152,-32.30274],[-60.37483,-32.2905],[-60.33771,-32.29966],[-60.2778,-32.24646],[-60.27883,-32.23261],[-60.19917,-32.22209],[-60.17332,-32.21906],[-60.18922,-32.23452],[-60.17703,-32.24235],[-60.1896,-32.26926],[-60.16654,-32.27211]]]}},{"type":"Feature","properties":{"code":"30113","name":"Villaguay"},"geometry":{"type":"Polygon","coordinates":[[[-58.89388,-31.21422],[-58.78108,-31.27097],[-58.68439,-31.30126],[-58.63802,-31.3813],[-58.62771,-31.36756],[-58.58577,-31.39215],[-58.56588,-31.44429],[-58.51233,-31.47053],[-58.52676,-31.50225],[-58.51811,-31.55527],[-58.55816,-31.61866],[-58.58506,-31.62474],[-58.59046,-31.6397],[-58.59833,-31.71192],[-58.58673,-31.71404],[-58.60357,-31.77001],[-58.65703,-31.83368],[-58.72274,-31.82395],[-58.74273,-31.92109],[-58.72369,-31.96972],[-58.77311,-32.01457],[-58.86081,-32.02669],[-58.87093,-32.0467],[-58.91771,-32.06571],[-58.96787,-32.05199],[-59.00316,-32.08361],[-59.06571,-32.06832],[-59.05924,-32.05282],[-59.06958,-32.0503],[-59.0646,-32.03296],[-59.08079,-32.02808],[-59.07181,-32.00233],[-59.08035,-31.9912],[-59.15123,-31.98556],[-59.17746,-31.95937],[-59.21367,-31.95344],[-59.27364,-31.91417],[-59.40167,-31.93412],[-59.4395,-31.97058],[-59.48617,-31.9499],[-59.5184,-31.96104],[-59.57199,-31.95567],[-59.53442,-31.92487],[-59.61193,-31.86905],[-59.61333,-31.83814],[-59.58041,-31.78495],[-59.59395,-31.75322],[-59.57203,-31.72032],[-59.52048,-31.69203],[-59.5022,-31.63121],[-59.52019,-31.61312],[-59.5651,-31.62278],[-59.58229,-31.60314],[-59.57312,-31.47313],[-59.23478,-31.26769],[-59.17273,-31.35001],[-59.14815,-31.41376],[-59.09426,-31.45515],[-59.06538,-31.41248],[-59.07027,-31.4097],[-59.07434,-31.40349],[-59.04463,-31.39358],[-59.05217,-31.37898],[-59.03447,-31.37613],[-59.04593,-31.36718],[-59.03489,-31.34917],[-59.01057,-31.33906],[-59.0182,-31.32507],[-58.99081,-31.29542],[-58.99803,-31.28833],[-58.97127,-31.27172],[-58.97533,-31.25689],[-58.89388,-31.21422]]]}},{"type":"Feature","properties":{"code":"34007","name":"Bermejo"},"geometry":{"type":"Polygon","coordinates":[[[-61.82715,-23.12912],[-61.79343,-23.16523],[-61.75442,-23.17109],[-61.73467,-23.19946],[-61.7349,-23.23575],[-61.66308,-23.27665],[-61.67159,-23.28397],[-61.60747,-23.28347],[-61.59005,-23.30465],[-61.57295,-23.30403],[-61.56656,-23.33938],[-61.51603,-23.35111],[-61.52221,-23.37727],[-61.49412,-23.42444],[-61.44949,-23.41905],[-61.38466,-23.45901],[-61.38466,-23.44725],[-61.37642,-23.45757],[-61.35207,-23.44995],[-61.29267,-23.49543],[-61.28086,-23.48867],[-61.2921,-23.50929],[-61.27379,-23.50619],[-61.27761,-23.51699],[-61.26316,-23.51633],[-61.2469,-23.5408],[-61.21512,-23.55175],[-61.18974,-23.54067],[-61.19537,-23.54997],[-61.17657,-23.54754],[-61.1466,-23.58021],[-61.13017,-23.57851],[-61.13192,-23.59801],[-61.12189,-23.5849],[-61.08952,-23.61386],[-61.10115,-23.62698],[-61.0905,-23.63905],[-61.09518,-23.66666],[-61.08115,-23.6709],[-61.08672,-23.67986],[-61.03999,-23.74302],[-61.01514,-23.75825],[-61.0204,-23.77262],[-60.98681,-23.81287],[-60.96495,-23.80863],[-60.95895,-23.82057],[-60.93393,-23.80033],[-60.85776,-23.8492],[-60.84734,-23.87155],[-60.74297,-23.87272],[-60.69421,-23.90259],[-60.61282,-23.90382],[-60.58735,-23.91702],[-60.59276,-23.94304],[-60.58002,-23.953],[-60.58993,-23.95884],[-60.50966,-23.97086],[-60.47779,-23.95094],[-60.38951,-23.99495],[-60.3805,-24.01909],[-60.36505,-24.02031],[-61.13291,-24.7869],[-61.15638,-24.78502],[-61.1502,-24.74986],[-61.17159,-24.73423],[-61.17017,-24.70992],[-61.15686,-24.70384],[-61.17064,-24.69993],[-61.18015,-24.72251],[-61.20807,-24.69803],[-61.20107,-24.68256],[-61.2177,-24.66562],[-61.19916,-24.6743],[-61.19726,-24.66127],[-61.22721,-24.65519],[-61.23006,-24.63521],[-61.24432,-24.65345],[-61.25573,-24.62174],[-61.27606,-24.63915],[-61.28473,-24.62434],[-61.34611,-24.63866],[-61.36184,-24.62165],[-61.38123,-24.63781],[-61.38273,-24.61276],[-61.45396,-24.61217],[-61.48105,-24.59522],[-61.47725,-24.57523],[-61.51876,-24.54701],[-61.52175,-24.51806],[-61.5964,-24.47929],[-61.58448,-24.43999],[-61.59751,-24.43822],[-61.60417,-24.45563],[-61.61035,-24.42168],[-61.6397,-24.43457],[-61.69449,-24.41515],[-61.71398,-24.38338],[-61.69401,-24.36596],[-61.72824,-24.35943],[-61.72063,-24.33983],[-61.76056,-24.32851],[-61.76151,-24.30672],[-61.79859,-24.33635],[-61.80239,-24.32241],[-61.83475,-24.31423],[-61.85177,-23.09446],[-61.82715,-23.12912]]]}},{"type":"Feature","properties":{"code":"34014","name":"Formosa"},"geometry":{"type":"Polygon","coordinates":[[[-57.82723,-25.75937],[-57.79656,-25.82486],[-57.81627,-25.84741],[-57.85847,-25.858],[-57.86304,-25.8822],[-57.83677,-25.9156],[-57.87897,-25.93227],[-57.8953,-25.96071],[-57.85401,-25.98744],[-57.85224,-26.0052],[-57.91952,-26.03233],[-57.94641,-26.06602],[-58.0154,-26.10167],[-58.09093,-26.11628],[-58.11864,-26.15435],[-58.11966,-26.1865],[-58.15786,-26.17993],[-58.10746,-26.21769],[-58.10472,-26.23274],[-58.16383,-26.26437],[-58.15967,-26.34882],[-58.21585,-26.38414],[-58.26735,-26.34418],[-58.50413,-26.34335],[-58.50539,-26.17364],[-58.56897,-26.1735],[-58.5687,-26.15921],[-58.75666,-26.1573],[-58.75766,-26.18355],[-58.92603,-26.1853],[-58.92586,-25.77856],[-58.60475,-25.77724],[-58.60497,-25.58307],[-58.22121,-25.58795],[-58.22062,-25.56041],[-58.19014,-25.57775],[-58.15269,-25.56292],[-58.03716,-25.6083],[-58.03555,-25.65834],[-58.02058,-25.68728],[-57.97926,-25.7128],[-57.82723,-25.75937]]]}},{"type":"Feature","properties":{"code":"34021","name":"Laishi"},"geometry":{"type":"Polygon","coordinates":[[[-58.34308,-26.3484],[-58.26735,-26.34418],[-58.21585,-26.38414],[-58.2185,-26.41783],[-58.1809,-26.4574],[-58.2336,-26.47354],[-58.2082,-26.49547],[-58.22493,-26.53607],[-58.19981,-26.56051],[-58.19409,-26.5978],[-58.2102,-26.62213],[-58.19067,-26.64315],[-58.20946,-26.65491],[-58.26022,-26.64509],[-58.248,-26.75462],[-58.29335,-26.75776],[-58.28398,-26.79539],[-58.33486,-26.80956],[-58.31789,-26.85273],[-58.32527,-26.86967],[-58.37021,-26.86427],[-58.37824,-26.87984],[-58.3825,-26.85892],[-58.39866,-26.86489],[-58.39058,-26.84102],[-58.40104,-26.82993],[-58.40437,-26.84059],[-58.40912,-26.82737],[-58.42814,-26.83377],[-58.42243,-26.82438],[-58.44382,-26.83206],[-58.45048,-26.81713],[-58.4733,-26.82822],[-58.48566,-26.79495],[-58.53414,-26.75613],[-58.53081,-26.74076],[-58.5446,-26.73863],[-58.54539,-26.75159],[-58.56912,-26.7277],[-58.57218,-26.68752],[-58.611,-26.68149],[-58.68155,-26.64249],[-58.68942,-26.59415],[-58.74438,-26.60265],[-58.7706,-26.53866],[-58.79615,-26.53504],[-58.79113,-26.51996],[-58.84561,-26.51922],[-58.86575,-26.47508],[-58.90981,-26.46256],[-58.91485,-26.44514],[-58.94197,-26.43066],[-58.97486,-26.38846],[-58.97445,-26.18577],[-58.75766,-26.18355],[-58.75666,-26.1573],[-58.5687,-26.15921],[-58.56897,-26.1735],[-58.50539,-26.17364],[-58.50413,-26.34335],[-58.34308,-26.3484]]]}},{"type":"Feature","properties":{"code":"34028","name":"Matacos"},"geometry":{"type":"Polygon","coordinates":[[[-61.83475,-24.31423],[-61.83995,-24.3015],[-61.87932,-24.30732],[-61.88368,-24.26664],[-61.90852,-24.30676],[-61.92026,-24.2839],[-61.90401,-24.27777],[-61.90784,-24.25943],[-61.95451,-24.26141],[-61.95213,-24.23657],[-61.98465,-24.2271],[-61.97923,-24.24528],[-61.98921,-24.25051],[-62.01155,-24.22741],[-62.04103,-24.24049],[-62.05529,-24.21128],[-62.08286,-24.23046],[-62.07643,-24.2013],[-62.13847,-24.21869],[-62.1361,-24.19602],[-62.17508,-24.20125],[-62.18268,-24.15503],[-62.21643,-24.1511],[-62.22832,-24.1354],[-62.24353,-24.14543],[-62.30152,-24.1162],[-62.32434,-24.12318],[-62.3096,-24.1053],[-62.32672,-24.07868],[-62.34216,-24.11025],[-62.34197,-23.49542],[-61.84389,-23.49292],[-61.83475,-24.31423]]]}},{"type":"Feature","properties":{"code":"34035","name":"Patiño"},"geometry":{"type":"Polygon","coordinates":[[[-60.06824,-24.01171],[-60.03901,-24.01166],[-59.47591,-24.33114],[-59.4566,-24.37351],[-59.42128,-24.40888],[-59.3741,-24.42187],[-59.35049,-24.48305],[-59.29345,-24.51549],[-59.25761,-24.51968],[-59.24128,-24.54606],[-59.18554,-24.56364],[-59.12986,-24.61685],[-59.07983,-24.62128],[-59.02388,-24.6601],[-58.97297,-24.66206],[-58.89174,-24.71502],[-58.89118,-25.05196],[-59.63515,-25.60752],[-59.63974,-26.12639],[-59.62625,-26.13434],[-59.65859,-26.14356],[-59.64927,-26.11945],[-59.6783,-26.115],[-59.68251,-26.08949],[-59.66361,-26.06246],[-59.67864,-26.05413],[-59.66818,-26.02492],[-59.68543,-26.0094],[-59.67117,-26.0033],[-59.70779,-26.00978],[-59.70806,-25.99632],[-59.72509,-25.99976],[-59.72787,-25.97015],[-59.7408,-25.97555],[-59.75143,-25.96324],[-59.74357,-25.94952],[-59.75452,-25.95563],[-59.75346,-25.92072],[-59.76864,-25.92568],[-59.76457,-25.916],[-59.78828,-25.90971],[-59.78118,-25.89668],[-59.8268,-25.88994],[-59.81572,-25.88443],[-59.82716,-25.86964],[-59.83613,-25.87598],[-59.84368,-25.85605],[-59.87134,-25.8458],[-59.85921,-25.83803],[-59.87721,-25.84509],[-59.87751,-25.80221],[-59.92647,-25.79189],[-59.9279,-25.76994],[-59.94311,-25.77338],[-59.94263,-25.75961],[-59.95499,-25.76994],[-59.98684,-25.74325],[-59.97971,-25.72301],[-60.01156,-25.72947],[-60.01821,-25.70406],[-60.06337,-25.67391],[-60.10283,-25.67004],[-60.1014,-25.65754],[-60.11566,-25.66314],[-60.14228,-25.63729],[-60.17698,-25.6597],[-60.19267,-25.636],[-60.17508,-25.6304],[-60.20313,-25.61359],[-60.18411,-25.61143],[-60.22642,-25.586],[-60.20503,-25.57393],[-60.23783,-25.55927],[-60.24163,-25.54461],[-60.22024,-25.53426],[-60.2269,-25.50148],[-60.24116,-25.50881],[-60.22452,-25.48508],[-60.25257,-25.46394],[-60.27443,-25.46653],[-60.28251,-25.4333],[-60.3001,-25.42768],[-60.29582,-25.40998],[-60.32292,-25.42423],[-60.30771,-25.40567],[-60.3272,-25.40739],[-60.33385,-25.39142],[-60.31294,-25.3884],[-60.34621,-25.38019],[-60.33861,-25.36551],[-60.35429,-25.32274],[-60.38899,-25.33527],[-60.41371,-25.30762],[-60.4275,-25.3154],[-60.44176,-25.26527],[-60.48502,-25.23587],[-60.48977,-25.20949],[-60.50831,-25.21382],[-60.51021,-25.1883],[-60.52965,-25.17178],[-60.541,-25.16745],[-60.56836,-25.19876],[-60.57121,-25.16977],[-60.58595,-25.17799],[-60.60544,-25.15939],[-60.60829,-25.17713],[-60.63063,-25.17756],[-60.65155,-25.16545],[-60.64442,-25.1542],[-60.67056,-25.14901],[-60.65345,-25.11958],[-60.68625,-25.11396],[-60.67627,-25.13559],[-60.70004,-25.11958],[-60.72145,-25.12521],[-60.73807,-25.09751],[-60.76754,-25.09058],[-60.74852,-25.06937],[-60.80699,-25.06417],[-60.81412,-25.07456],[-60.83694,-25.03819],[-60.82173,-25.03429],[-60.86974,-25.03126],[-60.89208,-25.01134],[-60.92108,-25.01047],[-60.92726,-24.99271],[-60.94009,-25.00441],[-60.94152,-24.99098],[-60.92155,-24.97928],[-60.95352,-24.97265],[-60.96397,-24.94839],[-60.99571,-24.93378],[-60.99419,-24.91639],[-61.02023,-24.92132],[-61.01615,-24.9095],[-61.03184,-24.90126],[-61.02423,-24.88912],[-61.04277,-24.89736],[-61.0751,-24.8727],[-61.06796,-24.85747],[-61.09126,-24.8527],[-61.09268,-24.83491],[-61.13073,-24.82015],[-61.14687,-24.7989],[-60.36505,-24.02031],[-60.2803,-24.04361],[-60.19225,-24.04489],[-60.06824,-24.01171]]]}},{"type":"Feature","properties":{"code":"34042","name":"Pilagás"},"geometry":{"type":"Polygon","coordinates":[[[-58.38084,-24.95624],[-58.37835,-25.39297],[-58.60517,-25.39435],[-58.6051,-25.47065],[-59.05363,-25.17402],[-58.89118,-25.05196],[-58.89174,-24.71502],[-58.80736,-24.77241],[-58.72699,-24.77433],[-58.70857,-24.81052],[-58.68875,-24.81018],[-58.6735,-24.83151],[-58.57358,-24.82103],[-58.52619,-24.85082],[-58.5109,-24.84351],[-58.4737,-24.86091],[-58.43002,-24.8933],[-58.42863,-24.92344],[-58.40834,-24.92306],[-58.38084,-24.95624]]]}},{"type":"Feature","properties":{"code":"34049","name":"Pilcomayo"},"geometry":{"type":"Polygon","coordinates":[[[-57.82723,-25.75937],[-57.97926,-25.7128],[-58.02058,-25.68728],[-58.03555,-25.65834],[-58.03716,-25.6083],[-58.15269,-25.56292],[-58.19014,-25.57775],[-58.22062,-25.56041],[-58.22121,-25.58795],[-58.60497,-25.58307],[-58.60517,-25.39435],[-58.37835,-25.39297],[-58.38084,-24.95624],[-58.34936,-24.9707],[-58.32958,-25.00088],[-58.25537,-24.93186],[-58.22465,-24.92711],[-58.22444,-24.94203],[-58.202,-24.94966],[-58.19347,-24.96803],[-58.14978,-24.97521],[-58.13716,-25.01168],[-58.11315,-25.01963],[-58.09057,-25.00875],[-58.06867,-25.04571],[-58.00574,-25.03506],[-57.99071,-25.08179],[-57.94177,-25.07168],[-57.86113,-25.08159],[-57.83701,-25.13143],[-57.7535,-25.17647],[-57.74862,-25.20674],[-57.75906,-25.22027],[-57.73568,-25.23464],[-57.74103,-25.25325],[-57.72269,-25.25305],[-57.72243,-25.27753],[-57.71183,-25.27305],[-57.7051,-25.29173],[-57.69445,-25.28597],[-57.70723,-25.30006],[-57.70285,-25.3222],[-57.64235,-25.38335],[-57.59652,-25.40106],[-57.5743,-25.42722],[-57.55939,-25.46178],[-57.57971,-25.51253],[-57.57059,-25.54931],[-57.58041,-25.56942],[-57.60457,-25.56879],[-57.61079,-25.61065],[-57.63267,-25.61636],[-57.6731,-25.59534],[-57.6747,-25.65902],[-57.73472,-25.64677],[-57.76568,-25.69034],[-57.75929,-25.70953],[-57.72876,-25.7095],[-57.73202,-25.7237],[-57.77949,-25.76095],[-57.82723,-25.75937]]]}},{"type":"Feature","properties":{"code":"34056","name":"Pirané"},"geometry":{"type":"Polygon","coordinates":[[[-58.92607,-26.01818],[-58.92603,-26.1853],[-58.97445,-26.18577],[-58.97486,-26.38846],[-59.00273,-26.37415],[-59.02408,-26.38122],[-59.0429,-26.36535],[-59.06848,-26.37423],[-59.106,-26.34485],[-59.12882,-26.34399],[-59.11028,-26.326],[-59.15387,-26.31686],[-59.1388,-26.31272],[-59.14023,-26.29944],[-59.18196,-26.30472],[-59.19259,-26.32973],[-59.25473,-26.34049],[-59.25241,-26.34871],[-59.31112,-26.33943],[-59.31299,-26.31895],[-59.35751,-26.33797],[-59.40329,-26.29948],[-59.38694,-26.29473],[-59.39607,-26.27378],[-59.38069,-26.26493],[-59.39793,-26.25862],[-59.41586,-26.22216],[-59.4103,-26.2071],[-59.42935,-26.19775],[-59.41874,-26.19617],[-59.42066,-26.1783],[-59.40893,-26.18001],[-59.42138,-26.16116],[-59.45416,-26.14761],[-59.45618,-26.1602],[-59.46497,-26.15059],[-59.4958,-26.16238],[-59.53548,-26.14132],[-59.57423,-26.15281],[-59.58477,-26.12183],[-59.59721,-26.13096],[-59.60335,-26.11522],[-59.63664,-26.11993],[-59.63515,-25.60752],[-59.05363,-25.17402],[-58.6051,-25.47065],[-58.60475,-25.77724],[-58.92586,-25.77856],[-58.92607,-26.01818]]]}},{"type":"Feature","properties":{"code":"34063","name":"Ramón Lista"},"geometry":{"type":"Polygon","coordinates":[[[-62.31201,-22.48666],[-62.29037,-22.47443],[-62.28707,-22.52266],[-62.28092,-22.51143],[-62.25229,-22.5153],[-62.25464,-22.53205],[-62.2341,-22.54433],[-62.23348,-22.57049],[-62.26421,-22.60021],[-62.23579,-22.61572],[-62.24235,-22.62836],[-62.22574,-22.62264],[-62.20721,-22.64576],[-62.18896,-22.62255],[-62.20102,-22.68366],[-62.18629,-22.67868],[-62.17722,-22.69361],[-62.20107,-22.69513],[-62.19699,-22.71428],[-62.18491,-22.7051],[-62.1082,-22.81953],[-62.09524,-22.80614],[-62.07217,-22.84667],[-62.04055,-22.86941],[-62.02482,-22.92771],[-61.99899,-22.93051],[-62.01038,-22.97569],[-61.99677,-22.96608],[-62.00595,-22.98847],[-61.9925,-22.99203],[-61.99712,-23.01018],[-61.98947,-23.00292],[-61.98278,-23.0229],[-61.95161,-23.03376],[-61.95534,-23.04851],[-61.94006,-23.04654],[-61.93473,-23.06769],[-61.89183,-23.06963],[-61.88816,-23.08721],[-61.85177,-23.09446],[-61.84389,-23.49292],[-62.34197,-23.49542],[-62.34226,-22.46094],[-62.33446,-22.47873],[-62.31201,-22.48666]]]}},{"type":"Feature","properties":{"code":"38007","name":"Cochinoca"},"geometry":{"type":"Polygon","coordinates":[[[-65.64458,-22.46756],[-65.54625,-22.47995],[-65.50771,-22.52587],[-65.44637,-22.55496],[-65.34864,-22.55118],[-65.34858,-22.62262],[-65.41052,-22.74469],[-65.443,-22.76308],[-65.50765,-22.76534],[-65.52235,-22.82499],[-65.57749,-22.8612],[-65.61445,-22.92746],[-65.67272,-22.95518],[-65.69774,-23.01209],[-65.70311,-23.06501],[-65.69254,-23.08678],[-65.71881,-23.14066],[-65.72036,-23.2009],[-65.73633,-23.22901],[-65.72113,-23.27357],[-65.74395,-23.31431],[-65.73089,-23.35456],[-65.74272,-23.41258],[-65.76018,-23.41575],[-65.82003,-23.37294],[-65.83337,-23.38347],[-65.83928,-23.41908],[-65.86702,-23.45432],[-65.84356,-23.48161],[-65.85805,-23.54822],[-65.92102,-23.63591],[-65.95874,-23.66196],[-65.95948,-23.67858],[-65.97079,-23.67084],[-66.00193,-23.68188],[-65.98722,-23.50965],[-66.0112,-23.50878],[-66.1198,-23.43029],[-66.18443,-23.41687],[-66.19833,-23.3917],[-66.10588,-23.22333],[-66.11132,-23.16026],[-66.28176,-22.99931],[-66.58489,-22.99931],[-66.59148,-22.85213],[-66.56786,-22.83251],[-66.5201,-22.83278],[-66.49015,-22.80041],[-66.45381,-22.80436],[-66.43165,-22.72857],[-66.35666,-22.76752],[-66.31233,-22.69495],[-66.25836,-22.69079],[-66.22323,-22.71031],[-66.18152,-22.67167],[-66.13664,-22.68228],[-66.07789,-22.66785],[-66.03949,-22.64806],[-65.99945,-22.58958],[-65.92132,-22.6207],[-65.88581,-22.5567],[-65.86894,-22.5667],[-65.83859,-22.53761],[-65.82848,-22.43867],[-65.64458,-22.46756]]]}},{"type":"Feature","properties":{"code":"38014","name":"El Carmen"},"geometry":{"type":"Polygon","coordinates":[[[-65.2627,-24.31436],[-64.89982,-24.38328],[-64.95404,-24.4497],[-64.85408,-24.47433],[-64.88548,-24.52084],[-64.89347,-24.56089],[-64.88366,-24.57158],[-64.89694,-24.59199],[-64.92741,-24.59977],[-65.07967,-24.56218],[-65.10516,-24.52304],[-65.19412,-24.45986],[-65.22765,-24.46756],[-65.22927,-24.48622],[-65.34633,-24.49682],[-65.35935,-24.45894],[-65.35065,-24.42904],[-65.36793,-24.41098],[-65.35719,-24.38304],[-65.26962,-24.36219],[-65.2627,-24.31436]]]}},{"type":"Feature","properties":{"code":"38021","name":"Dr. Manuel Belgrano"},"geometry":{"type":"Polygon","coordinates":[[[-65.59755,-23.99322],[-65.54706,-24.02127],[-65.50763,-24.01283],[-65.43309,-24.02679],[-65.44346,-23.99045],[-65.41973,-23.97826],[-65.41931,-23.94321],[-65.38258,-23.93804],[-65.36145,-23.91908],[-65.34508,-23.92725],[-65.33924,-23.86857],[-65.35323,-23.85668],[-65.31787,-23.84585],[-65.30553,-23.86425],[-65.28135,-23.8636],[-65.18476,-23.92024],[-65.18209,-23.95109],[-65.21912,-23.97249],[-65.22301,-23.99825],[-65.17979,-23.97741],[-65.1366,-23.97429],[-65.10987,-24.03254],[-65.13115,-24.08657],[-65.15835,-24.09536],[-65.20077,-24.08241],[-65.20914,-24.10816],[-65.24076,-24.12938],[-65.21341,-24.13886],[-65.21838,-24.20814],[-65.20427,-24.23021],[-65.23488,-24.21707],[-65.25712,-24.22978],[-65.22805,-24.25458],[-65.23496,-24.27673],[-65.34579,-24.25499],[-65.37963,-24.2777],[-65.44591,-24.2692],[-65.4881,-24.29572],[-65.57547,-24.29443],[-65.62835,-24.27778],[-65.69719,-24.2297],[-65.69447,-24.21481],[-65.72502,-24.186],[-65.71543,-24.16694],[-65.73077,-24.14421],[-65.72086,-24.10934],[-65.75283,-24.0706],[-65.7474,-24.04085],[-65.70504,-23.98385],[-65.68817,-23.86384],[-65.64758,-23.82994],[-65.59459,-23.88636],[-65.59755,-23.99322]]]}},{"type":"Feature","properties":{"code":"38028","name":"Humahuaca"},"geometry":{"type":"Polygon","coordinates":[[[-65.27765,-22.64638],[-65.27252,-22.66192],[-65.30606,-22.7304],[-65.30199,-22.76502],[-65.27423,-22.79011],[-65.26279,-22.874],[-65.24923,-22.89048],[-65.25334,-22.92474],[-65.21824,-22.95895],[-65.19902,-22.95806],[-65.18891,-22.99815],[-65.13376,-23.00188],[-65.06798,-23.04494],[-65.06221,-23.11878],[-65.07169,-23.13765],[-65.04502,-23.15574],[-65.05987,-23.19116],[-65.08449,-23.19708],[-65.16755,-23.3152],[-65.33872,-23.39106],[-65.36116,-23.37155],[-65.39567,-23.36752],[-65.43605,-23.33213],[-65.53428,-23.31158],[-65.71045,-23.38533],[-65.74272,-23.41258],[-65.73089,-23.35456],[-65.74395,-23.31431],[-65.72113,-23.27357],[-65.73633,-23.22901],[-65.72036,-23.2009],[-65.71881,-23.14066],[-65.69254,-23.08678],[-65.70311,-23.06501],[-65.69774,-23.01209],[-65.67272,-22.95518],[-65.61445,-22.92746],[-65.57749,-22.8612],[-65.52235,-22.82499],[-65.50765,-22.76534],[-65.443,-22.76308],[-65.41052,-22.74469],[-65.34471,-22.60638],[-65.27765,-22.64638]]]}},{"type":"Feature","properties":{"code":"38035","name":"Ledesma"},"geometry":{"type":"Polygon","coordinates":[[[-64.68254,-23.45246],[-64.65769,-23.48317],[-64.53256,-23.52136],[-64.53483,-23.5384],[-64.49587,-23.56714],[-64.47882,-23.60821],[-64.45849,-23.61522],[-64.44833,-23.63942],[-64.42951,-23.63804],[-64.46201,-23.65298],[-64.4874,-23.68435],[-64.48477,-23.70061],[-64.5107,-23.69975],[-64.56837,-23.73026],[-64.57227,-23.7885],[-64.5906,-23.81869],[-64.61111,-23.81599],[-64.61179,-23.84761],[-64.62691,-23.84836],[-64.62828,-23.87372],[-64.64475,-23.87732],[-64.66006,-23.91339],[-64.64768,-23.92616],[-64.66501,-23.9315],[-64.66135,-23.97338],[-64.67421,-23.98243],[-64.66403,-23.99241],[-64.68919,-23.99379],[-64.69355,-24.014],[-64.67956,-24.01604],[-64.69612,-24.0416],[-64.78356,-24.09452],[-64.84411,-24.07892],[-64.85257,-24.05017],[-64.91937,-24.01065],[-65.00127,-24.02221],[-65.07325,-24.01545],[-65.10987,-24.03254],[-65.1366,-23.97429],[-65.17979,-23.97741],[-65.22301,-23.99825],[-65.21912,-23.97249],[-65.18209,-23.95109],[-65.18179,-23.92511],[-65.29145,-23.86142],[-65.29591,-23.8195],[-65.27133,-23.82818],[-65.23274,-23.79047],[-65.20713,-23.7863],[-65.09675,-23.85664],[-65.10243,-23.78623],[-65.0879,-23.73797],[-65.01491,-23.69902],[-64.92445,-23.73341],[-64.9119,-23.72159],[-64.92015,-23.70641],[-64.8993,-23.67171],[-64.89417,-23.59853],[-64.85956,-23.58333],[-64.84308,-23.53306],[-64.84569,-23.48696],[-64.78748,-23.49616],[-64.76115,-23.47566],[-64.73943,-23.47894],[-64.73843,-23.46762],[-64.68254,-23.45246]]]}},{"type":"Feature","properties":{"code":"38042","name":"Palpalá"},"geometry":{"type":"Polygon","coordinates":[[[-65.05384,-24.01548],[-65.04897,-24.18041],[-65.07429,-24.17084],[-65.07524,-24.19927],[-65.05393,-24.2526],[-65.06364,-24.29258],[-65.03481,-24.31878],[-65.02065,-24.36499],[-65.13852,-24.33494],[-65.17869,-24.27835],[-65.20384,-24.28647],[-65.23496,-24.27673],[-65.22805,-24.25458],[-65.25712,-24.22978],[-65.23488,-24.21707],[-65.20427,-24.23021],[-65.21838,-24.20814],[-65.21341,-24.13886],[-65.24076,-24.12938],[-65.20914,-24.10816],[-65.20104,-24.08259],[-65.15835,-24.09536],[-65.13142,-24.08673],[-65.1205,-24.04186],[-65.10265,-24.02339],[-65.05384,-24.01548]]]}},{"type":"Feature","properties":{"code":"38049","name":"Rinconada"},"geometry":{"type":"Polygon","coordinates":[[[-66.40986,-22.26447],[-66.38718,-22.28037],[-66.34981,-22.28234],[-66.31904,-22.32559],[-66.05948,-22.25844],[-66.03194,-22.26907],[-65.98611,-22.40335],[-65.82848,-22.43867],[-65.83859,-22.53761],[-65.86894,-22.5667],[-65.88581,-22.5567],[-65.92132,-22.6207],[-65.99945,-22.58958],[-66.03949,-22.64806],[-66.07789,-22.66785],[-66.13664,-22.68228],[-66.18152,-22.67167],[-66.22323,-22.71031],[-66.25836,-22.69079],[-66.31233,-22.69495],[-66.35666,-22.76752],[-66.43165,-22.72857],[-66.45381,-22.80436],[-66.49015,-22.80041],[-66.5201,-22.83278],[-66.56786,-22.83251],[-66.59148,-22.85213],[-66.58489,-22.99931],[-66.99122,-22.99931],[-67.1805,-22.81413],[-67.12775,-22.72211],[-67.01408,-22.65481],[-67.02725,-22.54088],[-66.97294,-22.54066],[-66.92856,-22.49223],[-66.78247,-22.43807],[-66.78431,-22.40177],[-66.7664,-22.35774],[-66.73432,-22.38037],[-66.68159,-22.37781],[-66.56559,-22.41949],[-66.49262,-22.37644],[-66.464,-22.31195],[-66.41403,-22.24645],[-66.40986,-22.26447]]]}},{"type":"Feature","properties":{"code":"38056","name":"San Antonio"},"geometry":{"type":"Polygon","coordinates":[[[-65.58759,-24.2907],[-65.4881,-24.29572],[-65.45012,-24.26981],[-65.37963,-24.2777],[-65.34579,-24.25499],[-65.20397,-24.28645],[-65.17869,-24.27835],[-65.13757,-24.3264],[-65.18142,-24.33086],[-65.26949,-24.31383],[-65.26941,-24.36202],[-65.35719,-24.38304],[-65.36793,-24.41098],[-65.35065,-24.42904],[-65.35726,-24.46242],[-65.42529,-24.45045],[-65.43466,-24.46218],[-65.46429,-24.43058],[-65.48444,-24.42787],[-65.50436,-24.43809],[-65.50633,-24.45542],[-65.54042,-24.45152],[-65.57127,-24.42225],[-65.60015,-24.41704],[-65.62136,-24.38177],[-65.65633,-24.37742],[-65.68269,-24.30772],[-65.67247,-24.2487],[-65.58759,-24.2907]]]}},{"type":"Feature","properties":{"code":"38063","name":"San Pedro"},"geometry":{"type":"Polygon","coordinates":[[[-64.94509,-24.01192],[-64.88111,-24.02554],[-64.85198,-24.05089],[-64.85121,-24.07399],[-64.80585,-24.09047],[-64.78341,-24.09453],[-64.73495,-24.06166],[-64.70584,-24.06286],[-64.72168,-24.09705],[-64.69289,-24.16548],[-64.69278,-24.20937],[-64.73807,-24.31738],[-64.69172,-24.33517],[-64.61405,-24.33423],[-64.57896,-24.32059],[-64.53034,-24.32539],[-64.49588,-24.3015],[-64.52417,-24.334],[-64.54727,-24.42142],[-64.52265,-24.46233],[-64.56013,-24.57723],[-64.64404,-24.61282],[-64.67417,-24.60387],[-64.68405,-24.57115],[-64.77356,-24.50251],[-64.8427,-24.46708],[-64.95404,-24.4497],[-64.89982,-24.38328],[-65.02065,-24.36499],[-65.03481,-24.31878],[-65.06364,-24.29258],[-65.05393,-24.2526],[-65.07524,-24.19927],[-65.07429,-24.17084],[-65.04897,-24.18041],[-65.05388,-24.01442],[-65.00127,-24.02221],[-64.94509,-24.01192]]]}},{"type":"Feature","properties":{"code":"38070","name":"Santa Bárbara"},"geometry":{"type":"Polygon","coordinates":[[[-64.15788,-23.63338],[-64.161,-24.07061],[-64.15077,-24.13641],[-64.18002,-24.26365],[-64.22313,-24.32937],[-64.25239,-24.34442],[-64.27377,-24.39333],[-64.31583,-24.42631],[-64.42165,-24.40221],[-64.4363,-24.44266],[-64.45537,-24.46304],[-64.48188,-24.46512],[-64.5,-24.50637],[-64.53339,-24.50532],[-64.52267,-24.46018],[-64.54727,-24.42142],[-64.52417,-24.334],[-64.49588,-24.3015],[-64.53049,-24.32543],[-64.57896,-24.32059],[-64.64453,-24.33599],[-64.69172,-24.33517],[-64.74119,-24.31524],[-64.69278,-24.20937],[-64.69289,-24.16548],[-64.72168,-24.09705],[-64.70572,-24.06419],[-64.7157,-24.05111],[-64.67962,-24.01618],[-64.69355,-24.014],[-64.68875,-23.99323],[-64.66403,-23.99241],[-64.67421,-23.98243],[-64.66135,-23.97338],[-64.66501,-23.9315],[-64.64768,-23.92616],[-64.66006,-23.91339],[-64.64475,-23.87732],[-64.62828,-23.87372],[-64.62691,-23.84836],[-64.61179,-23.84761],[-64.61111,-23.81599],[-64.5906,-23.81869],[-64.57227,-23.7885],[-64.56712,-23.72861],[-64.51046,-23.69967],[-64.48477,-23.70061],[-64.4874,-23.68435],[-64.46201,-23.65298],[-64.41227,-23.63175],[-64.39319,-23.61007],[-64.40216,-23.59655],[-64.38559,-23.56358],[-64.35154,-23.53164],[-64.35433,-23.518],[-64.15706,-23.51804],[-64.15788,-23.63338]]]}},{"type":"Feature","properties":{"code":"38077","name":"Santa Catalina"},"geometry":{"type":"Polygon","coordinates":[[[-66.20766,-21.78835],[-66.07631,-21.83497],[-66.04328,-21.87194],[-66.04817,-21.91902],[-65.92478,-21.93355],[-65.80901,-22.07033],[-65.82529,-22.18773],[-65.85866,-22.20699],[-65.90373,-22.19544],[-65.92442,-22.20352],[-65.94879,-22.18406],[-65.95912,-22.19397],[-65.9471,-22.24594],[-65.97012,-22.2961],[-65.98611,-22.40335],[-66.02287,-22.28015],[-66.05948,-22.25844],[-66.31933,-22.32558],[-66.34981,-22.28234],[-66.40908,-22.27093],[-66.41403,-22.24645],[-66.464,-22.31195],[-66.49133,-22.375],[-66.56586,-22.41958],[-66.68159,-22.37781],[-66.73404,-22.38045],[-66.7626,-22.36384],[-66.73928,-22.23846],[-66.68625,-22.20954],[-66.63825,-22.22549],[-66.62317,-22.19738],[-66.34775,-22.12803],[-66.33164,-22.11826],[-66.32554,-22.08832],[-66.2886,-22.08695],[-66.29239,-22.03461],[-66.27764,-22.0237],[-66.27464,-21.94442],[-66.26083,-21.93622],[-66.23593,-21.85232],[-66.24279,-21.79329],[-66.22098,-21.78086],[-66.20766,-21.78835]]]}},{"type":"Feature","properties":{"code":"38084","name":"Susques"},"geometry":{"type":"Polygon","coordinates":[[[-66.59358,-22.99931],[-66.28176,-22.99931],[-66.10614,-23.17325],[-66.10588,-23.22333],[-66.19833,-23.3917],[-66.18227,-23.4372],[-66.21933,-23.48526],[-66.23962,-23.49246],[-66.26491,-23.56625],[-66.28364,-23.5747],[-66.31113,-23.56138],[-66.31749,-23.60754],[-66.33549,-23.62851],[-66.33034,-23.65661],[-66.36758,-23.69462],[-66.37686,-23.75022],[-66.3533,-23.82526],[-66.37202,-23.8219],[-66.38005,-23.83904],[-66.35329,-23.89034],[-66.36814,-23.97191],[-66.36288,-23.98346],[-66.33945,-23.98435],[-66.37018,-24.05009],[-66.36229,-24.08736],[-66.38178,-24.12778],[-66.41425,-24.12868],[-66.42249,-24.16395],[-66.47876,-24.18346],[-66.46901,-24.19845],[-66.48336,-24.213],[-66.50349,-24.19781],[-66.54363,-24.20764],[-66.55871,-24.18727],[-66.64628,-24.17251],[-66.67864,-24.14206],[-66.72646,-24.12231],[-66.74574,-24.08923],[-66.79737,-24.09637],[-66.83737,-24.07074],[-66.88064,-23.97439],[-66.91515,-23.97024],[-66.94112,-23.98404],[-66.99284,-23.88991],[-67.21305,-23.69492],[-66.99122,-22.99931],[-66.59358,-22.99931]]]}},{"type":"Feature","properties":{"code":"38094","name":"Tilcara"},"geometry":{"type":"Polygon","coordinates":[[[-65.53164,-23.31247],[-65.43605,-23.33213],[-65.39567,-23.36752],[-65.36116,-23.37155],[-65.33872,-23.39106],[-65.1789,-23.31971],[-65.16654,-23.37141],[-65.14281,-23.38998],[-65.13744,-23.41732],[-65.16017,-23.44904],[-65.16237,-23.48714],[-65.13134,-23.5307],[-65.1266,-23.57723],[-65.0848,-23.60182],[-65.07055,-23.63608],[-65.01752,-23.69409],[-65.0879,-23.73797],[-65.10243,-23.78623],[-65.09675,-23.85664],[-65.20713,-23.7863],[-65.23274,-23.79047],[-65.2708,-23.82799],[-65.29178,-23.82251],[-65.37521,-23.78431],[-65.35194,-23.71197],[-65.38081,-23.70517],[-65.4056,-23.72104],[-65.41534,-23.70677],[-65.48814,-23.68427],[-65.51153,-23.64756],[-65.50504,-23.59268],[-65.55988,-23.52013],[-65.57959,-23.43429],[-65.63494,-23.38307],[-65.68989,-23.37579],[-65.53164,-23.31247]]]}},{"type":"Feature","properties":{"code":"38098","name":"Tumbaya"},"geometry":{"type":"Polygon","coordinates":[[[-65.81408,-23.37636],[-65.75527,-23.41631],[-65.68989,-23.37579],[-65.63494,-23.38307],[-65.57948,-23.43447],[-65.55988,-23.52013],[-65.50504,-23.59268],[-65.51153,-23.64756],[-65.48814,-23.68427],[-65.41534,-23.70677],[-65.4056,-23.72104],[-65.38081,-23.70517],[-65.35194,-23.71197],[-65.37753,-23.77894],[-65.29591,-23.8195],[-65.28948,-23.86241],[-65.30553,-23.86425],[-65.31771,-23.84586],[-65.35323,-23.85668],[-65.33924,-23.86857],[-65.34508,-23.92725],[-65.36145,-23.91908],[-65.38258,-23.93804],[-65.41931,-23.94321],[-65.41973,-23.97826],[-65.44346,-23.99045],[-65.43309,-24.02679],[-65.50763,-24.01283],[-65.54706,-24.02127],[-65.59664,-23.99588],[-65.59459,-23.88636],[-65.64758,-23.82994],[-65.68817,-23.86384],[-65.70504,-23.98385],[-65.75282,-24.05804],[-65.78663,-24.05538],[-65.80452,-24.03302],[-65.86737,-24.00333],[-65.94755,-24.00716],[-65.94201,-23.96746],[-65.99257,-23.97995],[-66.02193,-23.86171],[-66.00193,-23.68188],[-65.97079,-23.67084],[-65.95948,-23.67858],[-65.95874,-23.66196],[-65.92102,-23.63591],[-65.85805,-23.54822],[-65.84356,-23.48161],[-65.86517,-23.46058],[-65.86396,-23.43976],[-65.83928,-23.41908],[-65.83337,-23.38347],[-65.81408,-23.37636]]]}},{"type":"Feature","properties":{"code":"38105","name":"Valle Grande"},"geometry":{"type":"Polygon","coordinates":[[[-65.06969,-23.19949],[-65.07197,-23.22032],[-65.03865,-23.2269],[-65.03591,-23.25244],[-65.01011,-23.28511],[-64.96464,-23.28611],[-64.94728,-23.26915],[-64.91018,-23.31081],[-64.90467,-23.35426],[-64.89242,-23.35945],[-64.91053,-23.40082],[-64.90666,-23.42379],[-64.86844,-23.44742],[-64.87336,-23.47874],[-64.84217,-23.49518],[-64.85956,-23.58333],[-64.89417,-23.59853],[-64.8993,-23.67171],[-64.92015,-23.70641],[-64.92031,-23.73328],[-65.01789,-23.69995],[-65.0848,-23.60182],[-65.1266,-23.57723],[-65.13134,-23.5307],[-65.1619,-23.48883],[-65.16189,-23.45392],[-65.13744,-23.41732],[-65.14485,-23.38124],[-65.16654,-23.37141],[-65.1789,-23.31971],[-65.12177,-23.26177],[-65.08449,-23.19708],[-65.06969,-23.19949]]]}},{"type":"Feature","properties":{"code":"38112","name":"Yavi"},"geometry":{"type":"Polygon","coordinates":[[[-65.80486,-22.07522],[-65.74826,-22.10914],[-65.71491,-22.09735],[-65.6753,-22.1116],[-65.58612,-22.09771],[-65.57464,-22.0762],[-65.48381,-22.09577],[-65.18657,-22.08535],[-65.19406,-22.14473],[-65.21379,-22.15001],[-65.22048,-22.16959],[-65.2403,-22.27925],[-65.22678,-22.32067],[-65.26307,-22.33885],[-65.28172,-22.41343],[-65.34712,-22.5201],[-65.34864,-22.55118],[-65.44637,-22.55496],[-65.50771,-22.52587],[-65.54758,-22.47944],[-65.69971,-22.46218],[-65.98611,-22.40335],[-65.97012,-22.2961],[-65.9471,-22.24594],[-65.95912,-22.19397],[-65.94879,-22.18406],[-65.92442,-22.20352],[-65.90373,-22.19544],[-65.85866,-22.20699],[-65.82529,-22.18773],[-65.80486,-22.07522]]]}},{"type":"Feature","properties":{"code":"42007","name":"Atreucó"},"geometry":{"type":"Polygon","coordinates":[[[-63.95255,-36.80619],[-63.38517,-36.80785],[-63.38534,-37.25893],[-64.17424,-37.25687],[-64.1699,-36.80555],[-63.95255,-36.80619]]]}},{"type":"Feature","properties":{"code":"42014","name":"Caleu Caleu"},"geometry":{"type":"Polygon","coordinates":[[[-63.38531,-38.25292],[-63.38327,-39.32849],[-63.4574,-39.32884],[-63.4856,-39.30826],[-63.51201,-39.31266],[-63.54122,-39.29666],[-63.53882,-39.27911],[-63.55803,-39.26145],[-63.59297,-39.24592],[-63.61438,-39.25183],[-63.61763,-39.2359],[-63.63171,-39.2478],[-63.63338,-39.22739],[-63.67426,-39.22226],[-63.6717,-39.20363],[-63.74299,-39.18885],[-63.74477,-39.16379],[-63.76367,-39.15467],[-63.75708,-39.12921],[-63.77716,-39.12843],[-63.78821,-39.10919],[-63.83495,-39.13631],[-63.8418,-39.10919],[-63.8703,-39.09595],[-63.87958,-39.1004],[-63.8717,-39.10779],[-63.89789,-39.10695],[-63.9115,-39.0871],[-63.9328,-39.09351],[-63.93346,-39.06159],[-63.99861,-39.03557],[-63.9916,-39.01091],[-64.02357,-39.0175],[-64.0137,-39.0009],[-64.06249,-39.01003],[-64.06397,-38.99172],[-64.2796,-38.914],[-64.29395,-38.89765],[-64.32536,-38.90645],[-64.34859,-38.88345],[-64.37801,-38.892],[-64.39789,-38.88593],[-64.3974,-38.87323],[-64.41336,-38.88378],[-64.42066,-38.87183],[-64.4319,-38.87904],[-64.47638,-38.85999],[-64.5152,-38.86841],[-64.53672,-38.85809],[-64.52823,-38.2464],[-63.38531,-38.25292]]]}},{"type":"Feature","properties":{"code":"42021","name":"Capital"},"geometry":{"type":"Polygon","coordinates":[[[-63.94291,-36.26561],[-63.9458,-36.80621],[-64.1699,-36.80555],[-64.17045,-36.71635],[-64.28298,-36.71519],[-64.28265,-36.68682],[-64.35697,-36.62495],[-64.50538,-36.62233],[-64.49962,-36.26016],[-63.94291,-36.26561]]]}},{"type":"Feature","properties":{"code":"42028","name":"Catriló"},"geometry":{"type":"Polygon","coordinates":[[[-63.94334,-36.35557],[-63.38555,-36.35632],[-63.38517,-36.80785],[-63.9458,-36.80621],[-63.94334,-36.35557]]]}},{"type":"Feature","properties":{"code":"42035","name":"Conhelo"},"geometry":{"type":"Polygon","coordinates":[[[-64.4932,-35.81067],[-63.93977,-35.81402],[-63.94291,-36.26561],[-65.05655,-36.25471],[-65.05042,-35.98045],[-65.10777,-35.97911],[-65.10758,-35.80121],[-64.4932,-35.81067]]]}},{"type":"Feature","properties":{"code":"42042","name":"Curacó"},"geometry":{"type":"Polygon","coordinates":[[[-65.65465,-37.69014],[-65.68874,-38.83367],[-65.70176,-38.81628],[-65.71259,-38.82501],[-65.77823,-38.81159],[-65.78726,-38.79462],[-65.80497,-38.80629],[-65.80467,-38.79392],[-65.82018,-38.78871],[-65.8244,-38.79885],[-65.84108,-38.78664],[-65.86431,-38.7998],[-65.86579,-38.78896],[-65.88243,-38.79045],[-65.87708,-38.77789],[-65.91119,-38.78292],[-65.9125,-38.76487],[-65.92759,-38.77519],[-65.92555,-38.76416],[-65.94666,-38.76794],[-65.95101,-38.74726],[-66.01898,-38.74086],[-66.03068,-38.75128],[-66.03199,-38.7389],[-66.06467,-38.75114],[-66.08464,-38.72527],[-66.11981,-38.74328],[-66.15505,-38.72885],[-66.17691,-38.74524],[-66.18024,-38.73128],[-66.20739,-38.73132],[-66.28826,-38.75566],[-66.30841,-38.74286],[-66.31506,-38.76129],[-66.32332,-38.74798],[-66.34183,-38.75773],[-66.35755,-38.74491],[-66.40442,-38.74408],[-66.40758,-38.73058],[-66.4418,-38.74561],[-66.49876,-38.718],[-66.53862,-38.72085],[-66.55444,-38.69789],[-66.57521,-38.70139],[-66.60714,-38.67909],[-66.57819,-38.6228],[-66.60058,-38.59828],[-66.60988,-38.55798],[-66.63379,-38.55679],[-66.63588,-38.54207],[-66.71223,-38.53175],[-66.78607,-38.48053],[-66.85437,-38.47559],[-66.89209,-38.46198],[-66.89697,-38.44373],[-66.99579,-38.44568],[-67.00904,-38.42324],[-67.09568,-38.395],[-67.11169,-37.70019],[-65.65489,-37.67596],[-65.65465,-37.69014]]]}},{"type":"Feature","properties":{"code":"42049","name":"Chalileo"},"geometry":{"type":"Polygon","coordinates":[[[-67.06733,-35.99987],[-66.01781,-35.99989],[-66.00543,-36.78142],[-67.12686,-36.79948],[-67.13246,-35.9991],[-67.06733,-35.99987]]]}},{"type":"Feature","properties":{"code":"42056","name":"Chapaleufú"},"geometry":{"type":"Polygon","coordinates":[[[-63.38561,-35.45533],[-63.9385,-35.4522],[-63.93493,-35.00763],[-63.38573,-35.00222],[-63.38561,-35.45533]]]}},{"type":"Feature","properties":{"code":"42063","name":"Chical Co"},"geometry":{"type":"Polygon","coordinates":[[[-68.21216,-35.99762],[-67.13246,-35.9991],[-67.12686,-36.79948],[-68.24676,-36.80276],[-68.25018,-36.17249],[-68.29613,-36.17255],[-68.29641,-35.99762],[-68.21216,-35.99762]]]}},{"type":"Feature","properties":{"code":"42070","name":"Guatraché"},"geometry":{"type":"Polygon","coordinates":[[[-63.38549,-37.70765],[-64.18022,-37.70777],[-64.17424,-37.25687],[-63.38534,-37.25893],[-63.38549,-37.70765]]]}},{"type":"Feature","properties":{"code":"42077","name":"Hucal"},"geometry":{"type":"Polygon","coordinates":[[[-63.3854,-38.22467],[-63.38531,-38.25292],[-64.52823,-38.2464],[-64.52022,-37.70534],[-63.38549,-37.70989],[-63.3854,-38.22467]]]}},{"type":"Feature","properties":{"code":"42084","name":"Lihuel Calel"},"geometry":{"type":"Polygon","coordinates":[[[-64.52022,-37.70534],[-64.53666,-38.86459],[-64.59637,-38.85919],[-64.60475,-38.8474],[-64.62945,-38.85284],[-64.67089,-38.83369],[-64.73796,-38.84066],[-64.80733,-38.81601],[-64.84718,-38.82662],[-64.87709,-38.81452],[-64.92427,-38.83316],[-65.11345,-38.79971],[-65.14003,-38.81839],[-65.16714,-38.80229],[-65.19159,-38.80982],[-65.19182,-38.83637],[-65.28052,-38.82141],[-65.37453,-38.85588],[-65.39081,-38.83074],[-65.5025,-38.7981],[-65.52319,-38.77917],[-65.56955,-38.7848],[-65.58494,-38.77453],[-65.62433,-38.7875],[-65.60847,-38.79838],[-65.61708,-38.80871],[-65.63218,-38.80243],[-65.63105,-38.81833],[-65.64638,-38.80945],[-65.6525,-38.82739],[-65.68492,-38.83167],[-65.65465,-37.69014],[-64.52022,-37.70534]]]}},{"type":"Feature","properties":{"code":"42091","name":"Limay Mahuida"},"geometry":{"type":"Polygon","coordinates":[[[-66.87104,-37.69659],[-67.11169,-37.70019],[-67.12686,-36.79948],[-66.00543,-36.78142],[-65.97772,-37.68322],[-66.87104,-37.69659]]]}},{"type":"Feature","properties":{"code":"42098","name":"Loventué"},"geometry":{"type":"Polygon","coordinates":[[[-65.05042,-35.98045],[-65.07134,-36.97722],[-65.63478,-36.96581],[-65.63437,-36.95157],[-65.99975,-36.96139],[-66.01781,-35.99989],[-65.10781,-35.99906],[-65.10777,-35.97911],[-65.05042,-35.98045]]]}},{"type":"Feature","properties":{"code":"42105","name":"Maracó"},"geometry":{"type":"Polygon","coordinates":[[[-63.38562,-35.45548],[-63.38545,-35.90547],[-63.94041,-35.90445],[-63.93738,-35.45221],[-63.38562,-35.45548]]]}},{"type":"Feature","properties":{"code":"42112","name":"Puelén"},"geometry":{"type":"Polygon","coordinates":[[[-67.1147,-37.5215],[-67.10294,-38.37913],[-67.11968,-38.35603],[-67.15605,-38.35332],[-67.15311,-38.29134],[-67.17238,-38.27922],[-67.17048,-38.2609],[-67.19659,-38.25378],[-67.18761,-38.2145],[-67.26111,-38.2171],[-67.34418,-38.25177],[-67.52869,-38.25769],[-67.5932,-38.2406],[-67.65649,-38.20178],[-67.68903,-38.13342],[-67.71863,-38.13037],[-67.7301,-38.11481],[-67.73033,-38.07576],[-67.74756,-38.07398],[-67.75065,-38.05613],[-67.76251,-38.06873],[-67.78191,-38.05188],[-67.8093,-38.07236],[-67.83524,-38.05589],[-67.8493,-38.06626],[-67.84968,-38.05175],[-67.89585,-38.01726],[-67.88843,-38.00038],[-67.9031,-37.9882],[-67.84618,-37.91774],[-67.78165,-37.89547],[-67.73048,-37.85192],[-67.72376,-37.79352],[-67.74004,-37.78857],[-67.74034,-37.76541],[-67.76042,-37.74338],[-67.77035,-37.67053],[-67.78558,-37.65228],[-67.87059,-37.61288],[-67.9173,-37.61841],[-67.94416,-37.60322],[-68.10676,-37.59624],[-68.15254,-37.58032],[-68.21931,-37.58824],[-68.25425,-37.57193],[-68.24676,-36.80276],[-67.12686,-36.79948],[-67.1147,-37.5215]]]}},{"type":"Feature","properties":{"code":"42119","name":"Quemú Quemú"},"geometry":{"type":"Polygon","coordinates":[[[-63.38545,-35.90547],[-63.38555,-36.35632],[-63.94334,-36.35557],[-63.94041,-35.90445],[-63.38545,-35.90547]]]}},{"type":"Feature","properties":{"code":"42126","name":"Rancul"},"geometry":{"type":"Polygon","coordinates":[[[-64.58178,-35.01153],[-64.48094,-35.01152],[-64.4932,-35.81067],[-65.10758,-35.80121],[-65.10676,-35.01533],[-64.58178,-35.01153]]]}},{"type":"Feature","properties":{"code":"42133","name":"Realicó"},"geometry":{"type":"Polygon","coordinates":[[[-63.93493,-35.00763],[-63.9385,-35.4522],[-64.48767,-35.44991],[-64.48094,-35.01152],[-63.93493,-35.00763]]]}},{"type":"Feature","properties":{"code":"42140","name":"Toay"},"geometry":{"type":"Polygon","coordinates":[[[-64.49962,-36.26016],[-64.50538,-36.62233],[-64.35697,-36.62495],[-64.28265,-36.68682],[-64.28298,-36.71519],[-64.17045,-36.71635],[-64.1721,-36.98676],[-65.07134,-36.97722],[-65.05655,-36.25471],[-64.49962,-36.26016]]]}},{"type":"Feature","properties":{"code":"42147","name":"Trenel"},"geometry":{"type":"Polygon","coordinates":[[[-63.9385,-35.4522],[-63.93977,-35.81402],[-64.4932,-35.81067],[-64.48767,-35.44991],[-63.9385,-35.4522]]]}},{"type":"Feature","properties":{"code":"42154","name":"Utracán"},"geometry":{"type":"Polygon","coordinates":[[[-64.1796,-37.66137],[-64.18022,-37.70777],[-65.65465,-37.69014],[-65.65489,-37.67596],[-65.97772,-37.68322],[-65.99975,-36.96139],[-65.63437,-36.95157],[-65.63478,-36.96581],[-64.1721,-36.98676],[-64.1796,-37.66137]]]}},{"type":"Feature","properties":{"code":"46007","name":"Arauco"},"geometry":{"type":"Polygon","coordinates":[[[-66.53053,-28.5311],[-66.49627,-28.53134],[-66.49622,-28.62229],[-66.396,-28.677],[-66.37866,-28.71335],[-66.35098,-28.73073],[-66.73471,-28.85231],[-66.83662,-28.62795],[-67.01192,-28.60378],[-66.98771,-28.47977],[-67.0218,-28.35266],[-66.94256,-28.26617],[-66.57081,-28.28863],[-66.51403,-28.46543],[-66.53053,-28.5311]]]}},{"type":"Feature","properties":{"code":"46014","name":"Capital"},"geometry":{"type":"Polygon","coordinates":[[[-66.41116,-28.8163],[-66.39403,-28.86727],[-66.09972,-28.94442],[-65.81737,-29.17886],[-65.81619,-29.26985],[-65.74834,-29.26969],[-65.71726,-29.32861],[-65.71925,-29.40994],[-65.54484,-29.82772],[-65.7008,-29.82706],[-66.43027,-30.02431],[-66.48224,-30.18642],[-66.52559,-30.14715],[-66.63225,-30.11019],[-66.60916,-29.84908],[-66.97627,-29.81896],[-67.01895,-29.77231],[-67.06055,-29.63856],[-67.03185,-29.53644],[-67.05164,-29.49765],[-67.08846,-29.47039],[-67.10141,-29.43002],[-67.09004,-29.40551],[-67.06725,-29.43071],[-67.02968,-29.42735],[-66.9482,-29.36106],[-66.93108,-29.29047],[-66.89809,-29.2544],[-66.8781,-29.1889],[-66.83217,-29.15159],[-66.79973,-29.07145],[-66.77542,-29.04904],[-66.73471,-28.85231],[-66.35261,-28.73284],[-66.3888,-28.80169],[-66.41116,-28.8163]]]}},{"type":"Feature","properties":{"code":"46021","name":"Castro Barros"},"geometry":{"type":"Polygon","coordinates":[[[-66.73471,-28.85231],[-66.77542,-29.04904],[-66.79973,-29.07145],[-66.83217,-29.15159],[-66.86219,-29.17443],[-66.94329,-29.10899],[-66.96254,-29.00922],[-67.04443,-28.97111],[-67.14218,-28.84817],[-67.06866,-28.71863],[-67.06469,-28.65265],[-67.02319,-28.63577],[-67.01192,-28.60378],[-66.83662,-28.62795],[-66.73471,-28.85231]]]}},{"type":"Feature","properties":{"code":"46028","name":"General Felipe Varela"},"geometry":{"type":"Polygon","coordinates":[[[-68.70791,-29.05965],[-68.24531,-29.22432],[-67.85344,-29.07709],[-67.85642,-29.17064],[-67.83044,-29.27382],[-67.76791,-29.3542],[-67.75424,-29.40361],[-67.72273,-29.44134],[-67.61253,-29.65604],[-67.81704,-29.80133],[-67.99199,-29.97924],[-68.05433,-29.9003],[-68.10519,-29.88424],[-68.15879,-29.88543],[-68.18437,-29.84813],[-68.1852,-29.80298],[-68.199,-29.78109],[-68.25385,-29.78073],[-68.26777,-29.75861],[-68.25848,-29.74689],[-68.44128,-29.65051],[-68.5202,-29.63751],[-68.68251,-29.64653],[-68.71794,-29.62454],[-68.86311,-29.63505],[-68.88726,-29.62037],[-68.88435,-29.59258],[-68.90784,-29.61982],[-68.93479,-29.62013],[-68.9383,-29.65159],[-69.01299,-29.65204],[-69.03372,-29.53297],[-69.00019,-29.46638],[-68.98744,-29.47801],[-68.97488,-29.45705],[-68.97923,-29.42364],[-69.00219,-29.39972],[-68.97459,-29.36415],[-68.98494,-29.32642],[-68.95758,-29.31716],[-68.9588,-29.28526],[-68.9891,-29.27397],[-68.97911,-29.23054],[-69.00124,-29.18664],[-68.96903,-29.14544],[-68.95722,-29.16463],[-68.935,-29.16638],[-68.91189,-29.12858],[-68.92509,-29.09194],[-68.90796,-29.07279],[-68.90851,-29.04492],[-68.93048,-29.01858],[-68.93037,-28.98231],[-68.94818,-28.97106],[-68.70791,-29.05965]]]}},{"type":"Feature","properties":{"code":"46035","name":"Chamical"},"geometry":{"type":"Polygon","coordinates":[[[-65.7008,-29.82706],[-65.54484,-29.82772],[-65.42299,-30.1196],[-65.49246,-30.3718],[-65.99757,-30.39359],[-66.23236,-30.52663],[-66.3718,-30.5097],[-66.40211,-30.47125],[-66.50101,-30.26815],[-66.43027,-30.02431],[-65.7008,-29.82706]]]}},{"type":"Feature","properties":{"code":"46042","name":"Chilecito"},"geometry":{"type":"Polygon","coordinates":[[[-67.09004,-29.40551],[-67.10141,-29.43002],[-67.09555,-29.45915],[-67.04884,-29.50115],[-67.03027,-29.54486],[-67.05958,-29.63009],[-67.0559,-29.66379],[-67.02857,-29.75747],[-66.97627,-29.81896],[-67.5368,-29.78613],[-67.68423,-29.53238],[-67.72273,-29.44134],[-67.75424,-29.40361],[-67.76791,-29.3542],[-67.83372,-29.26578],[-67.85815,-29.14085],[-67.8397,-29.01867],[-67.21588,-29.01323],[-67.1991,-29.11339],[-67.21868,-29.13667],[-67.22164,-29.1746],[-67.18092,-29.27452],[-67.15063,-29.29551],[-67.09004,-29.40551]]]}},{"type":"Feature","properties":{"code":"46049","name":"Famatina"},"geometry":{"type":"Polygon","coordinates":[[[-67.85146,-28.30552],[-67.84129,-28.3179],[-67.85096,-28.37064],[-67.83578,-28.3762],[-67.81321,-28.37168],[-67.79995,-28.34555],[-67.75683,-28.35415],[-67.7604,-28.32936],[-67.69575,-28.31183],[-67.4464,-28.36802],[-67.43736,-28.41701],[-67.27368,-28.52077],[-67.25365,-28.57154],[-67.26491,-28.68733],[-67.25701,-28.74227],[-67.22549,-28.85017],[-67.1748,-28.90553],[-67.20914,-28.971],[-67.21588,-29.01323],[-67.8352,-29.01464],[-67.82471,-28.88128],[-67.87713,-28.76106],[-67.82976,-28.5355],[-67.87631,-28.36477],[-67.86102,-28.29535],[-67.85146,-28.30552]]]}},{"type":"Feature","properties":{"code":"46056","name":"Ángel Vicente Peñaloza"},"geometry":{"type":"Polygon","coordinates":[[[-66.48224,-30.18642],[-66.50101,-30.26815],[-66.40211,-30.47125],[-66.3718,-30.5097],[-66.37157,-30.53065],[-66.42028,-30.61373],[-66.4167,-30.63889],[-66.38471,-30.6767],[-66.58244,-30.73953],[-66.61581,-30.67456],[-66.74837,-30.63152],[-66.77869,-30.57349],[-66.7813,-30.53471],[-66.91708,-30.53126],[-66.90022,-30.46692],[-66.86102,-30.40358],[-66.85656,-30.1151],[-66.87799,-30.03718],[-66.8611,-30.00254],[-66.84724,-29.82966],[-66.60916,-29.84908],[-66.63225,-30.11019],[-66.52559,-30.14715],[-66.48224,-30.18642]]]}},{"type":"Feature","properties":{"code":"46063","name":"General Belgrano"},"geometry":{"type":"Polygon","coordinates":[[[-65.49246,-30.3718],[-65.52524,-30.49082],[-65.64235,-30.75399],[-66.35328,-30.74772],[-66.36639,-30.70205],[-66.41866,-30.63502],[-66.41956,-30.60955],[-66.37157,-30.53065],[-66.3718,-30.5097],[-66.23236,-30.52663],[-65.99757,-30.39359],[-65.49246,-30.3718]]]}},{"type":"Feature","properties":{"code":"46070","name":"General Juan Facundo Quiroga"},"geometry":{"type":"Polygon","coordinates":[[[-66.60915,-30.68566],[-66.58244,-30.73953],[-66.38471,-30.6767],[-66.3257,-30.7929],[-66.39016,-30.84883],[-66.41143,-30.93892],[-66.4899,-30.98694],[-66.48067,-31.09575],[-67.06687,-31.08405],[-67.11644,-31.016],[-67.08207,-30.9161],[-67.12884,-30.89563],[-67.28279,-30.69528],[-67.41949,-30.61997],[-67.50785,-30.51568],[-66.7813,-30.53471],[-66.77869,-30.57349],[-66.74496,-30.63457],[-66.60915,-30.68566]]]}},{"type":"Feature","properties":{"code":"46077","name":"General Lamadrid"},"geometry":{"type":"Polygon","coordinates":[[[-69.45119,-28.1996],[-68.2188,-28.86913],[-68.01266,-28.90265],[-67.83548,-29.00802],[-67.85344,-29.07709],[-68.24531,-29.22432],[-68.94836,-28.97097],[-68.94889,-28.92002],[-68.90871,-28.85932],[-69.16197,-28.76114],[-69.20958,-28.68241],[-69.21655,-28.60617],[-69.20265,-28.59596],[-69.31617,-28.41161],[-69.3745,-28.4477],[-69.42996,-28.45099],[-69.46877,-28.41526],[-69.49655,-28.41588],[-69.51621,-28.43188],[-69.55524,-28.40582],[-69.60571,-28.41901],[-69.62981,-28.39369],[-69.62456,-28.37818],[-69.59695,-28.39203],[-69.58276,-28.35244],[-69.52357,-28.32966],[-69.49913,-28.28308],[-69.50267,-28.26431],[-69.47442,-28.23717],[-69.4784,-28.207],[-69.46219,-28.19286],[-69.45119,-28.1996]]]}},{"type":"Feature","properties":{"code":"46084","name":"General Ortiz de Ocampo"},"geometry":{"type":"Polygon","coordinates":[[[-65.64235,-30.75399],[-65.77146,-31.04416],[-65.77083,-31.36835],[-66.30807,-31.18865],[-66.41927,-31.18753],[-66.42763,-31.13614],[-66.463,-31.09605],[-66.48067,-31.09575],[-66.4899,-30.98694],[-66.41143,-30.93892],[-66.39016,-30.84883],[-66.3257,-30.7929],[-66.35328,-30.74772],[-65.64235,-30.75399]]]}},{"type":"Feature","properties":{"code":"46091","name":"General San Martín"},"geometry":{"type":"Polygon","coordinates":[[[-65.77083,-31.36835],[-65.7704,-31.889],[-65.89028,-31.91063],[-65.97903,-31.88916],[-66.06924,-31.93647],[-66.07925,-31.97193],[-66.13912,-31.94098],[-66.16103,-31.94034],[-66.16019,-31.96279],[-66.29903,-31.93131],[-66.33746,-31.94321],[-66.34944,-31.9984],[-66.36695,-31.99802],[-66.56882,-31.94981],[-66.60477,-31.93435],[-66.60454,-31.92338],[-66.66179,-31.92054],[-66.77751,-31.83992],[-66.82526,-31.76135],[-66.50526,-31.76711],[-66.31119,-31.82695],[-66.26079,-31.68546],[-66.2847,-31.62564],[-66.29307,-31.53656],[-66.35679,-31.43122],[-66.3411,-31.25814],[-66.26526,-31.20318],[-65.77083,-31.36835]]]}},{"type":"Feature","properties":{"code":"46098","name":"Vinchina"},"geometry":{"type":"Polygon","coordinates":[[[-68.52136,-27.81792],[-68.51099,-27.84699],[-68.44028,-27.87366],[-68.46122,-28.00286],[-68.44242,-28.02428],[-68.39662,-28.00417],[-68.35168,-28.01721],[-68.33582,-28.0376],[-68.28619,-28.02649],[-68.29541,-28.0686],[-68.27471,-28.09506],[-68.24615,-28.07115],[-68.1831,-28.08602],[-68.16442,-28.11076],[-68.14122,-28.10184],[-68.10731,-28.17346],[-68.0715,-28.16252],[-68.05377,-28.13979],[-68.02462,-28.13932],[-68.02236,-28.12468],[-67.91437,-28.1137],[-67.92244,-28.17122],[-67.93244,-28.17478],[-67.91362,-28.1831],[-67.89419,-28.25913],[-67.86102,-28.29535],[-67.87631,-28.36477],[-67.82976,-28.5355],[-67.87713,-28.76106],[-67.82471,-28.88128],[-67.83548,-29.00802],[-68.01266,-28.90265],[-68.2188,-28.86913],[-69.46219,-28.19286],[-69.45201,-28.18418],[-69.39138,-28.22644],[-69.38178,-28.18179],[-69.33627,-28.16407],[-69.30739,-28.12885],[-69.30136,-28.07132],[-69.26312,-28.04673],[-69.26911,-28.01127],[-69.25131,-28.00449],[-69.23706,-27.96653],[-69.1733,-27.97143],[-69.15557,-27.93196],[-69.12302,-27.90146],[-69.13154,-27.8717],[-69.11032,-27.85224],[-69.09495,-27.79657],[-68.79901,-27.75568],[-68.7236,-27.78905],[-68.73153,-27.80587],[-68.71934,-27.81515],[-68.6258,-27.79192],[-68.5827,-27.81986],[-68.54533,-27.70712],[-68.53292,-27.73355],[-68.53915,-27.78538],[-68.52136,-27.81792]]]}},{"type":"Feature","properties":{"code":"46105","name":"Independencia"},"geometry":{"type":"Polygon","coordinates":[[[-66.97627,-29.81896],[-66.84724,-29.82966],[-66.8611,-30.00254],[-66.87799,-30.03718],[-66.85656,-30.1151],[-66.86102,-30.40358],[-66.90022,-30.46692],[-66.91708,-30.53126],[-67.50785,-30.51568],[-67.57801,-30.40418],[-67.59087,-30.29815],[-67.87736,-30.07513],[-67.8983,-30.0743],[-67.93054,-30.03022],[-67.99145,-29.98513],[-67.81704,-29.80133],[-67.61253,-29.65604],[-67.5368,-29.78613],[-66.97627,-29.81896]]]}},{"type":"Feature","properties":{"code":"46112","name":"Rosario Vera Peñaloza"},"geometry":{"type":"Polygon","coordinates":[[[-66.48067,-31.09575],[-66.463,-31.09605],[-66.42763,-31.13614],[-66.41927,-31.18753],[-66.30807,-31.18865],[-66.26526,-31.20318],[-66.3411,-31.25814],[-66.35679,-31.43122],[-66.29307,-31.53656],[-66.2847,-31.62564],[-66.26079,-31.68546],[-66.31119,-31.82695],[-66.50526,-31.76711],[-66.82526,-31.76135],[-66.86818,-31.6333],[-66.95197,-31.6333],[-67.10123,-31.38299],[-67.06687,-31.08405],[-66.48067,-31.09575]]]}},{"type":"Feature","properties":{"code":"46119","name":"San Blas de Los Sauces"},"geometry":{"type":"Polygon","coordinates":[[[-67.01034,-28.25582],[-66.94256,-28.26617],[-67.02283,-28.35687],[-66.98771,-28.47977],[-67.01271,-28.5699],[-67.01241,-28.61681],[-67.02683,-28.63858],[-67.06469,-28.65265],[-67.06866,-28.71863],[-67.1748,-28.90553],[-67.22549,-28.85017],[-67.25805,-28.73811],[-67.26223,-28.53713],[-67.30007,-28.49814],[-67.43736,-28.41701],[-67.4464,-28.36802],[-67.37531,-28.38453],[-67.15544,-28.38441],[-67.07466,-28.27019],[-67.01034,-28.25582]]]}},{"type":"Feature","properties":{"code":"46126","name":"Sanagasta"},"geometry":{"type":"Polygon","coordinates":[[[-66.86219,-29.17443],[-66.8838,-29.20069],[-66.89809,-29.2544],[-66.92942,-29.28646],[-66.9482,-29.36106],[-67.02968,-29.42735],[-67.07874,-29.42298],[-67.15063,-29.29551],[-67.18092,-29.27452],[-67.22275,-29.17046],[-67.21868,-29.13667],[-67.1991,-29.11339],[-67.21743,-29.04728],[-67.21028,-28.97514],[-67.14218,-28.84817],[-67.04443,-28.97111],[-66.96254,-29.00922],[-66.94329,-29.10899],[-66.86219,-29.17443]]]}},{"type":"Feature","properties":{"code":"50007","name":"Capital"},"geometry":{"type":"Polygon","coordinates":[[[-68.83316,-32.86661],[-68.81735,-32.86762],[-68.83761,-32.90456],[-68.9582,-32.90458],[-68.95822,-32.86346],[-68.83316,-32.86661]]]}},{"type":"Feature","properties":{"code":"50014","name":"General Alvear"},"geometry":{"type":"Polygon","coordinates":[[[-66.81255,-34.49195],[-66.75651,-34.51166],[-66.76517,-34.55092],[-66.72916,-34.58513],[-66.7266,-34.61024],[-66.70306,-34.61978],[-66.71204,-34.62838],[-66.69124,-34.68887],[-66.63931,-34.72032],[-66.65143,-34.75593],[-66.60668,-34.77408],[-66.59516,-34.79104],[-66.60253,-34.80212],[-66.56247,-34.82991],[-66.54452,-34.88212],[-66.55474,-34.91051],[-66.52492,-34.9436],[-66.54567,-34.96929],[-66.53231,-35.00529],[-66.54092,-35.01487],[-66.52262,-35.01976],[-66.5266,-35.04898],[-66.51454,-35.05206],[-66.50705,-35.09065],[-66.4881,-35.09539],[-66.49784,-35.10765],[-66.47811,-35.13967],[-66.49683,-35.17286],[-66.48416,-35.24081],[-66.51951,-35.27429],[-66.49556,-35.31054],[-66.5081,-35.39747],[-66.52973,-35.44281],[-66.51707,-35.47072],[-66.52515,-35.5402],[-66.57024,-35.58116],[-66.56473,-35.61908],[-66.54767,-35.63877],[-66.58058,-35.70378],[-66.58945,-35.79442],[-66.6229,-35.85167],[-66.61972,-35.97102],[-66.63785,-36.00059],[-67.19489,-35.99925],[-67.28539,-35.83412],[-67.33648,-35.80815],[-67.39607,-35.73016],[-67.41574,-35.72295],[-67.41394,-35.68306],[-67.40402,-35.68188],[-67.41248,-35.65782],[-67.47886,-35.59128],[-67.48078,-35.56332],[-67.50652,-35.55195],[-67.53047,-35.50392],[-67.575,-35.46133],[-67.59284,-35.45965],[-67.62427,-35.40581],[-67.64788,-35.3914],[-67.64391,-35.3682],[-67.65946,-35.3395],[-67.64637,-35.31655],[-67.67166,-35.29665],[-67.67944,-35.25452],[-67.71531,-35.24021],[-67.71309,-35.20883],[-67.73225,-35.20521],[-67.71389,-35.17595],[-67.73033,-35.15141],[-67.7106,-35.11804],[-67.71911,-35.09872],[-67.69963,-35.08416],[-67.7121,-35.05509],[-67.69364,-35.01415],[-67.71353,-35.004],[-67.70956,-34.98242],[-67.7233,-34.97553],[-67.66514,-34.62229],[-67.63429,-34.56702],[-67.63928,-34.53424],[-67.62659,-34.5279],[-67.42688,-34.55895],[-67.38718,-34.54058],[-67.33791,-34.55006],[-67.28395,-34.53774],[-67.22748,-34.54893],[-67.20467,-34.5663],[-67.15394,-34.55941],[-67.07903,-34.57465],[-67.05846,-34.55521],[-67.01799,-34.55841],[-66.94317,-34.53695],[-66.92139,-34.51543],[-66.81255,-34.49195]]]}},{"type":"Feature","properties":{"code":"50021","name":"Godoy Cruz"},"geometry":{"type":"Polygon","coordinates":[[[-68.88274,-32.89997],[-68.8376,-32.90456],[-68.83903,-32.92928],[-68.80387,-32.92731],[-68.82973,-32.96029],[-69.00993,-32.96051],[-69.00314,-32.93617],[-69.01722,-32.91746],[-69.00339,-32.91849],[-69.00321,-32.9046],[-68.88274,-32.89997]]]}},{"type":"Feature","properties":{"code":"50028","name":"Guaymallén"},"geometry":{"type":"Polygon","coordinates":[[[-68.67725,-32.83385],[-68.63771,-32.83374],[-68.6512,-32.84169],[-68.66137,-32.91559],[-68.69869,-32.96528],[-68.72126,-32.94476],[-68.82568,-32.92201],[-68.83903,-32.92928],[-68.82635,-32.87674],[-68.67725,-32.83385]]]}},{"type":"Feature","properties":{"code":"50035","name":"Junín"},"geometry":{"type":"Polygon","coordinates":[[[-68.57688,-33.07217],[-68.49029,-33.12302],[-68.44793,-33.1],[-68.36212,-33.1413],[-68.28781,-33.18864],[-68.28922,-33.23243],[-68.37959,-33.20888],[-68.48097,-33.14949],[-68.55237,-33.15451],[-68.61305,-33.17741],[-68.64426,-33.1958],[-68.63926,-33.20386],[-68.6857,-33.24895],[-68.64089,-33.10268],[-68.59905,-33.09167],[-68.58027,-33.0363],[-68.56638,-33.02972],[-68.57688,-33.07217]]]}},{"type":"Feature","properties":{"code":"50042","name":"La Paz"},"geometry":{"type":"Polygon","coordinates":[[[-67.17696,-33.07321],[-67.18452,-33.12746],[-67.16722,-33.16618],[-67.18222,-33.1994],[-67.18018,-33.25224],[-67.17043,-33.3021],[-67.15243,-33.32555],[-67.15261,-33.41215],[-67.1324,-33.47044],[-67.09598,-33.5035],[-67.09639,-33.53276],[-67.06591,-33.54998],[-67.06894,-33.56645],[-67.03804,-33.60618],[-66.99847,-33.63273],[-67.00482,-33.66731],[-66.97369,-33.68927],[-66.94945,-33.73133],[-66.88326,-33.76871],[-66.87326,-33.83295],[-66.80439,-33.86091],[-66.76858,-33.90209],[-66.73588,-33.91151],[-66.72275,-33.93533],[-66.67586,-33.94162],[-66.66659,-33.95737],[-66.66321,-33.98628],[-66.70825,-34.02473],[-66.69933,-34.04655],[-66.71567,-34.05777],[-66.71211,-34.10104],[-66.73374,-34.13696],[-66.71134,-34.14734],[-66.73029,-34.18206],[-66.71853,-34.18848],[-66.72946,-34.20739],[-66.7193,-34.21297],[-66.748,-34.22245],[-66.74645,-34.23562],[-66.78426,-34.23256],[-66.78812,-34.25328],[-66.80096,-34.25649],[-66.77592,-34.29774],[-67.15524,-34.29586],[-67.15155,-34.11054],[-67.5012,-34.10133],[-67.50308,-33.76952],[-67.70503,-33.77308],[-67.71805,-33.4461],[-67.66885,-33.348],[-67.65613,-33.34796],[-67.57719,-33.03075],[-67.17696,-33.07321]]]}},{"type":"Feature","properties":{"code":"50049","name":"Las Heras"},"geometry":{"type":"Polygon","coordinates":[[[-69.12645,-32.00191],[-69.01315,-32.11594],[-68.91762,-32.11465],[-68.91761,-32.33804],[-68.66571,-32.3371],[-68.51156,-32.26338],[-68.50319,-32.33928],[-68.52268,-32.37258],[-68.57628,-32.38443],[-68.61831,-32.43514],[-68.67055,-32.59116],[-68.65801,-32.65587],[-68.67133,-32.74502],[-68.69713,-32.80048],[-68.68455,-32.8286],[-68.82047,-32.87394],[-68.8326,-32.86217],[-68.95822,-32.86346],[-68.9582,-32.90458],[-69.00321,-32.9046],[-69.00339,-32.91849],[-69.01722,-32.91746],[-69.00314,-32.93617],[-69.00993,-32.96051],[-68.86687,-32.95907],[-68.89671,-32.9927],[-68.98168,-33.0378],[-69.0874,-33.0514],[-69.1161,-33.03027],[-69.12981,-32.99506],[-69.18708,-32.94913],[-69.24007,-32.91816],[-69.26008,-32.92078],[-69.26622,-32.85049],[-69.30057,-32.82538],[-69.31396,-32.75972],[-69.34517,-32.6956],[-69.41582,-32.62426],[-69.4579,-32.62309],[-69.49018,-32.63932],[-69.53363,-32.71741],[-69.59508,-32.77331],[-69.73149,-32.83547],[-69.76829,-32.86909],[-69.89392,-32.8268],[-70.02393,-32.82523],[-70.10823,-32.80114],[-70.11256,-32.77233],[-70.14758,-32.72843],[-70.15162,-32.63681],[-70.1723,-32.62209],[-70.15067,-32.58147],[-70.1262,-32.57415],[-70.09177,-32.6014],[-70.0896,-32.62243],[-70.0683,-32.62606],[-70.02583,-32.57877],[-70.00356,-32.5291],[-69.84686,-32.5705],[-69.82738,-32.56271],[-69.82155,-32.54403],[-69.77876,-32.54241],[-69.75886,-32.51238],[-69.70496,-32.49644],[-69.68921,-32.43018],[-69.70419,-32.40321],[-69.73316,-32.39056],[-69.72887,-32.33083],[-69.7215,-32.31418],[-69.6804,-32.3043],[-69.63031,-32.26209],[-69.60339,-32.21063],[-69.59623,-32.14091],[-69.56102,-32.13139],[-69.53114,-32.14095],[-69.50556,-32.11382],[-69.47678,-32.11115],[-69.45476,-32.07468],[-69.41574,-32.06653],[-69.39041,-32.07795],[-69.3786,-32.06421],[-69.3142,-32.09111],[-69.2768,-32.07001],[-69.24451,-32.01611],[-69.18399,-31.99938],[-69.12645,-32.00191]]]}},{"type":"Feature","properties":{"code":"50056","name":"Lavalle"},"geometry":{"type":"Polygon","coordinates":[[[-68.04987,-32.07345],[-68.03283,-32.08574],[-67.99875,-32.08213],[-67.98927,-32.09718],[-67.95759,-32.09232],[-67.9628,-32.11914],[-67.94394,-32.11135],[-67.92957,-32.12115],[-67.93816,-32.13904],[-67.91652,-32.17517],[-67.87287,-32.18801],[-67.84862,-32.22293],[-67.83826,-32.21509],[-67.83106,-32.22653],[-67.79126,-32.22348],[-67.77289,-32.23552],[-67.77166,-32.22541],[-67.73533,-32.22304],[-67.72938,-32.24086],[-67.71162,-32.24567],[-67.6763,-32.2252],[-67.64772,-32.24],[-67.60711,-32.23236],[-67.59693,-32.24628],[-67.54651,-32.2403],[-67.5224,-32.22117],[-67.48792,-32.26125],[-67.47291,-32.30669],[-67.33189,-32.35055],[-67.31013,-32.42474],[-67.28926,-32.44307],[-67.30145,-32.47066],[-67.28314,-32.51272],[-67.29734,-32.53613],[-67.28039,-32.53467],[-67.26281,-32.55315],[-67.2687,-32.5701],[-67.24404,-32.60315],[-67.25687,-32.62553],[-67.23768,-32.63443],[-67.22498,-32.68217],[-67.18832,-32.69719],[-67.16633,-32.75872],[-67.18612,-32.76971],[-67.17798,-32.82035],[-67.23199,-32.86504],[-67.23114,-32.89785],[-67.21215,-32.91167],[-67.20138,-32.97331],[-67.17929,-33.00351],[-67.18337,-33.0392],[-67.19799,-33.04417],[-67.17696,-33.07321],[-67.95669,-32.98878],[-67.95855,-32.73821],[-68.32537,-32.7208],[-68.3662,-32.76737],[-68.44451,-32.80245],[-68.46672,-32.84183],[-68.45615,-32.8693],[-68.60439,-32.83892],[-68.65114,-32.8584],[-68.63771,-32.83374],[-68.69183,-32.83037],[-68.68281,-32.82119],[-68.69713,-32.80048],[-68.67133,-32.74502],[-68.65801,-32.65587],[-68.67425,-32.60398],[-68.62154,-32.44099],[-68.57628,-32.38443],[-68.52268,-32.37258],[-68.50319,-32.33928],[-68.51317,-32.26777],[-68.46121,-32.23805],[-68.46121,-32.13919],[-68.30106,-32.13919],[-68.24793,-32.09155],[-68.20543,-32.12117],[-68.18817,-32.10918],[-68.15199,-32.11927],[-68.12279,-32.09977],[-68.09312,-32.10091],[-68.09761,-32.09221],[-68.08069,-32.08459],[-68.07325,-32.09897],[-68.04987,-32.07345]]]}},{"type":"Feature","properties":{"code":"50063","name":"Luján de Cuyo"},"geometry":{"type":"Polygon","coordinates":[[[-69.43148,-32.62203],[-69.40002,-32.63501],[-69.34636,-32.69334],[-69.31396,-32.75972],[-69.30057,-32.82538],[-69.26622,-32.85049],[-69.26008,-32.92078],[-69.24007,-32.91816],[-69.18708,-32.94913],[-69.12981,-32.99506],[-69.0939,-33.04932],[-68.98624,-33.03953],[-68.91532,-33.00537],[-68.86687,-32.95907],[-68.82973,-32.96029],[-68.86515,-33.04891],[-68.83343,-33.06474],[-68.78707,-33.05557],[-68.7011,-33.116],[-68.64089,-33.10268],[-68.6924,-33.26276],[-68.73316,-33.29861],[-68.72855,-33.34046],[-68.77103,-33.38383],[-68.79835,-33.39054],[-68.92281,-33.33877],[-68.90608,-33.2935],[-69.04238,-33.2567],[-69.21509,-33.11307],[-69.29278,-33.10229],[-69.51467,-33.03331],[-69.76906,-33.35042],[-69.79989,-33.28786],[-69.83723,-33.27261],[-69.85962,-33.28355],[-69.90433,-33.2729],[-69.91663,-33.24425],[-69.91587,-33.26677],[-70.00305,-33.32257],[-70.00602,-33.2856],[-70.03826,-33.2704],[-70.02735,-33.23232],[-70.05454,-33.22628],[-70.0644,-33.20511],[-70.06558,-33.15573],[-70.05173,-33.13455],[-70.07583,-33.12057],[-70.06712,-33.08816],[-70.09376,-33.05128],[-70.08092,-33.0283],[-70.03465,-33.02312],[-70.021,-33.00851],[-70.02737,-32.96988],[-69.99983,-32.94483],[-70.00724,-32.93116],[-69.98938,-32.89896],[-70.04468,-32.86995],[-70.05432,-32.83313],[-70.0835,-32.81288],[-69.89392,-32.8268],[-69.76829,-32.86909],[-69.73149,-32.83547],[-69.6071,-32.78292],[-69.53363,-32.71741],[-69.49018,-32.63932],[-69.43148,-32.62203]]]}},{"type":"Feature","properties":{"code":"50070","name":"Maipú"},"geometry":{"type":"Polygon","coordinates":[[[-68.45615,-32.8693],[-68.4702,-32.92144],[-68.57903,-33.034],[-68.60466,-33.09534],[-68.7011,-33.116],[-68.78707,-33.05557],[-68.83343,-33.06474],[-68.86515,-33.04891],[-68.84322,-32.97839],[-68.80368,-32.92721],[-68.72126,-32.94476],[-68.69869,-32.96528],[-68.66137,-32.91559],[-68.65114,-32.8584],[-68.60439,-32.83892],[-68.45615,-32.8693]]]}},{"type":"Feature","properties":{"code":"50077","name":"Malargüe"},"geometry":{"type":"MultiPolygon","coordinates":[[[[-70.23943,-34.69001],[-70.18252,-34.70682],[-70.14178,-34.74484],[-70.08954,-34.74898],[-70.01563,-34.80859],[-69.68488,-34.96685],[-69.64727,-34.99842],[-69.60969,-35.08589],[-69.56932,-35.11067],[-69.54706,-35.16496],[-69.55341,-35.18636],[-69.51419,-35.22905],[-69.3767,-35.27022],[-69.34367,-35.27509],[-69.27537,-35.25773],[-68.74604,-35.36937],[-68.48912,-35.58256],[-68.27223,-35.99762],[-68.29641,-35.99762],[-68.29613,-36.17255],[-68.25018,-36.17249],[-68.25425,-37.57193],[-68.35495,-37.54723],[-68.40118,-37.55873],[-68.43666,-37.54456],[-68.50491,-37.45409],[-68.56992,-37.45628],[-68.61367,-37.43862],[-68.69658,-37.44234],[-68.72164,-37.38894],[-68.76609,-37.36648],[-68.86517,-37.40125],[-68.88468,-37.382],[-69.02604,-37.36479],[-69.0493,-37.31467],[-69.03829,-37.25564],[-69.06413,-37.22365],[-69.17288,-37.17791],[-69.21964,-37.17739],[-69.26832,-37.1445],[-69.39699,-37.1719],[-69.43007,-37.15949],[-69.52957,-37.17444],[-69.71154,-37.10148],[-69.75563,-37.06864],[-69.76459,-37.00029],[-69.77626,-36.99122],[-69.779,-36.91682],[-69.75208,-36.88617],[-69.75965,-36.87152],[-69.8506,-36.84627],[-69.87357,-36.8114],[-69.92188,-36.79471],[-69.92003,-36.76227],[-69.94393,-36.74492],[-69.94753,-36.72161],[-69.98748,-36.6929],[-70.01216,-36.69553],[-70.02208,-36.66584],[-70.04569,-36.65661],[-70.07592,-36.60662],[-70.12257,-36.57105],[-70.1376,-36.52793],[-70.18269,-36.49108],[-70.20159,-36.45391],[-70.19594,-36.42165],[-70.22535,-36.32712],[-70.26665,-36.32241],[-70.30358,-36.34056],[-70.35149,-36.32427],[-70.37218,-36.28017],[-70.37062,-36.22379],[-70.39499,-36.19433],[-70.39738,-36.11949],[-70.42547,-36.09534],[-70.41054,-36.05641],[-70.36995,-36.03965],[-70.37815,-35.98997],[-70.42295,-35.97155],[-70.36477,-35.9242],[-70.42399,-35.91466],[-70.42197,-35.87659],[-70.38129,-35.86692],[-70.36956,-35.84122],[-70.31196,-35.81316],[-70.37874,-35.78785],[-70.38009,-35.76696],[-70.3583,-35.74964],[-70.37446,-35.70061],[-70.39884,-35.68665],[-70.40663,-35.67284],[-70.3975,-35.66366],[-70.4238,-35.64106],[-70.3847,-35.60511],[-70.41356,-35.52849],[-70.36827,-35.5195],[-70.39422,-35.48533],[-70.41374,-35.48854],[-70.44653,-35.46323],[-70.43233,-35.44571],[-70.45213,-35.42633],[-70.43831,-35.41317],[-70.452,-35.39162],[-70.41839,-35.35368],[-70.43189,-35.31829],[-70.5002,-35.32107],[-70.56629,-35.29949],[-70.58369,-35.26716],[-70.56516,-35.24301],[-70.56811,-35.22382],[-70.53605,-35.1991],[-70.47209,-35.20391],[-70.37502,-35.17022],[-70.36119,-35.1355],[-70.3701,-35.11208],[-70.35758,-35.09898],[-70.37389,-35.08569],[-70.37635,-35.05092],[-70.36045,-35.03489],[-70.36378,-35.00602],[-70.33367,-34.98993],[-70.33113,-34.93648],[-70.27632,-34.87626],[-70.27996,-34.85234],[-70.2482,-34.79887],[-70.30857,-34.76991],[-70.30767,-34.75107],[-70.25927,-34.73016],[-70.23943,-34.69001]]],[[[-68.24998,-37.57481],[-68.24998,-37.57481],[-68.24998,-37.57481],[-68.24998,-37.57481]]]]}},{"type":"Feature","properties":{"code":"50084","name":"Rivadavia"},"geometry":{"type":"Polygon","coordinates":[[[-68.28922,-33.23243],[-68.28128,-33.36022],[-68.29129,-33.46318],[-68.5951,-33.49192],[-68.56479,-33.73429],[-69.00337,-33.54648],[-68.98528,-33.5323],[-68.99084,-33.49501],[-68.8902,-33.45506],[-68.8533,-33.41216],[-68.77103,-33.38383],[-68.72855,-33.34046],[-68.72591,-33.28824],[-68.63926,-33.20386],[-68.64426,-33.1958],[-68.61305,-33.17741],[-68.55237,-33.15451],[-68.48097,-33.14949],[-68.37959,-33.20888],[-68.28922,-33.23243]]]}},{"type":"Feature","properties":{"code":"50091","name":"San Carlos"},"geometry":{"type":"Polygon","coordinates":[[[-68.45348,-34.21255],[-68.51373,-34.21081],[-68.58475,-34.23688],[-68.65116,-34.2384],[-68.71575,-34.26337],[-68.75465,-34.25999],[-68.81138,-34.37063],[-69.00592,-34.32001],[-69.05427,-34.57928],[-69.09137,-34.58248],[-69.0985,-34.60302],[-69.1313,-34.62341],[-69.43097,-34.70167],[-69.48204,-34.684],[-69.64292,-34.52319],[-69.71305,-34.48124],[-69.77267,-34.4674],[-69.79564,-34.40467],[-69.90493,-34.33789],[-69.95531,-34.29271],[-69.97842,-34.25245],[-69.90988,-34.29212],[-69.89698,-34.26586],[-69.8072,-34.24835],[-69.79672,-34.21048],[-69.81526,-34.17787],[-69.87329,-34.13107],[-69.83407,-34.0882],[-69.83208,-34.07213],[-69.85403,-34.05627],[-69.82142,-34.01519],[-69.83924,-34.00695],[-69.85421,-33.96371],[-69.88345,-33.97672],[-69.90552,-33.96516],[-69.89006,-33.91948],[-69.85552,-33.8921],[-69.89864,-33.83784],[-69.80246,-33.86923],[-69.7464,-33.85226],[-69.69395,-33.8707],[-69.63258,-33.85539],[-69.55544,-33.87228],[-69.4484,-33.84777],[-69.36026,-33.86293],[-69.30187,-33.78434],[-69.21707,-33.76392],[-69.18582,-33.73128],[-69.0726,-33.67105],[-69.05844,-33.64307],[-69.00184,-33.61198],[-69.00337,-33.54648],[-68.56479,-33.73429],[-68.5951,-33.49192],[-68.29129,-33.46318],[-68.29314,-34.0198],[-68.45609,-34.0415],[-68.45348,-34.21255]]]}},{"type":"Feature","properties":{"code":"50098","name":"San Martín"},"geometry":{"type":"Polygon","coordinates":[[[-67.95855,-32.73821],[-67.95776,-32.84504],[-68.12311,-32.8386],[-68.12555,-33.00008],[-68.18627,-33.00028],[-68.28495,-33.0588],[-68.28781,-33.18864],[-68.44793,-33.1],[-68.49029,-33.12302],[-68.58062,-33.06854],[-68.56114,-33.0118],[-68.49444,-32.95768],[-68.46653,-32.91474],[-68.45533,-32.86618],[-68.46639,-32.85624],[-68.46287,-32.82593],[-68.44451,-32.80245],[-68.3662,-32.76737],[-68.32931,-32.72271],[-67.95855,-32.73821]]]}},{"type":"Feature","properties":{"code":"50105","name":"San Rafael"},"geometry":{"type":"Polygon","coordinates":[[[-67.15155,-34.11054],[-67.15524,-34.29586],[-66.77592,-34.29774],[-66.8028,-34.30572],[-66.79953,-34.33574],[-66.81189,-34.3451],[-66.78687,-34.37768],[-66.76418,-34.37905],[-66.77517,-34.41004],[-66.79531,-34.41137],[-66.7574,-34.43451],[-66.75651,-34.51166],[-66.79295,-34.49162],[-66.84538,-34.49237],[-66.87122,-34.51293],[-66.92139,-34.51543],[-66.94317,-34.53695],[-67.01799,-34.55841],[-67.05846,-34.55521],[-67.07903,-34.57465],[-67.15394,-34.55941],[-67.20467,-34.5663],[-67.22748,-34.54893],[-67.28395,-34.53774],[-67.33791,-34.55006],[-67.38718,-34.54058],[-67.42688,-34.55895],[-67.55991,-34.53281],[-67.6364,-34.53135],[-67.63429,-34.56702],[-67.66514,-34.62229],[-67.72304,-34.97272],[-67.70956,-34.98242],[-67.71353,-35.004],[-67.69342,-35.01564],[-67.7121,-35.05509],[-67.69997,-35.08594],[-67.71863,-35.09752],[-67.7106,-35.11804],[-67.73014,-35.14947],[-67.71389,-35.17595],[-67.73232,-35.19422],[-67.70688,-35.22352],[-67.71531,-35.24021],[-67.67944,-35.25452],[-67.67166,-35.29665],[-67.64637,-35.31655],[-67.65946,-35.3395],[-67.64391,-35.3682],[-67.64788,-35.3914],[-67.62427,-35.40581],[-67.59284,-35.45965],[-67.575,-35.46133],[-67.53047,-35.50392],[-67.50652,-35.55195],[-67.48078,-35.56332],[-67.47886,-35.59128],[-67.41248,-35.65782],[-67.40402,-35.68188],[-67.41394,-35.68306],[-67.41574,-35.72295],[-67.39607,-35.73016],[-67.33648,-35.80815],[-67.28539,-35.83412],[-67.19489,-35.99925],[-68.27223,-35.99762],[-68.48912,-35.58256],[-68.74604,-35.36937],[-69.27537,-35.25773],[-69.34367,-35.27509],[-69.3767,-35.27022],[-69.51419,-35.22905],[-69.55341,-35.18636],[-69.54706,-35.16496],[-69.56932,-35.11067],[-69.60969,-35.08589],[-69.64727,-34.99842],[-69.68488,-34.96685],[-70.01563,-34.80859],[-70.08954,-34.74898],[-70.14178,-34.74484],[-70.18252,-34.70682],[-70.24238,-34.68971],[-70.21586,-34.68343],[-70.21698,-34.61074],[-70.14442,-34.53288],[-70.12943,-34.48561],[-70.08242,-34.47256],[-70.04181,-34.42341],[-70.0123,-34.41195],[-70.02424,-34.37372],[-70.01466,-34.33539],[-70.03228,-34.29125],[-69.98005,-34.25254],[-69.90493,-34.33789],[-69.79564,-34.40467],[-69.77267,-34.4674],[-69.71305,-34.48124],[-69.64292,-34.52319],[-69.48204,-34.684],[-69.43097,-34.70167],[-69.1313,-34.62341],[-69.0985,-34.60302],[-69.09137,-34.58248],[-69.05427,-34.57928],[-69.00592,-34.32001],[-68.81138,-34.37063],[-68.75147,-34.25867],[-68.71575,-34.26337],[-68.51373,-34.21081],[-68.42641,-34.22267],[-68.34926,-34.18057],[-68.30522,-34.17304],[-68.25675,-34.17642],[-68.17058,-34.21141],[-68.02484,-34.1998],[-67.64778,-34.20107],[-67.56451,-34.10185],[-67.15155,-34.11054]]]}},{"type":"Feature","properties":{"code":"50112","name":"Santa Rosa"},"geometry":{"type":"Polygon","coordinates":[[[-67.95776,-32.84504],[-67.95669,-32.98878],[-67.57719,-33.03075],[-67.65613,-33.34796],[-67.66885,-33.348],[-67.71805,-33.4461],[-67.70503,-33.77308],[-67.50308,-33.76952],[-67.5012,-34.10133],[-67.56451,-34.10185],[-67.64778,-34.20107],[-68.02484,-34.1998],[-68.17058,-34.21141],[-68.24645,-34.17949],[-68.29922,-34.17285],[-68.34926,-34.18057],[-68.40852,-34.21766],[-68.44423,-34.21873],[-68.45348,-34.21255],[-68.45609,-34.0415],[-68.29314,-34.0198],[-68.28495,-33.0588],[-68.18627,-33.00028],[-68.12555,-33.00008],[-68.12311,-32.8386],[-67.95776,-32.84504]]]}},{"type":"Feature","properties":{"code":"50119","name":"Tunuyán"},"geometry":{"type":"Polygon","coordinates":[[[-69.69671,-33.36755],[-69.33188,-33.40413],[-69.2731,-33.45519],[-69.05847,-33.5233],[-69.02962,-33.54364],[-68.9995,-33.54102],[-68.99868,-33.60778],[-69.21707,-33.76392],[-69.30187,-33.78434],[-69.36026,-33.86293],[-69.4484,-33.84777],[-69.55544,-33.87228],[-69.63258,-33.85539],[-69.69395,-33.8707],[-69.7464,-33.85226],[-69.80246,-33.86923],[-69.89792,-33.83765],[-69.89374,-33.79123],[-69.90458,-33.77085],[-69.8646,-33.71678],[-69.88485,-33.68323],[-69.87019,-33.65162],[-69.88086,-33.61856],[-69.86533,-33.583],[-69.87218,-33.53947],[-69.83485,-33.51566],[-69.82949,-33.47632],[-69.81511,-33.46917],[-69.81952,-33.43009],[-69.79608,-33.42326],[-69.81551,-33.38987],[-69.78641,-33.39185],[-69.77035,-33.36044],[-69.69671,-33.36755]]]}},{"type":"Feature","properties":{"code":"50126","name":"Tupungato"},"geometry":{"type":"Polygon","coordinates":[[[-68.90751,-33.34584],[-68.79872,-33.39225],[-68.8533,-33.41216],[-68.8902,-33.45506],[-68.99084,-33.49501],[-68.98528,-33.5323],[-69.00969,-33.54646],[-69.27523,-33.45431],[-69.32047,-33.40886],[-69.34664,-33.39973],[-69.77035,-33.36044],[-69.51467,-33.03331],[-69.29278,-33.10229],[-69.21509,-33.11307],[-69.04238,-33.2567],[-68.90608,-33.2935],[-68.92281,-33.33877],[-68.90751,-33.34584]]]}},{"type":"Feature","properties":{"code":"54007","name":"Apóstoles"},"geometry":{"type":"Polygon","coordinates":[[[-55.76141,-27.70063],[-55.75253,-27.71697],[-55.72763,-27.71014],[-55.70335,-27.74397],[-55.66939,-27.74896],[-55.66361,-27.71007],[-55.61957,-27.71501],[-55.61714,-27.69699],[-55.49394,-27.70884],[-55.50141,-27.76353],[-55.5234,-27.76125],[-55.55447,-27.83135],[-55.63125,-27.94399],[-55.57715,-27.94514],[-55.55321,-28.03817],[-55.57521,-28.10442],[-55.61161,-28.11849],[-55.62024,-28.13754],[-55.71242,-28.08832],[-55.71672,-28.06127],[-55.75803,-28.06081],[-55.74943,-28.0271],[-55.82439,-27.94845],[-55.81359,-27.92102],[-55.83176,-27.90413],[-55.82712,-27.8546],[-55.8463,-27.83244],[-55.82554,-27.79166],[-55.85085,-27.75842],[-55.78016,-27.73439],[-55.7729,-27.6909],[-55.76141,-27.70063]]]}},{"type":"Feature","properties":{"code":"54014","name":"Cainguás"},"geometry":{"type":"Polygon","coordinates":[[[-54.61353,-26.93393],[-54.54047,-27.09241],[-54.49744,-27.09013],[-54.48807,-27.10831],[-54.4961,-27.13131],[-54.48633,-27.14236],[-54.50325,-27.15419],[-54.49438,-27.176],[-54.51324,-27.17542],[-54.50486,-27.19172],[-54.52923,-27.20744],[-54.51921,-27.22371],[-54.52841,-27.22592],[-54.51121,-27.22484],[-54.52635,-27.23479],[-54.52099,-27.24892],[-54.50768,-27.24782],[-54.51293,-27.26064],[-54.59453,-27.26829],[-54.59893,-27.26049],[-54.5818,-27.25445],[-54.60561,-27.24074],[-54.59304,-27.21935],[-54.62675,-27.21037],[-54.6026,-27.17839],[-54.61131,-27.16386],[-54.71864,-27.16444],[-54.70057,-27.21235],[-54.83514,-27.24865],[-54.83233,-27.26491],[-54.81687,-27.26925],[-54.83365,-27.27777],[-54.81439,-27.31332],[-54.83249,-27.31823],[-54.81214,-27.33972],[-54.82272,-27.35154],[-54.81473,-27.35998],[-54.83277,-27.3565],[-54.81968,-27.38536],[-54.83445,-27.38708],[-54.92525,-27.35291],[-54.93809,-27.37072],[-55.07976,-27.18798],[-55.10065,-27.18376],[-55.09934,-27.06243],[-55.01156,-27.06222],[-54.96927,-27.10674],[-54.95386,-27.08273],[-54.91539,-27.07511],[-54.90548,-27.05698],[-54.8936,-27.06512],[-54.88303,-27.0055],[-54.90185,-26.98967],[-54.88625,-26.98152],[-54.84542,-26.99553],[-54.81453,-26.98922],[-54.81381,-27.00313],[-54.78647,-27.00787],[-54.75838,-27.05193],[-54.7441,-27.05043],[-54.72686,-27.04088],[-54.75653,-26.9466],[-54.71922,-26.93583],[-54.70095,-26.97906],[-54.61353,-26.93393]]]}},{"type":"Feature","properties":{"code":"54021","name":"Candelaria"},"geometry":{"type":"Polygon","coordinates":[[[-55.28855,-27.40558],[-55.28185,-27.41459],[-55.49967,-27.53744],[-55.51493,-27.51542],[-55.57693,-27.55031],[-55.55978,-27.57462],[-55.63898,-27.62613],[-55.65765,-27.62358],[-55.67482,-27.59341],[-55.7217,-27.60848],[-55.72301,-27.58903],[-55.79394,-27.58273],[-55.80426,-27.56873],[-55.78591,-27.55644],[-55.77857,-27.49884],[-55.81654,-27.47618],[-55.79468,-27.43417],[-55.73277,-27.44311],[-55.68103,-27.37698],[-55.59614,-27.33916],[-55.58762,-27.31334],[-55.52238,-27.28016],[-55.51283,-27.28467],[-55.52822,-27.28968],[-55.52342,-27.29909],[-55.50395,-27.29857],[-55.49958,-27.31183],[-55.48695,-27.30519],[-55.47493,-27.32169],[-55.4852,-27.32177],[-55.47886,-27.34336],[-55.49496,-27.3647],[-55.46218,-27.37298],[-55.44693,-27.3929],[-55.43141,-27.39557],[-55.43362,-27.38063],[-55.40843,-27.38967],[-55.41621,-27.38231],[-55.40485,-27.36906],[-55.37994,-27.37867],[-55.38638,-27.39025],[-55.3549,-27.3819],[-55.34692,-27.3951],[-55.36217,-27.4007],[-55.32422,-27.40327],[-55.31026,-27.38305],[-55.30515,-27.40614],[-55.28855,-27.40558]]]}},{"type":"Feature","properties":{"code":"54028","name":"Capital"},"geometry":{"type":"MultiPolygon","coordinates":[[[[-56.00675,-27.33967],[-55.97549,-27.35563],[-55.89635,-27.34272],[-55.83891,-27.40748],[-55.80378,-27.42262],[-55.79463,-27.43412],[-55.81654,-27.47618],[-55.77857,-27.49884],[-55.79936,-27.57764],[-55.72301,-27.58903],[-55.7217,-27.60848],[-55.67482,-27.59341],[-55.65583,-27.6386],[-55.60984,-27.64451],[-55.61957,-27.71501],[-55.66361,-27.71007],[-55.66939,-27.74896],[-55.70335,-27.74397],[-55.72763,-27.71014],[-55.75253,-27.71697],[-55.7729,-27.6909],[-55.77788,-27.73242],[-55.85085,-27.75842],[-55.9789,-27.5402],[-56.02664,-27.50728],[-56.05461,-27.45095],[-56.05542,-27.42069],[-56.03694,-27.41519],[-56.04322,-27.40499],[-56.02889,-27.38285],[-56.03933,-27.34588],[-56.02426,-27.32426],[-56.00675,-27.33967]]],[[[-55.92754,-27.33364],[-55.92889,-27.33834],[-55.96036,-27.34187],[-55.9471,-27.33524],[-55.92754,-27.33364]]],[[[-56.003,-27.33709],[-55.99713,-27.3386],[-55.9962,-27.34027],[-56.0051,-27.33742],[-56.003,-27.33709]]]]}},{"type":"Feature","properties":{"code":"54035","name":"Concepción"},"geometry":{"type":"Polygon","coordinates":[[[-55.38481,-27.98776],[-55.37046,-28.02845],[-55.42278,-28.06097],[-55.44498,-28.09721],[-55.49125,-28.07717],[-55.5131,-28.11387],[-55.54009,-28.12285],[-55.55317,-28.16165],[-55.58777,-28.14614],[-55.58999,-28.10487],[-55.57817,-28.10768],[-55.56254,-28.08527],[-55.55321,-28.03817],[-55.564,-27.96539],[-55.57715,-27.94514],[-55.63125,-27.94399],[-55.55447,-27.83135],[-55.5234,-27.76125],[-55.3575,-27.77834],[-55.31311,-27.92179],[-55.33221,-27.9327],[-55.33902,-27.9663],[-55.38481,-27.98776]]]}},{"type":"Feature","properties":{"code":"54042","name":"Eldorado"},"geometry":{"type":"Polygon","coordinates":[[[-54.41041,-26.1254],[-54.3208,-26.14236],[-54.1427,-26.14265],[-54.16553,-26.21681],[-54.16467,-26.26801],[-54.22582,-26.26809],[-54.22093,-26.28438],[-54.23971,-26.27648],[-54.24768,-26.30169],[-54.2639,-26.29006],[-54.26378,-26.48836],[-54.27789,-26.48025],[-54.27724,-26.5051],[-54.29688,-26.48701],[-54.30595,-26.50073],[-54.31391,-26.48776],[-54.35037,-26.50438],[-54.34873,-26.482],[-54.36962,-26.49553],[-54.36431,-26.47166],[-54.38587,-26.50703],[-54.40598,-26.50592],[-54.41079,-26.52916],[-54.41727,-26.49514],[-54.4285,-26.51376],[-54.44472,-26.50193],[-54.44327,-26.52449],[-54.45648,-26.5112],[-54.48627,-26.51998],[-54.49162,-26.49714],[-54.51648,-26.50678],[-54.52664,-26.48597],[-54.53911,-26.48982],[-54.53668,-26.47527],[-54.55482,-26.48254],[-54.56055,-26.45677],[-54.56687,-26.47098],[-54.58595,-26.46727],[-54.58672,-26.48438],[-54.60488,-26.48457],[-54.60338,-26.50316],[-54.62954,-26.48976],[-54.62291,-26.51003],[-54.63367,-26.5118],[-54.67103,-26.46957],[-54.6579,-26.45633],[-54.70755,-26.45094],[-54.69665,-26.37771],[-54.64757,-26.31147],[-54.67859,-26.26254],[-54.61848,-26.21649],[-54.64723,-26.18399],[-54.64133,-26.15193],[-54.62555,-26.16492],[-54.61832,-26.14871],[-54.60119,-26.16156],[-54.58709,-26.13237],[-54.57261,-26.14855],[-54.57078,-26.13811],[-54.54671,-26.14094],[-54.54594,-26.15993],[-54.52634,-26.15439],[-54.51921,-26.17311],[-54.51351,-26.15635],[-54.48586,-26.15633],[-54.4858,-26.14194],[-54.47677,-26.14925],[-54.46471,-26.12607],[-54.45246,-26.14969],[-54.43405,-26.15245],[-54.43302,-26.12116],[-54.41041,-26.1254]]]}},{"type":"Feature","properties":{"code":"54049","name":"General Manuel Belgrano"},"geometry":{"type":"Polygon","coordinates":[[[-54.10906,-25.53982],[-54.12358,-25.57164],[-54.10041,-25.61819],[-54.08109,-25.55825],[-54.04908,-25.58537],[-54.01636,-25.56365],[-53.97014,-25.60102],[-53.97811,-25.61029],[-53.96544,-25.61269],[-53.96226,-25.64348],[-53.94768,-25.64021],[-53.94785,-25.61148],[-53.9328,-25.62261],[-53.91662,-25.61622],[-53.91218,-25.63632],[-53.89259,-25.62229],[-53.89497,-25.64319],[-53.87641,-25.6451],[-53.88999,-25.66128],[-53.86238,-25.65867],[-53.85691,-25.6831],[-53.84255,-25.6873],[-53.85526,-25.6916],[-53.85149,-25.70619],[-53.87232,-25.69342],[-53.86558,-25.70541],[-53.8793,-25.70779],[-53.85901,-25.72335],[-53.86634,-25.74424],[-53.83411,-25.75133],[-53.85714,-25.76611],[-53.831,-25.78073],[-53.8433,-25.79066],[-53.82212,-25.79333],[-53.81956,-25.81618],[-53.83841,-25.81589],[-53.85008,-25.8396],[-53.82336,-25.87208],[-53.8499,-25.88377],[-53.81957,-25.89844],[-53.83524,-25.91183],[-53.8188,-25.91261],[-53.8206,-25.92761],[-53.83381,-25.92063],[-53.84292,-25.93368],[-53.82808,-25.96364],[-53.83678,-25.9701],[-53.81378,-25.98012],[-53.81788,-25.98998],[-53.80286,-25.98462],[-53.77164,-26.03151],[-53.73728,-26.04143],[-53.72672,-26.06482],[-53.74259,-26.08177],[-53.74429,-26.11624],[-53.7104,-26.13053],[-53.64127,-26.21388],[-53.65351,-26.2351],[-53.63738,-26.24968],[-53.64619,-26.24837],[-53.64562,-26.28607],[-53.70998,-26.38761],[-53.69662,-26.40209],[-53.70545,-26.41638],[-53.68733,-26.43085],[-53.6884,-26.44342],[-53.70425,-26.44187],[-53.69854,-26.46976],[-53.71969,-26.46672],[-53.77051,-26.38452],[-53.74641,-26.33197],[-53.79266,-26.33216],[-53.79418,-26.25523],[-53.8867,-26.25527],[-53.88673,-26.21793],[-53.9867,-26.21669],[-53.98686,-26.26813],[-54.16467,-26.268],[-54.14335,-26.12205],[-54.19609,-26.1037],[-54.17014,-25.85309],[-54.17858,-25.84747],[-54.15921,-25.6347],[-54.16671,-25.54287],[-54.10256,-25.49431],[-54.09264,-25.50903],[-54.10906,-25.53982]]]}},{"type":"Feature","properties":{"code":"54056","name":"Guaraní"},"geometry":{"type":"Polygon","coordinates":[[[-54.2419,-26.70334],[-54.24151,-26.72571],[-54.25997,-26.73928],[-54.23515,-26.78416],[-54.23741,-26.80356],[-54.1396,-26.7483],[-54.12745,-26.77348],[-54.13484,-26.78728],[-54.11953,-26.79976],[-54.12795,-26.80964],[-54.09926,-26.8151],[-54.10451,-26.83968],[-54.08325,-26.84883],[-54.09798,-26.86052],[-54.07542,-26.86923],[-54.07645,-26.88991],[-54.06472,-26.87501],[-54.04837,-26.88123],[-54.05015,-26.90247],[-54.0225,-26.90282],[-54.00678,-26.93472],[-54.03513,-26.94365],[-54.01489,-26.96061],[-54.02832,-26.98095],[-54.02027,-26.99236],[-53.99693,-26.98291],[-53.9968,-27.00918],[-54.01867,-27.00852],[-54.00344,-27.02572],[-53.97696,-27.01861],[-53.96731,-27.05204],[-53.93613,-27.03549],[-53.94535,-27.06458],[-53.92445,-27.06044],[-53.92058,-27.0439],[-53.90824,-27.07015],[-53.89335,-27.05491],[-53.88524,-27.05845],[-53.90312,-27.07996],[-53.88929,-27.09151],[-53.90817,-27.09697],[-53.87609,-27.11079],[-53.92614,-27.12406],[-53.89795,-27.13708],[-53.95539,-27.15523],[-53.96272,-27.19761],[-54.00843,-27.19929],[-54.02005,-27.24675],[-54.05513,-27.26366],[-54.08043,-27.29818],[-54.15412,-27.29688],[-54.15725,-27.26184],[-54.17699,-27.25767],[-54.21475,-27.38352],[-54.26279,-27.39876],[-54.26779,-27.43705],[-54.28935,-27.4479],[-54.32103,-27.41182],[-54.29548,-27.41181],[-54.29507,-27.39892],[-54.31633,-27.39227],[-54.28768,-27.38337],[-54.3213,-27.37374],[-54.29517,-27.36196],[-54.31618,-27.35391],[-54.31247,-27.31378],[-54.32865,-27.30864],[-54.32274,-27.29757],[-54.36446,-27.25234],[-54.34824,-27.25415],[-54.35234,-27.23261],[-54.51293,-27.26064],[-54.50768,-27.24782],[-54.52237,-27.24777],[-54.52635,-27.23479],[-54.51121,-27.22484],[-54.52841,-27.22592],[-54.51921,-27.22371],[-54.52923,-27.20744],[-54.50486,-27.19172],[-54.51324,-27.17542],[-54.49438,-27.176],[-54.50325,-27.15419],[-54.48633,-27.14236],[-54.4961,-27.13131],[-54.48807,-27.10831],[-54.49744,-27.09013],[-54.54047,-27.09241],[-54.61353,-26.93393],[-54.56588,-26.91418],[-54.56832,-26.89466],[-54.52392,-26.85398],[-54.54577,-26.83023],[-54.40207,-26.71206],[-54.26286,-26.64163],[-54.1883,-26.6672],[-54.21677,-26.699],[-54.2419,-26.70334]]]}},{"type":"Feature","properties":{"code":"54063","name":"Iguazú"},"geometry":{"type":"Polygon","coordinates":[[[-54.16671,-25.54287],[-54.15921,-25.6347],[-54.17858,-25.84747],[-54.17014,-25.85309],[-54.19609,-26.1037],[-54.14335,-26.12205],[-54.1427,-26.14265],[-54.3208,-26.14236],[-54.43302,-26.12116],[-54.43405,-26.15245],[-54.45246,-26.14969],[-54.46471,-26.12607],[-54.47677,-26.14925],[-54.4858,-26.14194],[-54.48586,-26.15633],[-54.51351,-26.15635],[-54.51921,-26.17311],[-54.52634,-26.15439],[-54.54594,-26.15993],[-54.54671,-26.14094],[-54.57078,-26.13811],[-54.57261,-26.14855],[-54.58775,-26.13237],[-54.58984,-26.15486],[-54.60305,-26.15075],[-54.60364,-26.16197],[-54.61832,-26.14871],[-54.62502,-26.16504],[-54.63921,-26.14997],[-54.64414,-26.18153],[-54.65435,-26.18037],[-54.67409,-26.14286],[-54.64907,-26.11652],[-54.64371,-26.08847],[-54.6788,-25.99474],[-54.66431,-25.98068],[-54.61073,-25.97779],[-54.62201,-25.9124],[-54.58672,-25.83062],[-54.63117,-25.76553],[-54.65524,-25.67038],[-54.63779,-25.65983],[-54.58367,-25.66626],[-54.59492,-25.59744],[-54.55533,-25.5877],[-54.53495,-25.59862],[-54.52768,-25.62832],[-54.50002,-25.61458],[-54.46883,-25.63719],[-54.42892,-25.69406],[-54.42476,-25.65799],[-54.39484,-25.63755],[-54.38244,-25.59633],[-54.34734,-25.60606],[-54.32839,-25.57148],[-54.28842,-25.55573],[-54.25052,-25.59772],[-54.23517,-25.59304],[-54.23056,-25.56301],[-54.18115,-25.58552],[-54.17467,-25.57278],[-54.205,-25.55777],[-54.20764,-25.5438],[-54.19396,-25.53456],[-54.16671,-25.54287]]]}},{"type":"Feature","properties":{"code":"54070","name":"Leandro N. Alem"},"geometry":{"type":"Polygon","coordinates":[[[-55.34596,-27.46387],[-55.32971,-27.46593],[-55.32965,-27.47921],[-55.30169,-27.46464],[-55.28377,-27.49928],[-55.22632,-27.5161],[-55.25155,-27.52169],[-55.23639,-27.54651],[-55.25769,-27.56212],[-55.18099,-27.62192],[-55.17116,-27.61643],[-55.16525,-27.69833],[-55.18986,-27.70011],[-55.19619,-27.7388],[-55.2721,-27.7447],[-55.28807,-27.73222],[-55.3312,-27.78576],[-55.50141,-27.76353],[-55.49394,-27.70884],[-55.61714,-27.69699],[-55.60984,-27.64451],[-55.65583,-27.6386],[-55.66031,-27.61925],[-55.63898,-27.62613],[-55.55978,-27.57462],[-55.57693,-27.55031],[-55.51493,-27.51542],[-55.49967,-27.53744],[-55.36525,-27.46144],[-55.34596,-27.46387]]]}},{"type":"Feature","properties":{"code":"54077","name":"Libertador General San Martín"},"geometry":{"type":"Polygon","coordinates":[[[-54.79345,-26.66625],[-54.65925,-26.96663],[-54.70095,-26.97906],[-54.71922,-26.93583],[-54.75653,-26.9466],[-54.73049,-27.04488],[-54.75794,-27.05228],[-54.78647,-27.00787],[-54.81381,-27.00313],[-54.81453,-26.98922],[-54.84542,-26.99553],[-54.88625,-26.98152],[-54.90185,-26.98967],[-54.88303,-27.0055],[-54.8936,-27.06512],[-54.90548,-27.05698],[-54.91539,-27.07511],[-54.95386,-27.08273],[-54.97066,-27.10682],[-55.01156,-27.06222],[-55.14763,-27.05969],[-55.17998,-27.02672],[-55.17856,-26.99731],[-55.20688,-26.99922],[-55.20405,-26.96961],[-55.13206,-26.94451],[-55.15029,-26.89595],[-55.13406,-26.85728],[-55.05754,-26.79898],[-54.95626,-26.78136],[-54.94216,-26.68238],[-54.8803,-26.656],[-54.82619,-26.67436],[-54.80155,-26.64953],[-54.79345,-26.66625]]]}},{"type":"Feature","properties":{"code":"54084","name":"Montecarlo"},"geometry":{"type":"Polygon","coordinates":[[[-54.70221,-26.45532],[-54.6579,-26.45633],[-54.67103,-26.46957],[-54.62915,-26.51274],[-54.62954,-26.48976],[-54.60338,-26.50316],[-54.60488,-26.48457],[-54.58672,-26.48438],[-54.58595,-26.46727],[-54.56687,-26.47098],[-54.56055,-26.45677],[-54.55482,-26.48254],[-54.53668,-26.47527],[-54.53911,-26.48982],[-54.52664,-26.48597],[-54.51648,-26.50678],[-54.49162,-26.49714],[-54.48627,-26.51998],[-54.45648,-26.5112],[-54.44327,-26.52449],[-54.44472,-26.50193],[-54.4285,-26.51376],[-54.41727,-26.49514],[-54.41079,-26.52916],[-54.40598,-26.50592],[-54.38587,-26.50703],[-54.36431,-26.47166],[-54.36962,-26.49553],[-54.34873,-26.482],[-54.35037,-26.50438],[-54.31391,-26.48776],[-54.30595,-26.50073],[-54.29688,-26.48701],[-54.27724,-26.5051],[-54.27789,-26.48025],[-54.26377,-26.48837],[-54.26289,-26.64165],[-54.43274,-26.73181],[-54.54577,-26.83023],[-54.52392,-26.85398],[-54.56832,-26.89466],[-54.56588,-26.91418],[-54.66455,-26.95507],[-54.80155,-26.64953],[-54.78419,-26.61467],[-54.80772,-26.56096],[-54.80054,-26.53612],[-54.70221,-26.45532]]]}},{"type":"Feature","properties":{"code":"54091","name":"Oberá"},"geometry":{"type":"Polygon","coordinates":[[[-55.12073,-27.18365],[-55.07976,-27.18798],[-54.93809,-27.37072],[-54.91685,-27.36437],[-54.90908,-27.38864],[-54.92425,-27.41057],[-54.91394,-27.43413],[-54.92792,-27.45879],[-54.8991,-27.4755],[-54.91038,-27.49103],[-54.86533,-27.5099],[-54.87915,-27.5204],[-54.86049,-27.53307],[-54.85935,-27.5515],[-54.88205,-27.55647],[-54.85212,-27.56664],[-54.87242,-27.5858],[-54.86006,-27.60221],[-54.87087,-27.61355],[-54.84647,-27.61971],[-54.90505,-27.63865],[-54.90281,-27.72102],[-54.94217,-27.77564],[-54.96706,-27.77587],[-54.9988,-27.74808],[-55.03618,-27.66134],[-55.07555,-27.619],[-55.18099,-27.62192],[-55.25769,-27.56212],[-55.23639,-27.54651],[-55.25155,-27.52169],[-55.22632,-27.5161],[-55.28377,-27.49928],[-55.30169,-27.46464],[-55.32965,-27.47921],[-55.33035,-27.46545],[-55.36525,-27.46144],[-55.28185,-27.41459],[-55.28191,-27.39273],[-55.29688,-27.38556],[-55.28426,-27.38539],[-55.29033,-27.36036],[-55.27725,-27.36187],[-55.27186,-27.33621],[-55.25351,-27.3433],[-55.24043,-27.32881],[-55.21701,-27.32984],[-55.22189,-27.32501],[-55.21371,-27.31515],[-55.21418,-27.32432],[-55.19531,-27.32343],[-55.19011,-27.29604],[-55.13842,-27.28413],[-55.14782,-27.2762],[-55.13683,-27.28181],[-55.13597,-27.18356],[-55.12073,-27.18365]]]}},{"type":"Feature","properties":{"code":"54098","name":"San Ignacio"},"geometry":{"type":"Polygon","coordinates":[[[-55.21532,-26.96418],[-55.19777,-26.99004],[-55.20688,-26.99922],[-55.17856,-26.99731],[-55.17998,-27.02672],[-55.14832,-27.05921],[-55.09929,-27.05812],[-55.10065,-27.18376],[-55.13597,-27.18356],[-55.13683,-27.28181],[-55.14782,-27.2762],[-55.13929,-27.28506],[-55.19011,-27.29604],[-55.19531,-27.32343],[-55.21418,-27.32432],[-55.21371,-27.31515],[-55.21701,-27.32984],[-55.24043,-27.32881],[-55.25351,-27.3433],[-55.27186,-27.33621],[-55.27725,-27.36187],[-55.29033,-27.36036],[-55.28426,-27.38539],[-55.29688,-27.38556],[-55.28191,-27.39273],[-55.28968,-27.40941],[-55.30515,-27.40614],[-55.31026,-27.38305],[-55.32422,-27.40327],[-55.34424,-27.40489],[-55.36259,-27.40032],[-55.34692,-27.3951],[-55.35519,-27.38172],[-55.38638,-27.39025],[-55.37994,-27.37867],[-55.39388,-27.38216],[-55.40233,-27.36949],[-55.41621,-27.38231],[-55.40843,-27.38967],[-55.43448,-27.38076],[-55.43548,-27.39627],[-55.46218,-27.37298],[-55.48909,-27.36988],[-55.4852,-27.32177],[-55.47493,-27.32169],[-55.48695,-27.30519],[-55.49958,-27.31183],[-55.50395,-27.29857],[-55.52395,-27.2986],[-55.5187,-27.28015],[-55.58762,-27.31334],[-55.60239,-27.28462],[-55.57439,-27.27095],[-55.57469,-27.24746],[-55.61159,-27.213],[-55.61876,-27.18718],[-55.60773,-27.1613],[-55.56112,-27.16095],[-55.56132,-27.10132],[-55.45554,-27.10625],[-55.44574,-27.02538],[-55.37574,-26.96617],[-55.30666,-26.96388],[-55.25492,-26.9376],[-55.21532,-26.96418]]]}},{"type":"Feature","properties":{"code":"54105","name":"San Javier"},"geometry":{"type":"Polygon","coordinates":[[[-55.06549,-27.6308],[-55.03618,-27.66134],[-55.0049,-27.73973],[-54.97641,-27.75922],[-55.00828,-27.79762],[-55.05593,-27.77005],[-55.08394,-27.78597],[-55.02502,-27.83257],[-55.02916,-27.85394],[-55.10849,-27.84742],[-55.1252,-27.8588],[-55.13438,-27.89615],[-55.17145,-27.86108],[-55.1972,-27.85713],[-55.26421,-27.92889],[-55.31311,-27.92179],[-55.3575,-27.77834],[-55.3312,-27.78576],[-55.28807,-27.73222],[-55.2721,-27.7447],[-55.19619,-27.7388],[-55.18986,-27.70011],[-55.16525,-27.69833],[-55.17046,-27.62535],[-55.07555,-27.619],[-55.06549,-27.6308]]]}},{"type":"Feature","properties":{"code":"54112","name":"San Pedro"},"geometry":{"type":"Polygon","coordinates":[[[-53.85964,-26.25537],[-53.79418,-26.25523],[-53.79266,-26.33216],[-53.74641,-26.33197],[-53.77051,-26.38452],[-53.71969,-26.46672],[-53.70702,-26.48139],[-53.69574,-26.47553],[-53.70451,-26.50875],[-53.72995,-26.5026],[-53.71674,-26.52695],[-53.7231,-26.54233],[-53.74143,-26.54393],[-53.7253,-26.55428],[-53.73683,-26.56563],[-53.71425,-26.55646],[-53.70754,-26.56091],[-53.72206,-26.56213],[-53.72462,-26.58903],[-53.73279,-26.58648],[-53.73983,-26.64408],[-53.75953,-26.64114],[-53.72634,-26.65878],[-53.72201,-26.64841],[-53.71873,-26.66706],[-53.73161,-26.67777],[-53.71666,-26.68315],[-53.72876,-26.69218],[-53.74292,-26.68029],[-53.73444,-26.71702],[-53.75412,-26.70975],[-53.75795,-26.72029],[-53.74272,-26.73108],[-53.7501,-26.74071],[-53.73176,-26.73089],[-53.7141,-26.75069],[-53.74354,-26.76385],[-53.69879,-26.76952],[-53.71704,-26.78211],[-53.70019,-26.7979],[-53.69812,-26.81432],[-53.7108,-26.81131],[-53.68841,-26.83777],[-53.69481,-26.84698],[-53.67912,-26.84249],[-53.66001,-26.86001],[-53.69666,-26.85918],[-53.67997,-26.86973],[-53.69561,-26.88689],[-53.67089,-26.89467],[-53.67267,-26.91295],[-53.69686,-26.92922],[-53.67265,-26.94563],[-53.70856,-26.93375],[-53.70318,-26.96018],[-53.72608,-26.95882],[-53.73695,-26.9743],[-53.71785,-26.99019],[-53.74357,-26.99197],[-53.73174,-27.00439],[-53.74033,-27.0146],[-53.76352,-27.00839],[-53.74725,-27.03218],[-53.764,-27.04536],[-53.78557,-27.02635],[-53.75943,-27.0643],[-53.8023,-27.04031],[-53.79701,-27.06006],[-53.7717,-27.07363],[-53.7974,-27.06608],[-53.8054,-27.07861],[-53.77635,-27.10343],[-53.81864,-27.10216],[-53.80444,-27.12267],[-53.82469,-27.13236],[-53.79827,-27.14584],[-53.82793,-27.14575],[-53.8367,-27.16966],[-53.8734,-27.12593],[-53.91063,-27.17681],[-53.93491,-27.14327],[-53.91176,-27.1475],[-53.89715,-27.13417],[-53.92614,-27.12406],[-53.87609,-27.11079],[-53.90817,-27.09697],[-53.88929,-27.09151],[-53.90312,-27.07996],[-53.88524,-27.05845],[-53.90824,-27.07015],[-53.92058,-27.0439],[-53.92445,-27.06044],[-53.94535,-27.06458],[-53.93613,-27.03549],[-53.96634,-27.05226],[-53.97696,-27.01861],[-54.00522,-27.02514],[-54.01899,-27.00736],[-53.9968,-27.00918],[-53.99693,-26.98291],[-54.02027,-26.99236],[-54.02832,-26.98095],[-54.01489,-26.96061],[-54.03513,-26.94365],[-54.00732,-26.93358],[-54.0225,-26.90282],[-54.05015,-26.90247],[-54.04837,-26.88123],[-54.06472,-26.87501],[-54.07645,-26.88991],[-54.07542,-26.86923],[-54.09798,-26.86052],[-54.08325,-26.84883],[-54.10451,-26.83968],[-54.09926,-26.8151],[-54.12795,-26.80964],[-54.11953,-26.79976],[-54.13484,-26.78728],[-54.13312,-26.75404],[-54.23741,-26.80356],[-54.23515,-26.78416],[-54.25997,-26.73928],[-54.24151,-26.72571],[-54.2419,-26.70334],[-54.21677,-26.699],[-54.1883,-26.6672],[-54.26289,-26.64165],[-54.2639,-26.29006],[-54.24595,-26.30126],[-54.23971,-26.27648],[-54.21993,-26.28279],[-54.22582,-26.26809],[-53.98686,-26.26813],[-53.9867,-26.21669],[-53.88673,-26.21793],[-53.8867,-26.25527],[-53.85964,-26.25537]]]}},{"type":"Feature","properties":{"code":"54119","name":"25 de Mayo"},"geometry":{"type":"Polygon","coordinates":[[[-54.61067,-27.1643],[-54.6026,-27.17839],[-54.62639,-27.212],[-54.59304,-27.21935],[-54.60561,-27.24074],[-54.5819,-27.25302],[-54.5992,-27.26135],[-54.58421,-27.27497],[-54.35234,-27.23261],[-54.34824,-27.25415],[-54.3627,-27.24886],[-54.36446,-27.25234],[-54.32274,-27.29757],[-54.32865,-27.30864],[-54.31247,-27.31378],[-54.31618,-27.35391],[-54.29517,-27.36196],[-54.3213,-27.37374],[-54.288,-27.38281],[-54.31633,-27.39227],[-54.29507,-27.39892],[-54.29474,-27.41083],[-54.33999,-27.40382],[-54.33378,-27.44967],[-54.34709,-27.4673],[-54.40623,-27.40677],[-54.46473,-27.42376],[-54.46923,-27.43746],[-54.44403,-27.47137],[-54.50428,-27.48183],[-54.52691,-27.50631],[-54.58166,-27.45341],[-54.62228,-27.54204],[-54.64221,-27.54446],[-54.65868,-27.51092],[-54.67791,-27.51025],[-54.67895,-27.57393],[-54.74296,-27.56227],[-54.77447,-27.58511],[-54.79403,-27.53747],[-54.80937,-27.53094],[-54.84647,-27.61971],[-54.8679,-27.61711],[-54.86006,-27.60221],[-54.87242,-27.5858],[-54.85212,-27.56664],[-54.88205,-27.55647],[-54.85935,-27.5515],[-54.86049,-27.53307],[-54.87915,-27.5204],[-54.86609,-27.50858],[-54.91038,-27.49103],[-54.8991,-27.4755],[-54.92792,-27.45879],[-54.91394,-27.43413],[-54.9242,-27.4091],[-54.90904,-27.38819],[-54.92656,-27.35455],[-54.82041,-27.38601],[-54.83277,-27.3565],[-54.81473,-27.35998],[-54.82272,-27.35154],[-54.81214,-27.33972],[-54.83249,-27.31823],[-54.81439,-27.31332],[-54.83365,-27.27777],[-54.81687,-27.26925],[-54.83233,-27.26491],[-54.83514,-27.24865],[-54.70057,-27.21235],[-54.71598,-27.16342],[-54.61067,-27.1643]]]}},{"type":"Feature","properties":{"code":"58007","name":"Aluminé"},"geometry":{"type":"Polygon","coordinates":[[[-70.62478,-39.06261],[-70.68201,-39.04907],[-70.70684,-39.01357],[-70.74199,-39.04967],[-70.72723,-39.0791],[-70.7371,-39.11142],[-70.72743,-39.13866],[-70.74849,-39.23927],[-70.72708,-39.27504],[-70.7598,-39.28652],[-70.77837,-39.31036],[-70.78583,-39.36039],[-70.81399,-39.37401],[-70.76517,-39.39572],[-70.77911,-39.41717],[-70.76952,-39.43627],[-70.75455,-39.43601],[-70.75153,-39.46494],[-70.79997,-39.4651],[-70.83378,-39.48319],[-70.83402,-39.52264],[-70.92866,-39.54001],[-70.9579,-39.52264],[-70.98785,-39.53293],[-71.00162,-39.51947],[-71.01806,-39.52902],[-71.06523,-39.51416],[-71.07615,-39.5257],[-71.12937,-39.51735],[-71.15784,-39.52897],[-71.17465,-39.52113],[-71.20214,-39.46583],[-71.23101,-39.46603],[-71.23901,-39.4491],[-71.28385,-39.48053],[-71.30331,-39.46861],[-71.33337,-39.48267],[-71.3903,-39.45582],[-71.44169,-39.45783],[-71.45024,-39.42626],[-71.46398,-39.42014],[-71.44448,-39.40347],[-71.45675,-39.37003],[-71.43357,-39.37212],[-71.40036,-39.3506],[-71.38564,-39.31815],[-71.39248,-39.29555],[-71.374,-39.28243],[-71.39255,-39.25025],[-71.38236,-39.23765],[-71.39191,-39.2158],[-71.38107,-39.21133],[-71.40104,-39.16501],[-71.42119,-39.15107],[-71.40737,-39.09578],[-71.41773,-39.06966],[-71.39601,-39.04564],[-71.4214,-39.02524],[-71.41355,-39.00809],[-71.44151,-38.98103],[-71.43882,-38.94146],[-71.42542,-38.92164],[-71.37546,-38.90713],[-71.33977,-38.87795],[-71.29654,-38.87335],[-71.26794,-38.85317],[-71.26803,-38.8273],[-71.23784,-38.80252],[-71.18532,-38.81487],[-71.17988,-38.80156],[-71.11737,-38.78152],[-71.09382,-38.75488],[-71.07005,-38.76972],[-71.05218,-38.75749],[-71.00125,-38.77011],[-70.9285,-38.7639],[-70.89487,-38.72129],[-70.84903,-38.72366],[-70.81776,-38.74343],[-70.78185,-38.73241],[-70.76725,-38.77286],[-70.74074,-38.78989],[-70.698,-38.78866],[-70.69999,-38.80858],[-70.64924,-38.85097],[-70.66031,-38.92314],[-70.60282,-38.99162],[-70.62745,-39.00888],[-70.61031,-39.03773],[-70.62478,-39.06261]]]}},{"type":"Feature","properties":{"code":"58014","name":"Añelo"},"geometry":{"type":"Polygon","coordinates":[[[-68.26109,-37.70452],[-68.2566,-38.67963],[-68.28249,-38.67001],[-68.2854,-38.64791],[-68.31285,-38.64879],[-68.33435,-38.61934],[-68.39083,-38.59712],[-68.4131,-38.56746],[-68.49075,-38.54448],[-68.54389,-38.4891],[-68.60688,-38.46879],[-68.62174,-38.43445],[-68.6857,-38.40337],[-68.72516,-38.40491],[-68.75954,-38.37139],[-68.86116,-38.37426],[-68.93737,-38.43923],[-68.95997,-38.48486],[-68.99437,-38.4919],[-69.02874,-38.5364],[-69.0476,-38.5387],[-69.0507,-38.57025],[-69.10733,-38.58044],[-69.11069,-38.60123],[-69.14113,-38.61369],[-69.17557,-38.60497],[-69.22837,-38.62929],[-69.24468,-38.61982],[-69.24105,-38.6049],[-69.27139,-38.59942],[-69.31573,-38.61496],[-69.33094,-38.59435],[-69.34817,-38.59955],[-69.39633,-38.5611],[-69.41043,-38.54009],[-69.4032,-38.52786],[-69.42827,-38.50352],[-69.46321,-38.48628],[-69.48194,-38.5088],[-69.49462,-38.48619],[-69.53881,-38.49185],[-69.57431,-38.43671],[-69.61141,-38.42102],[-69.63586,-38.42559],[-69.67173,-38.39462],[-69.66952,-38.37797],[-69.70479,-38.37233],[-69.70978,-38.35199],[-69.69567,-38.32577],[-69.71611,-38.33061],[-69.74184,-38.30045],[-69.72087,-38.29651],[-69.73244,-38.27598],[-69.71721,-38.24327],[-69.73416,-38.24187],[-69.73774,-38.21001],[-69.75785,-38.19271],[-69.73316,-38.18056],[-69.74281,-38.16348],[-69.76106,-38.16639],[-69.76465,-38.12316],[-69.78597,-38.12168],[-69.77731,-38.10511],[-69.81466,-38.08823],[-69.80133,-38.06361],[-69.82113,-38.06102],[-69.84034,-38.0347],[-69.82515,-38.02301],[-69.80293,-38.03514],[-69.81409,-38.02108],[-69.8061,-37.99939],[-69.82149,-37.9919],[-69.79473,-37.97067],[-69.81719,-37.94324],[-69.83916,-37.9484],[-69.82866,-37.92863],[-69.85269,-37.91383],[-69.85144,-37.87287],[-69.88862,-37.84169],[-69.8727,-37.8259],[-69.84375,-37.83054],[-69.86159,-37.81752],[-69.85239,-37.78224],[-69.87121,-37.76715],[-69.86622,-37.72128],[-69.88621,-37.71419],[-69.88569,-37.69136],[-68.26109,-37.70452]]]}},{"type":"Feature","properties":{"code":"58021","name":"Catán Lil"},"geometry":{"type":"Polygon","coordinates":[[[-70.62478,-39.06261],[-70.61282,-39.12176],[-70.60006,-39.12294],[-70.48655,-39.03868],[-70.37813,-39.12789],[-70.36472,-39.11922],[-70.31727,-39.13123],[-70.2752,-39.17998],[-70.24119,-39.19714],[-70.15003,-39.19077],[-70.0854,-39.2038],[-70.05874,-39.21488],[-70.06266,-39.22755],[-70.04081,-39.25157],[-69.94427,-39.28332],[-69.89847,-39.31826],[-70.0281,-39.41543],[-69.83693,-39.56798],[-70.17434,-39.81789],[-70.34774,-39.67818],[-70.64399,-39.89514],[-70.68884,-39.8587],[-70.73138,-39.88956],[-70.81385,-39.8249],[-70.82229,-39.85233],[-70.8101,-39.87416],[-70.83963,-39.88884],[-70.83477,-39.87632],[-70.86212,-39.86119],[-70.87376,-39.79583],[-70.92274,-39.7785],[-70.93665,-39.75574],[-70.88195,-39.73623],[-70.90113,-39.71252],[-70.8807,-39.66803],[-70.93481,-39.66325],[-70.94582,-39.64621],[-70.93511,-39.59436],[-70.95773,-39.58511],[-70.97134,-39.55963],[-70.95507,-39.55028],[-70.9579,-39.52264],[-70.93065,-39.53973],[-70.88115,-39.53865],[-70.87793,-39.52495],[-70.83322,-39.52208],[-70.8302,-39.48104],[-70.79997,-39.4651],[-70.75153,-39.46494],[-70.75455,-39.43601],[-70.76952,-39.43627],[-70.77911,-39.41717],[-70.76517,-39.39572],[-70.81399,-39.37401],[-70.78583,-39.36039],[-70.77837,-39.31036],[-70.7598,-39.28652],[-70.72708,-39.27504],[-70.74849,-39.23927],[-70.72743,-39.13866],[-70.7371,-39.11142],[-70.72723,-39.0791],[-70.74199,-39.04967],[-70.70684,-39.01357],[-70.68201,-39.04907],[-70.62478,-39.06261]]]}},{"type":"Feature","properties":{"code":"58028","name":"Collón Curá"},"geometry":{"type":"Polygon","coordinates":[[[-69.5281,-39.81445],[-69.55811,-39.80935],[-69.62998,-39.84291],[-69.69706,-39.84645],[-69.76184,-39.88333],[-69.86594,-39.9109],[-69.89458,-39.93898],[-69.93175,-39.94358],[-69.97089,-39.97774],[-70.00537,-40.04743],[-69.99479,-40.10313],[-69.97069,-40.12104],[-69.95028,-40.17898],[-69.99203,-40.17997],[-70.00209,-40.2032],[-70.05882,-40.24896],[-70.04957,-40.31778],[-70.06269,-40.37464],[-70.10302,-40.40574],[-70.17494,-40.42761],[-70.16814,-40.47426],[-70.17883,-40.48981],[-70.42493,-40.53632],[-70.46771,-40.5116],[-70.57287,-40.48992],[-70.60794,-40.49558],[-70.65103,-40.45445],[-70.67655,-40.3983],[-70.66443,-40.37556],[-70.69319,-40.35784],[-70.65738,-40.3069],[-70.67263,-40.27507],[-70.63878,-40.23775],[-70.66314,-40.22597],[-70.66716,-40.20161],[-70.69848,-40.1863],[-70.7097,-40.15832],[-70.73716,-40.1449],[-70.75318,-40.10375],[-70.78188,-40.09697],[-70.81434,-40.06419],[-70.83929,-40.02604],[-70.827,-40.00504],[-70.84542,-39.9874],[-70.84769,-39.95448],[-70.82994,-39.94924],[-70.84833,-39.90222],[-70.8101,-39.87416],[-70.82229,-39.85233],[-70.81385,-39.8249],[-70.73138,-39.88956],[-70.68884,-39.8587],[-70.64399,-39.89514],[-70.34774,-39.67818],[-70.17434,-39.81789],[-69.83693,-39.56798],[-69.5281,-39.81445]]]}},{"type":"Feature","properties":{"code":"58035","name":"Confluencia"},"geometry":{"type":"Polygon","coordinates":[[[-68.83097,-38.37414],[-68.75913,-38.37146],[-68.72516,-38.40491],[-68.6857,-38.40337],[-68.62236,-38.43409],[-68.60688,-38.46879],[-68.54389,-38.4891],[-68.50644,-38.53576],[-68.4131,-38.56746],[-68.39083,-38.59712],[-68.33385,-38.6197],[-68.31317,-38.64862],[-68.28499,-38.6482],[-68.28249,-38.67001],[-68.25143,-38.68044],[-68.24236,-38.6968],[-68.1211,-38.74679],[-68.11098,-38.81177],[-68.09291,-38.81941],[-68.08118,-38.84829],[-68.09405,-38.85865],[-68.07151,-38.87151],[-68.06923,-38.90294],[-68.05036,-38.91207],[-68.03941,-38.94189],[-68.00738,-38.95938],[-68.00028,-38.97365],[-68.01194,-38.97925],[-67.99809,-38.99576],[-68.02398,-38.97643],[-68.07805,-38.9951],[-68.16535,-38.97981],[-68.17671,-38.96729],[-68.20761,-38.97124],[-68.23102,-38.99133],[-68.30159,-38.97543],[-68.30745,-38.99047],[-68.46923,-39.04575],[-68.50481,-39.07148],[-68.56174,-39.07648],[-68.6608,-39.17234],[-68.65325,-39.19918],[-68.6655,-39.2173],[-68.81011,-39.29346],[-68.81933,-39.32567],[-68.80806,-39.34736],[-68.81976,-39.36885],[-69.54751,-38.79324],[-69.31769,-38.61462],[-69.26566,-38.59982],[-69.23779,-38.60631],[-69.24447,-38.62017],[-69.22421,-38.62874],[-69.17557,-38.60497],[-69.14113,-38.61369],[-69.11069,-38.60123],[-69.10733,-38.58044],[-69.05108,-38.5705],[-69.0476,-38.5387],[-69.02874,-38.5364],[-68.99437,-38.4919],[-68.95997,-38.48486],[-68.91967,-38.42098],[-68.86086,-38.3741],[-68.83097,-38.37414]]]}},{"type":"Feature","properties":{"code":"58042","name":"Chos Malal"},"geometry":{"type":"Polygon","coordinates":[[[-70.39341,-36.15624],[-70.39499,-36.19433],[-70.37062,-36.22379],[-70.37218,-36.28017],[-70.35149,-36.32427],[-70.30358,-36.34056],[-70.26665,-36.32241],[-70.22013,-36.33217],[-70.19565,-36.42338],[-70.20168,-36.45362],[-70.18285,-36.49079],[-70.1384,-36.5268],[-70.12278,-36.57078],[-70.07592,-36.60662],[-70.04254,-36.65905],[-70.05781,-37.25797],[-70.02145,-37.28539],[-70.1004,-37.40574],[-70.10576,-37.43393],[-70.08388,-37.47493],[-70.09951,-37.48976],[-70.09491,-37.50147],[-70.17191,-37.47658],[-70.22457,-37.40902],[-70.27926,-37.3967],[-70.31077,-37.3713],[-70.36709,-37.36392],[-70.41147,-37.38627],[-70.44775,-37.34428],[-70.45922,-37.36529],[-70.51178,-37.36528],[-70.47529,-36.17357],[-70.42144,-36.15643],[-70.41507,-36.10991],[-70.39738,-36.11949],[-70.39341,-36.15624]]]}},{"type":"Feature","properties":{"code":"58049","name":"Huiliches"},"geometry":{"type":"Polygon","coordinates":[[[-71.2419,-39.449],[-71.23101,-39.46603],[-71.20214,-39.46583],[-71.17465,-39.52113],[-71.15784,-39.52897],[-71.12937,-39.51735],[-71.07615,-39.5257],[-71.06523,-39.51416],[-71.01806,-39.52902],[-71.00162,-39.51947],[-70.98785,-39.53293],[-70.95776,-39.52283],[-70.95507,-39.55028],[-70.97134,-39.55963],[-70.95773,-39.58511],[-70.93511,-39.59436],[-70.94569,-39.64667],[-70.93435,-39.66344],[-70.8807,-39.66803],[-70.90113,-39.71252],[-70.88195,-39.73623],[-70.93575,-39.75976],[-70.92274,-39.7785],[-70.87471,-39.79455],[-70.86212,-39.86119],[-70.83387,-39.87748],[-70.84833,-39.90222],[-70.82994,-39.94924],[-70.84769,-39.95448],[-70.84542,-39.9874],[-70.827,-40.00504],[-70.83929,-40.02604],[-70.81534,-40.06222],[-70.87693,-40.0661],[-70.94795,-40.10736],[-71.019,-40.09251],[-71.07007,-40.05676],[-71.1321,-40.06704],[-71.17882,-40.09773],[-71.24028,-40.09945],[-71.32937,-40.06549],[-71.377,-40.02409],[-71.52072,-40.03874],[-71.59034,-40.02802],[-71.61313,-40.04061],[-71.67465,-40.02406],[-71.65113,-39.97138],[-71.6199,-39.97249],[-71.62518,-39.93787],[-71.59819,-39.92928],[-71.59249,-39.90116],[-71.61267,-39.87437],[-71.63351,-39.88175],[-71.64291,-39.8534],[-71.67007,-39.86294],[-71.6919,-39.84029],[-71.6921,-39.82453],[-71.66697,-39.80721],[-71.68362,-39.8019],[-71.68087,-39.76862],[-71.71242,-39.72442],[-71.69372,-39.70725],[-71.70406,-39.69578],[-71.67122,-39.6923],[-71.66952,-39.68224],[-71.6879,-39.67776],[-71.71759,-39.63713],[-71.69488,-39.62454],[-71.68935,-39.57435],[-71.67417,-39.56364],[-71.65606,-39.58748],[-71.62395,-39.59216],[-71.61009,-39.6282],[-71.57664,-39.63625],[-71.54103,-39.62434],[-71.50174,-39.63768],[-71.46112,-39.58286],[-71.4745,-39.57421],[-71.4672,-39.55786],[-71.50399,-39.56038],[-71.5343,-39.52945],[-71.5174,-39.50417],[-71.47294,-39.49327],[-71.46178,-39.4541],[-71.3903,-39.45582],[-71.33337,-39.48267],[-71.30331,-39.46861],[-71.28385,-39.48053],[-71.2419,-39.449]]]}},{"type":"Feature","properties":{"code":"58056","name":"Lácar"},"geometry":{"type":"Polygon","coordinates":[[[-71.36295,-40.03038],[-71.32937,-40.06549],[-71.24028,-40.09945],[-71.17882,-40.09773],[-71.1321,-40.06704],[-71.07007,-40.05676],[-71.02291,-40.09065],[-70.97116,-40.10707],[-70.94636,-40.10693],[-70.87693,-40.0661],[-70.80292,-40.06796],[-70.78188,-40.09697],[-70.75318,-40.10375],[-70.73716,-40.1449],[-70.7097,-40.15832],[-70.69848,-40.1863],[-70.66716,-40.20161],[-70.66314,-40.22597],[-70.63878,-40.23775],[-70.67263,-40.27507],[-70.65738,-40.3069],[-70.69319,-40.35784],[-70.66443,-40.37556],[-70.67655,-40.3983],[-70.65103,-40.45445],[-70.60794,-40.49558],[-70.57287,-40.48992],[-70.53223,-40.50452],[-70.6214,-40.55151],[-70.64284,-40.58481],[-70.6709,-40.59472],[-70.73313,-40.58005],[-70.86489,-40.59704],[-71.15258,-40.59923],[-71.19562,-40.5823],[-71.27634,-40.59488],[-71.35623,-40.54026],[-71.42394,-40.52741],[-71.4491,-40.53679],[-71.46337,-40.52034],[-71.5166,-40.50582],[-71.57465,-40.45242],[-71.60577,-40.46198],[-71.61445,-40.44497],[-71.65531,-40.45046],[-71.69603,-40.43344],[-71.70874,-40.42252],[-71.68822,-40.39352],[-71.6931,-40.37373],[-71.65682,-40.3638],[-71.65612,-40.34973],[-71.67369,-40.34366],[-71.67165,-40.3111],[-71.68498,-40.29401],[-71.71676,-40.27898],[-71.74739,-40.30713],[-71.76091,-40.29901],[-71.76182,-40.27656],[-71.7992,-40.25537],[-71.80745,-40.23308],[-71.82449,-40.23169],[-71.82932,-40.20753],[-71.79984,-40.18593],[-71.82877,-40.17214],[-71.79843,-40.13724],[-71.8029,-40.11039],[-71.83093,-40.10759],[-71.82703,-40.08992],[-71.80977,-40.08117],[-71.69047,-40.1152],[-71.66669,-40.08896],[-71.68942,-40.03592],[-71.67465,-40.02406],[-71.61313,-40.04061],[-71.59034,-40.02802],[-71.52072,-40.03874],[-71.36295,-40.03038]]]}},{"type":"Feature","properties":{"code":"58063","name":"Loncopué"},"geometry":{"type":"Polygon","coordinates":[[[-70.02095,-37.65686],[-69.91019,-37.66699],[-69.88516,-37.69217],[-69.88585,-37.7147],[-69.86622,-37.72128],[-69.87566,-37.75334],[-69.86277,-37.75309],[-69.87138,-37.76663],[-69.85345,-37.7792],[-69.8613,-37.7976],[-69.85065,-37.80245],[-69.86179,-37.81673],[-69.84376,-37.83075],[-69.8727,-37.8259],[-69.88846,-37.84248],[-69.85144,-37.87287],[-69.85269,-37.91383],[-69.82866,-37.92863],[-69.83916,-37.9484],[-69.81719,-37.94324],[-69.79473,-37.97067],[-69.82149,-37.9919],[-69.8061,-37.99939],[-69.81409,-38.02108],[-69.80293,-38.03514],[-69.82515,-38.02301],[-69.84034,-38.0347],[-69.82113,-38.06102],[-69.80133,-38.06361],[-69.81466,-38.08823],[-69.77731,-38.10511],[-69.78597,-38.12168],[-69.76465,-38.12316],[-69.76106,-38.16639],[-69.74281,-38.16348],[-69.73316,-38.18056],[-69.75785,-38.19271],[-69.73774,-38.21001],[-69.73416,-38.24187],[-69.71721,-38.24327],[-69.73244,-38.27598],[-69.72087,-38.29651],[-69.74184,-38.30045],[-69.71611,-38.33061],[-69.69567,-38.32577],[-69.70527,-38.3707],[-69.75722,-38.32869],[-69.76261,-38.33776],[-69.80491,-38.31737],[-69.88376,-38.3062],[-69.9018,-38.32178],[-70.58935,-38.31213],[-70.61355,-38.26708],[-70.64744,-38.26897],[-70.76814,-38.32939],[-70.81781,-38.32353],[-70.84435,-38.29585],[-70.92746,-38.26091],[-71.01734,-38.11321],[-70.98293,-38.10524],[-70.9883,-38.08714],[-71.05487,-38.04363],[-71.0626,-38.01642],[-71.05118,-37.99255],[-71.06765,-37.98946],[-71.0626,-37.97021],[-71.11412,-37.95162],[-71.10396,-37.91748],[-71.02388,-37.95834],[-70.7983,-37.94493],[-70.68229,-37.96072],[-70.6026,-38.00452],[-70.0321,-37.63419],[-70.03681,-37.64985],[-70.02095,-37.65686]]]}},{"type":"Feature","properties":{"code":"58070","name":"Los Lagos"},"geometry":{"type":"Polygon","coordinates":[[[-71.80417,-40.40683],[-71.77259,-40.42307],[-71.75896,-40.41643],[-71.73828,-40.44061],[-71.70874,-40.42252],[-71.65531,-40.45046],[-71.61445,-40.44497],[-71.60577,-40.46198],[-71.57662,-40.45171],[-71.5166,-40.50582],[-71.46337,-40.52034],[-71.4491,-40.53679],[-71.42394,-40.52741],[-71.35623,-40.54026],[-71.27634,-40.59488],[-71.19562,-40.5823],[-71.15258,-40.59923],[-70.86489,-40.59704],[-70.87909,-40.62042],[-70.9765,-40.64868],[-71.01178,-40.67932],[-71.02972,-40.72443],[-71.09322,-40.72654],[-71.12064,-40.75787],[-71.11933,-40.80406],[-71.09308,-40.82594],[-71.09995,-40.84036],[-71.04684,-40.87122],[-71.05363,-40.88211],[-71.03899,-40.88902],[-71.03202,-40.93315],[-71.06033,-40.98082],[-71.10245,-40.9908],[-71.08858,-40.99721],[-71.1147,-41.00695],[-71.14189,-41.05609],[-71.17488,-41.0562],[-71.24048,-41.09509],[-71.30621,-41.1001],[-71.36072,-41.08868],[-71.45642,-41.04169],[-71.5506,-41.02319],[-71.62189,-41.03491],[-71.78528,-41.0188],[-71.86108,-41.03102],[-71.87157,-41.00376],[-71.90634,-40.98611],[-71.90849,-40.97225],[-71.90303,-40.96129],[-71.85644,-40.96002],[-71.86905,-40.89297],[-71.85818,-40.87948],[-71.88012,-40.88102],[-71.92753,-40.83351],[-71.93514,-40.82137],[-71.92136,-40.78576],[-71.95681,-40.76091],[-71.96505,-40.72758],[-71.86688,-40.66316],[-71.86808,-40.6489],[-71.84395,-40.62794],[-71.82383,-40.57791],[-71.856,-40.59242],[-71.89042,-40.55605],[-71.85854,-40.55496],[-71.85898,-40.53499],[-71.84271,-40.52517],[-71.85565,-40.5094],[-71.84075,-40.48931],[-71.84157,-40.45202],[-71.80417,-40.40683]]]}},{"type":"Feature","properties":{"code":"58077","name":"Minas"},"geometry":{"type":"Polygon","coordinates":[[[-70.47529,-36.17357],[-70.51178,-37.36528],[-70.53519,-37.36799],[-70.53491,-37.37972],[-70.55775,-37.36492],[-70.56425,-37.37875],[-70.57799,-37.37244],[-70.58573,-37.38291],[-70.59482,-37.36951],[-70.61173,-37.37964],[-70.62013,-37.35842],[-70.69953,-37.33563],[-70.7126,-37.34492],[-70.72609,-37.33147],[-70.79476,-37.35038],[-70.88172,-37.34217],[-71.04921,-37.37231],[-71.10333,-37.3626],[-71.14491,-37.33619],[-71.16581,-37.30283],[-71.15295,-37.25148],[-71.17042,-37.22539],[-71.11534,-37.20775],[-71.1353,-37.14775],[-71.09239,-37.11424],[-71.12282,-37.09163],[-71.12,-37.07414],[-71.14177,-37.06954],[-71.14367,-37.03256],[-71.1673,-36.99699],[-71.2224,-36.97825],[-71.10596,-36.97089],[-71.08801,-36.93802],[-71.09562,-36.92534],[-71.14401,-36.92934],[-71.14927,-36.90136],[-71.11912,-36.86918],[-71.13844,-36.85329],[-71.16315,-36.86138],[-71.18001,-36.84142],[-71.16275,-36.81911],[-71.15307,-36.82791],[-71.13194,-36.81467],[-71.1114,-36.7283],[-71.11325,-36.67944],[-71.08589,-36.6782],[-71.06487,-36.71465],[-71.00921,-36.69124],[-71.012,-36.66391],[-71.02738,-36.66318],[-71.05718,-36.61866],[-71.03855,-36.47772],[-71.02166,-36.47259],[-71.01086,-36.48761],[-70.95637,-36.50358],[-70.92798,-36.47438],[-70.89388,-36.47127],[-70.88378,-36.39624],[-70.86483,-36.39725],[-70.86907,-36.41115],[-70.84917,-36.41867],[-70.81769,-36.39537],[-70.7909,-36.42875],[-70.74779,-36.40587],[-70.73512,-36.41567],[-70.73942,-36.42981],[-70.71298,-36.42777],[-70.67928,-36.38997],[-70.71243,-36.34497],[-70.68485,-36.30475],[-70.68546,-36.28376],[-70.7062,-36.27259],[-70.66645,-36.24343],[-70.63211,-36.23901],[-70.63323,-36.21716],[-70.57091,-36.17555],[-70.58286,-36.1473],[-70.56945,-36.13266],[-70.52343,-36.14715],[-70.49132,-36.17886],[-70.47529,-36.17357]]]}},{"type":"Feature","properties":{"code":"58084","name":"Ñorquín"},"geometry":{"type":"Polygon","coordinates":[[[-71.15473,-37.2464],[-71.16581,-37.30283],[-71.14491,-37.33619],[-71.09378,-37.36684],[-70.97898,-37.36602],[-70.88131,-37.34214],[-70.79521,-37.35043],[-70.72609,-37.33147],[-70.7126,-37.34492],[-70.7011,-37.33546],[-70.64295,-37.3494],[-70.61799,-37.36004],[-70.61173,-37.37964],[-70.59234,-37.36953],[-70.58573,-37.38291],[-70.56088,-37.37712],[-70.55775,-37.36492],[-70.53558,-37.37972],[-70.52876,-37.36513],[-70.45922,-37.36529],[-70.44863,-37.34428],[-70.41147,-37.38627],[-70.36709,-37.36392],[-70.31077,-37.3713],[-70.27926,-37.3967],[-70.22457,-37.40902],[-70.17191,-37.47658],[-70.09478,-37.50156],[-70.08563,-37.53119],[-70.04556,-37.5584],[-70.0321,-37.63419],[-70.6026,-38.00452],[-70.68229,-37.96072],[-70.7983,-37.94493],[-71.02388,-37.95834],[-71.11181,-37.91904],[-71.10721,-37.89214],[-71.13536,-37.86215],[-71.18322,-37.85719],[-71.12644,-37.82073],[-71.16985,-37.78536],[-71.15637,-37.75689],[-71.21111,-37.69746],[-71.20631,-37.64768],[-71.17776,-37.6142],[-71.14766,-37.60891],[-71.12799,-37.58756],[-71.13254,-37.55306],[-71.15153,-37.53929],[-71.13307,-37.52945],[-71.11818,-37.46895],[-71.15357,-37.40067],[-71.19733,-37.38386],[-71.20167,-37.36513],[-71.18568,-37.35477],[-71.20778,-37.3383],[-71.22104,-37.27511],[-71.18799,-37.27591],[-71.18336,-37.25884],[-71.15473,-37.2464]]]}},{"type":"Feature","properties":{"code":"58091","name":"Pehuenches"},"geometry":{"type":"Polygon","coordinates":[[[-70.04254,-36.65905],[-70.02208,-36.66584],[-70.01216,-36.69553],[-69.98748,-36.6929],[-69.94753,-36.72161],[-69.94393,-36.74492],[-69.92003,-36.76227],[-69.92175,-36.79482],[-69.87357,-36.8114],[-69.8506,-36.84627],[-69.75965,-36.87152],[-69.75208,-36.88617],[-69.779,-36.91682],[-69.77626,-36.99122],[-69.76459,-37.00029],[-69.75563,-37.06864],[-69.71154,-37.10148],[-69.52957,-37.17444],[-69.43007,-37.15949],[-69.39699,-37.1719],[-69.27395,-37.14366],[-69.21921,-37.17754],[-69.17343,-37.17775],[-69.10322,-37.20529],[-69.06444,-37.22338],[-69.03859,-37.25476],[-69.0493,-37.31467],[-69.02604,-37.36479],[-68.88468,-37.382],[-68.86517,-37.40125],[-68.76609,-37.36648],[-68.72164,-37.38894],[-68.69658,-37.44234],[-68.61367,-37.43862],[-68.56992,-37.45628],[-68.50491,-37.45409],[-68.43666,-37.54456],[-68.40118,-37.55873],[-68.35495,-37.54723],[-68.25425,-37.57193],[-68.25376,-37.70457],[-69.88569,-37.69136],[-69.91081,-37.66679],[-69.98026,-37.66724],[-69.9962,-37.65396],[-70.03449,-37.65223],[-70.04545,-37.55873],[-70.08587,-37.53086],[-70.10088,-37.4937],[-70.08388,-37.47493],[-70.10576,-37.43393],[-70.0941,-37.39462],[-70.02145,-37.28539],[-70.05781,-37.25797],[-70.04254,-36.65905]]]}},{"type":"Feature","properties":{"code":"58098","name":"Picún Leufú"},"geometry":{"type":"Polygon","coordinates":[[[-69,-39.22541],[-68.82396,-39.37493],[-68.9125,-39.41787],[-68.93073,-39.461],[-68.99988,-39.5152],[-69.04749,-39.52667],[-69.11279,-39.51471],[-69.17712,-39.56061],[-69.2771,-39.59637],[-69.27228,-39.62903],[-69.28997,-39.65299],[-69.31396,-39.65391],[-69.343,-39.68038],[-69.34896,-39.7121],[-69.5082,-39.81583],[-69.5281,-39.81445],[-70.0281,-39.41543],[-69.71335,-39.17885],[-69.62083,-39.25303],[-69.28597,-38.99989],[-69,-39.22541]]]}},{"type":"Feature","properties":{"code":"58105","name":"Picunches"},"geometry":{"type":"Polygon","coordinates":[[[-71.02216,-38.11255],[-70.92746,-38.26091],[-70.84435,-38.29585],[-70.81781,-38.32353],[-70.76814,-38.32939],[-70.64744,-38.26897],[-70.61355,-38.26708],[-70.58935,-38.31213],[-69.9018,-38.32178],[-69.88376,-38.3062],[-69.73492,-38.33781],[-69.70479,-38.37233],[-69.66952,-38.37797],[-69.67173,-38.39462],[-69.64915,-38.40367],[-69.64165,-38.4221],[-69.57516,-38.43617],[-69.5412,-38.4766],[-69.61746,-38.47813],[-69.66141,-38.5091],[-69.74889,-38.52435],[-69.77805,-38.60462],[-69.90226,-38.64073],[-69.94519,-38.68527],[-70.00063,-38.71001],[-70.06052,-38.77575],[-70.14006,-38.78284],[-70.61153,-39.12256],[-70.61052,-39.09162],[-70.6263,-39.06804],[-70.61031,-39.03773],[-70.62776,-39.01207],[-70.60282,-38.99162],[-70.66031,-38.92314],[-70.65015,-38.84958],[-70.69999,-38.80858],[-70.698,-38.78866],[-70.74074,-38.78989],[-70.76725,-38.77286],[-70.78185,-38.73241],[-70.81776,-38.74343],[-70.84903,-38.72366],[-70.89055,-38.72069],[-70.88459,-38.698],[-70.90052,-38.68967],[-70.90451,-38.66686],[-70.82645,-38.59101],[-70.84306,-38.53752],[-70.86674,-38.51365],[-70.91066,-38.5038],[-70.95177,-38.45023],[-70.98402,-38.43066],[-70.99762,-38.29199],[-71.01041,-38.28271],[-71.00899,-38.26169],[-71.03171,-38.24973],[-71.01789,-38.23869],[-71.02076,-38.21337],[-71.00157,-38.21034],[-70.99583,-38.19066],[-70.99665,-38.17098],[-71.04291,-38.12321],[-71.02216,-38.11255]]]}},{"type":"Feature","properties":{"code":"58112","name":"Zapala"},"geometry":{"type":"Polygon","coordinates":[[[-69.55721,-38.47249],[-69.53881,-38.49185],[-69.4844,-38.49026],[-69.48628,-38.50857],[-69.46915,-38.48635],[-69.42827,-38.50352],[-69.4032,-38.52786],[-69.41043,-38.54009],[-69.39633,-38.5611],[-69.34817,-38.59955],[-69.32385,-38.60081],[-69.31769,-38.61462],[-69.54751,-38.79324],[-69.28597,-38.99989],[-69.62083,-39.25303],[-69.71335,-39.17885],[-69.90617,-39.31691],[-69.94427,-39.28332],[-70.05153,-39.2454],[-70.06567,-39.21044],[-70.15003,-39.19077],[-70.25102,-39.19245],[-70.31727,-39.13123],[-70.36472,-39.11922],[-70.37813,-39.12789],[-70.48655,-39.03868],[-70.14006,-38.78284],[-70.06052,-38.77575],[-70.00063,-38.71001],[-69.94519,-38.68527],[-69.90226,-38.64073],[-69.77805,-38.60462],[-69.74889,-38.52435],[-69.66141,-38.5091],[-69.61883,-38.47848],[-69.55721,-38.47249]]]}},{"type":"Feature","properties":{"code":"62007","name":"Adolfo Alsina"},"geometry":{"type":"Polygon","coordinates":[[[-63.84293,-40.40894],[-63.3808,-40.40864],[-63.37935,-40.71037],[-63.36605,-40.6892],[-63.30005,-40.71113],[-63.28531,-40.72943],[-63.19208,-40.71669],[-62.95759,-40.81811],[-62.80197,-40.98257],[-62.78967,-41.02416],[-62.88452,-41.07941],[-62.99298,-41.1095],[-63.05328,-41.14398],[-63.11652,-41.15552],[-63.77722,-41.1604],[-63.88239,-41.13251],[-63.9585,-41.07312],[-64.11438,-41.03009],[-64.08179,-41.02667],[-64.09888,-41.00177],[-64.10907,-41.00983],[-64.09589,-41.01868],[-64.112,-41.02289],[-64.20618,-41.00983],[-64.42102,-40.90759],[-64.60318,-40.8502],[-64.60154,-40.43894],[-64.08301,-40.44217],[-63.99765,-40.50631],[-63.8453,-40.39028],[-63.84293,-40.40894]]]}},{"type":"Feature","properties":{"code":"62014","name":"Avellaneda"},"geometry":{"type":"Polygon","coordinates":[[[-66.6319,-38.55681],[-66.60988,-38.55798],[-66.60058,-38.59828],[-66.57819,-38.6228],[-66.60714,-38.67909],[-66.57521,-38.70139],[-66.55444,-38.69789],[-66.53862,-38.72085],[-66.49672,-38.71853],[-66.44436,-38.74533],[-66.41649,-38.7437],[-66.40984,-38.73025],[-66.40442,-38.74408],[-66.35755,-38.74491],[-66.34183,-38.75773],[-66.32332,-38.74798],[-66.31506,-38.76129],[-66.30841,-38.74286],[-66.28826,-38.75566],[-66.20739,-38.73132],[-66.18024,-38.73128],[-66.17691,-38.74524],[-66.15505,-38.72885],[-66.11981,-38.74328],[-66.08464,-38.72527],[-66.06467,-38.75114],[-66.03199,-38.7389],[-66.03068,-38.75128],[-66.01898,-38.74086],[-65.95101,-38.74726],[-65.94666,-38.76794],[-65.92555,-38.76416],[-65.92759,-38.77519],[-65.9125,-38.76487],[-65.91119,-38.78292],[-65.87708,-38.77789],[-65.88243,-38.79045],[-65.86579,-38.78896],[-65.86431,-38.7998],[-65.84108,-38.78664],[-65.8244,-38.79885],[-65.82018,-38.78871],[-65.80467,-38.79392],[-65.80497,-38.80629],[-65.78726,-38.79462],[-65.77823,-38.81159],[-65.71259,-38.82501],[-65.70176,-38.81628],[-65.69112,-38.83478],[-65.6525,-38.82739],[-65.64638,-38.80945],[-65.63105,-38.81833],[-65.63218,-38.80243],[-65.61708,-38.80871],[-65.60847,-38.79838],[-65.62433,-38.7875],[-65.58494,-38.77453],[-65.56955,-38.7848],[-65.52319,-38.77917],[-65.5025,-38.7981],[-65.39081,-38.83074],[-65.37715,-38.85555],[-65.28052,-38.82141],[-65.21863,-38.83508],[-65.24573,-39.86588],[-65.21366,-39.87086],[-65.28342,-39.92531],[-66.82567,-39.91059],[-67.8722,-39.8109],[-67.36283,-39.46694],[-66.57158,-39.28289],[-66.56548,-39.09197],[-66.63907,-39.10162],[-66.64479,-38.53763],[-66.6319,-38.55681]]]}},{"type":"Feature","properties":{"code":"62021","name":"Bariloche"},"geometry":{"type":"Polygon","coordinates":[[[-71.75268,-41.02185],[-71.62189,-41.03491],[-71.5506,-41.02319],[-71.45642,-41.04169],[-71.36072,-41.08868],[-71.30621,-41.1001],[-71.14596,-41.08467],[-71.14331,-41.10859],[-71.11467,-41.12926],[-71.11524,-41.14867],[-71.15631,-41.18218],[-71.17077,-41.24406],[-71.21722,-41.29648],[-71.21437,-41.31576],[-71.18087,-41.32864],[-71.22432,-41.33606],[-71.23143,-41.38548],[-71.22546,-41.66537],[-71.30641,-41.82094],[-71.22579,-41.85581],[-71.24009,-41.95399],[-71.17485,-42],[-71.77393,-42],[-71.79378,-41.96155],[-71.7934,-41.94403],[-71.77214,-41.93085],[-71.79748,-41.84263],[-71.79072,-41.83079],[-71.75137,-41.82493],[-71.77399,-41.79365],[-71.75393,-41.78745],[-71.77525,-41.76773],[-71.78418,-41.73495],[-71.81036,-41.72053],[-71.79438,-41.69474],[-71.81697,-41.6899],[-71.81779,-41.66993],[-71.8371,-41.66619],[-71.83656,-41.64564],[-71.857,-41.64527],[-71.88549,-41.60626],[-71.8468,-41.56529],[-71.81764,-41.57521],[-71.85207,-41.51485],[-71.82801,-41.48101],[-71.84336,-41.4517],[-71.82701,-41.4435],[-71.86321,-41.42201],[-71.86635,-41.3936],[-71.90897,-41.36205],[-71.91208,-41.34057],[-71.87616,-41.30825],[-71.89685,-41.25498],[-71.83438,-41.2718],[-71.85639,-41.24775],[-71.84702,-41.24284],[-71.85932,-41.23362],[-71.85403,-41.2146],[-71.87441,-41.20584],[-71.88751,-41.16906],[-71.83936,-41.1504],[-71.84959,-41.08315],[-71.81794,-41.06229],[-71.83936,-41.03584],[-71.86108,-41.03102],[-71.75268,-41.02185]]]}},{"type":"Feature","properties":{"code":"62028","name":"Conesa"},"geometry":{"type":"Polygon","coordinates":[[[-64.99998,-39.85862],[-63.38241,-39.87192],[-63.3808,-40.40864],[-63.83093,-40.41055],[-63.84804,-40.40581],[-63.8453,-40.39028],[-63.99765,-40.50631],[-64.08301,-40.44217],[-65.194,-40.43648],[-65.1932,-39.97976],[-65.28342,-39.92531],[-65.21366,-39.87086],[-65.24573,-39.86588],[-65.24552,-39.85068],[-64.99998,-39.85862]]]}},{"type":"Feature","properties":{"code":"62035","name":"El Cuy"},"geometry":{"type":"Polygon","coordinates":[[[-68.17208,-38.97145],[-68.07827,-38.9951],[-68.01958,-38.97738],[-68.00085,-38.99578],[-67.96313,-38.99313],[-67.93943,-39.00916],[-67.79463,-39.03979],[-67.64909,-39.10901],[-67.60599,-39.10849],[-67.52865,-39.07328],[-67.48067,-39.08449],[-67.43357,-39.07613],[-67.32856,-39.10322],[-67.27811,-39.09571],[-67.25436,-39.11263],[-67.20949,-39.10135],[-67.18929,-39.12307],[-67.1621,-39.12234],[-67.16527,-39.13569],[-67.13111,-39.15666],[-67.02238,-39.17815],[-66.93086,-39.15277],[-66.86158,-39.15713],[-66.83997,-39.13454],[-66.73128,-39.13927],[-66.67957,-39.10435],[-66.57184,-39.09034],[-66.57158,-39.28289],[-67.36283,-39.46694],[-67.8722,-39.8109],[-68.23147,-40.07312],[-68.59478,-40.13261],[-68.78625,-40.42845],[-69.38667,-40.46882],[-69.80794,-40.66513],[-69.75495,-39.87597],[-69.69657,-39.84631],[-69.62868,-39.84255],[-69.58382,-39.81432],[-69.507,-39.81542],[-69.49362,-39.79625],[-69.42192,-39.76806],[-69.39025,-39.73163],[-69.34896,-39.7121],[-69.343,-39.68038],[-69.31396,-39.65391],[-69.28997,-39.65299],[-69.27228,-39.62903],[-69.2771,-39.59637],[-69.17712,-39.56061],[-69.11279,-39.51471],[-69.04749,-39.52667],[-68.99988,-39.5152],[-68.93073,-39.461],[-68.9125,-39.41787],[-68.82396,-39.37493],[-68.80806,-39.34736],[-68.8185,-39.31259],[-68.80239,-39.28491],[-68.66315,-39.21495],[-68.65325,-39.19918],[-68.6608,-39.17234],[-68.56174,-39.07648],[-68.50481,-39.07148],[-68.46923,-39.04575],[-68.30745,-38.99047],[-68.30159,-38.97543],[-68.23115,-38.99133],[-68.20723,-38.9711],[-68.17208,-38.97145]]]}},{"type":"Feature","properties":{"code":"62042","name":"General Roca"},"geometry":{"type":"Polygon","coordinates":[[[-68.24998,-37.57481],[-68.21931,-37.58824],[-68.15254,-37.58032],[-68.10676,-37.59624],[-67.94416,-37.60322],[-67.9173,-37.61841],[-67.87059,-37.61288],[-67.78558,-37.65228],[-67.77035,-37.67053],[-67.76042,-37.74338],[-67.74034,-37.76541],[-67.74004,-37.78857],[-67.72376,-37.79352],[-67.73048,-37.85192],[-67.78165,-37.89547],[-67.81796,-37.90286],[-67.8728,-37.93988],[-67.90328,-37.98209],[-67.88843,-38.00038],[-67.89585,-38.01726],[-67.84968,-38.05175],[-67.8493,-38.06626],[-67.83524,-38.05589],[-67.8093,-38.07236],[-67.78191,-38.05188],[-67.76251,-38.06873],[-67.75065,-38.05613],[-67.74756,-38.07398],[-67.73033,-38.07576],[-67.71863,-38.13037],[-67.68903,-38.13342],[-67.65649,-38.20178],[-67.5932,-38.2406],[-67.52869,-38.25769],[-67.36407,-38.25378],[-67.31708,-38.24762],[-67.26111,-38.2171],[-67.18761,-38.2145],[-67.19659,-38.25378],[-67.17048,-38.2609],[-67.17238,-38.27922],[-67.15311,-38.29134],[-67.15605,-38.35332],[-67.11861,-38.3568],[-67.09184,-38.39963],[-67.00904,-38.42324],[-66.99579,-38.44568],[-66.89697,-38.44373],[-66.89209,-38.46198],[-66.85437,-38.47559],[-66.78607,-38.48053],[-66.71223,-38.53175],[-66.64479,-38.53763],[-66.63907,-39.10162],[-66.67957,-39.10435],[-66.73128,-39.13927],[-66.83997,-39.13454],[-66.86158,-39.15713],[-66.93086,-39.15277],[-67.02238,-39.17815],[-67.13111,-39.15666],[-67.16527,-39.13569],[-67.1621,-39.12234],[-67.18929,-39.12307],[-67.20949,-39.10135],[-67.25436,-39.11263],[-67.27811,-39.09571],[-67.32856,-39.10322],[-67.43357,-39.07613],[-67.48067,-39.08449],[-67.52865,-39.07328],[-67.60599,-39.10849],[-67.64909,-39.10901],[-67.79463,-39.03979],[-68.00947,-38.98255],[-68.0073,-38.9595],[-68.03941,-38.94189],[-68.05036,-38.91207],[-68.06923,-38.90294],[-68.07151,-38.87151],[-68.09405,-38.85865],[-68.08118,-38.84829],[-68.11826,-38.79326],[-68.12061,-38.74728],[-68.16312,-38.73789],[-68.25628,-38.67955],[-68.24998,-37.57481]]]}},{"type":"Feature","properties":{"code":"62049","name":"9 de Julio"},"geometry":{"type":"Polygon","coordinates":[[[-66.82567,-39.91059],[-66.87689,-42],[-68.08567,-42],[-68.00852,-40.15816],[-68.23147,-40.07312],[-67.8722,-39.8109],[-66.82567,-39.91059]]]}},{"type":"Feature","properties":{"code":"62056","name":"Ñorquinco"},"geometry":{"type":"Polygon","coordinates":[[[-69.75527,-41.50519],[-69.38953,-42],[-71.17485,-42],[-71.24009,-41.95399],[-71.22579,-41.85581],[-71.30641,-41.82094],[-71.22546,-41.66537],[-71.22951,-41.49982],[-71.0304,-41.54188],[-70.9292,-41.42759],[-70.81315,-41.5229],[-70.68895,-41.43803],[-70.61638,-41.41339],[-70.26975,-41.41525],[-69.75527,-41.50519]]]}},{"type":"Feature","properties":{"code":"62063","name":"Pichi Mahuida"},"geometry":{"type":"Polygon","coordinates":[[[-65.10648,-38.80103],[-64.92427,-38.83316],[-64.87709,-38.81452],[-64.84718,-38.82662],[-64.80733,-38.81601],[-64.73475,-38.84113],[-64.67089,-38.83369],[-64.59637,-38.85919],[-64.5152,-38.86841],[-64.47638,-38.85999],[-64.4319,-38.87904],[-64.42066,-38.87183],[-64.41336,-38.88378],[-64.3974,-38.87323],[-64.39661,-38.88672],[-64.34859,-38.88345],[-64.32536,-38.90645],[-64.29395,-38.89765],[-64.2796,-38.914],[-64.06397,-38.99172],[-64.06249,-39.01003],[-64.0474,-38.99905],[-64.01127,-39.00206],[-64.02357,-39.0175],[-63.9916,-39.01091],[-64.002,-39.03085],[-63.93549,-39.05957],[-63.92653,-39.07523],[-63.93549,-39.09149],[-63.9115,-39.0871],[-63.89789,-39.10695],[-63.8717,-39.10779],[-63.87958,-39.1004],[-63.8703,-39.09595],[-63.8418,-39.10919],[-63.83579,-39.13607],[-63.78821,-39.10919],[-63.77716,-39.12843],[-63.75708,-39.12921],[-63.76367,-39.15467],[-63.74477,-39.16379],[-63.74299,-39.18885],[-63.6717,-39.20363],[-63.67426,-39.22226],[-63.63338,-39.22739],[-63.63171,-39.2478],[-63.61763,-39.2359],[-63.61438,-39.25183],[-63.59297,-39.24592],[-63.55803,-39.26145],[-63.53882,-39.27911],[-63.54122,-39.29666],[-63.51201,-39.31266],[-63.4856,-39.30826],[-63.4574,-39.32884],[-63.38327,-39.32849],[-63.38241,-39.87192],[-65.24552,-39.85068],[-65.21843,-38.83714],[-65.19182,-38.83637],[-65.19399,-38.81178],[-65.16895,-38.80219],[-65.14003,-38.81839],[-65.10648,-38.80103]]]}},{"type":"Feature","properties":{"code":"62070","name":"Pilcaniyeu"},"geometry":{"type":"Polygon","coordinates":[[[-69.75504,-39.87796],[-69.80794,-40.66513],[-69.88849,-40.84803],[-70.1795,-41.02634],[-69.95332,-41.13509],[-70.26975,-41.41525],[-70.61638,-41.41339],[-70.68895,-41.43803],[-70.81315,-41.5229],[-70.9292,-41.42759],[-71.0304,-41.54188],[-71.22951,-41.49982],[-71.22432,-41.33606],[-71.18087,-41.32864],[-71.21437,-41.31576],[-71.21722,-41.29648],[-71.16805,-41.23942],[-71.15631,-41.18218],[-71.11344,-41.13659],[-71.14331,-41.10859],[-71.14596,-41.08467],[-71.21939,-41.08622],[-71.17488,-41.0562],[-71.13275,-41.04907],[-71.11532,-41.00765],[-71.08858,-40.99721],[-71.10245,-40.9908],[-71.06033,-40.98082],[-71.03205,-40.93336],[-71.03899,-40.88902],[-71.05363,-40.88211],[-71.04684,-40.87122],[-71.09995,-40.84036],[-71.09308,-40.82594],[-71.11933,-40.80406],[-71.12094,-40.75863],[-71.09406,-40.72699],[-71.02972,-40.72443],[-71.01178,-40.67932],[-70.9765,-40.64868],[-70.87909,-40.62042],[-70.85541,-40.59338],[-70.73313,-40.58005],[-70.69403,-40.59436],[-70.64974,-40.5897],[-70.6236,-40.5531],[-70.54968,-40.521],[-70.54248,-40.5036],[-70.46509,-40.51221],[-70.42493,-40.53632],[-70.17883,-40.48981],[-70.16814,-40.47426],[-70.17494,-40.42761],[-70.10302,-40.40574],[-70.06269,-40.37464],[-70.04957,-40.31778],[-70.05882,-40.24896],[-70.00209,-40.2032],[-69.99203,-40.17997],[-69.95028,-40.17898],[-69.97069,-40.12104],[-69.99479,-40.10313],[-70.00537,-40.04743],[-69.97089,-39.97774],[-69.86594,-39.9109],[-69.75504,-39.87796]]]}},{"type":"Feature","properties":{"code":"62077","name":"San Antonio"},"geometry":{"type":"MultiPolygon","coordinates":[[[[-65.194,-40.43648],[-64.60154,-40.43894],[-64.60318,-40.8502],[-64.75708,-40.81763],[-64.87531,-40.82892],[-64.90491,-40.80548],[-64.84521,-40.78247],[-64.85663,-40.80371],[-64.84528,-40.81488],[-64.836,-40.78583],[-64.742,-40.81073],[-64.74921,-40.80518],[-64.73419,-40.80261],[-64.75378,-40.79437],[-64.73358,-40.78693],[-64.75861,-40.76788],[-64.79749,-40.78052],[-64.8006,-40.74829],[-64.7735,-40.7428],[-64.80627,-40.72552],[-64.95453,-40.70959],[-64.95178,-40.71979],[-64.9715,-40.716],[-64.96912,-40.72528],[-64.99609,-40.71771],[-64.96991,-40.72717],[-64.91669,-40.72729],[-64.92218,-40.74048],[-64.95923,-40.74811],[-64.8999,-40.7608],[-65.01801,-40.7644],[-65.09729,-40.8183],[-65.12891,-40.85681],[-65.12518,-40.88129],[-65.14972,-40.909],[-65.16669,-40.974],[-65.1543,-41.16278],[-65.07361,-41.41522],[-65.05292,-41.43182],[-65.04388,-41.46252],[-65.00031,-41.48608],[-64.98779,-41.5188],[-65.00671,-41.55731],[-64.98639,-41.57678],[-65.01648,-41.61029],[-65.03711,-41.59821],[-65.02271,-41.61841],[-65.021,-41.73322],[-64.99768,-41.7666],[-65.0127,-41.77972],[-65.01587,-41.83221],[-65.03967,-41.83087],[-65.04919,-41.8429],[-65.03711,-41.87299],[-65.05762,-41.88159],[-65.0661,-41.90558],[-65.06925,-42],[-65.72811,-42],[-65.75776,-41.24434],[-65.79007,-41.18242],[-65.77425,-39.91866],[-65.29462,-39.91853],[-65.1932,-39.97976],[-65.194,-40.43648]]],[[[-64.76547,-40.78351],[-64.75998,-40.77439],[-64.75536,-40.77439],[-64.75413,-40.77755],[-64.76547,-40.78351]]],[[[-64.83968,-40.75607],[-64.84328,-40.75621],[-64.83683,-40.75145],[-64.83659,-40.75222],[-64.83968,-40.75607]]],[[[-64.90511,-40.74243],[-64.90687,-40.74136],[-64.90688,-40.73919],[-64.90498,-40.74001],[-64.90511,-40.74243]]]]}},{"type":"Feature","properties":{"code":"62084","name":"Valcheta"},"geometry":{"type":"Polygon","coordinates":[[[-65.77425,-39.91866],[-65.79007,-41.18242],[-65.75776,-41.24434],[-65.72811,-42],[-66.87689,-42],[-66.82567,-39.91059],[-65.77425,-39.91866]]]}},{"type":"Feature","properties":{"code":"62091","name":"25 de Mayo"},"geometry":{"type":"Polygon","coordinates":[[[-68.08565,-41.99967],[-69.38953,-42],[-69.75527,-41.50519],[-70.26975,-41.41525],[-69.95332,-41.13509],[-70.1795,-41.02634],[-69.88849,-40.84803],[-69.80794,-40.66513],[-69.38667,-40.46882],[-68.78625,-40.42845],[-68.59478,-40.13261],[-68.23147,-40.07312],[-68.00852,-40.15816],[-68.08565,-41.99967]]]}},{"type":"Feature","properties":{"code":"66007","name":"Anta"},"geometry":{"type":"Polygon","coordinates":[[[-63.53042,-24.12787],[-63.427,-24.14492],[-63.43471,-24.18433],[-63.34479,-24.15674],[-63.37699,-24.30416],[-63.29957,-24.27825],[-63.30316,-24.31645],[-63.23206,-24.32205],[-63.20371,-24.21698],[-63.16099,-24.22171],[-63.17188,-24.30454],[-63.05305,-24.39222],[-63.02627,-24.23404],[-62.94654,-24.27423],[-62.93694,-24.71599],[-63.23412,-24.71876],[-63.23351,-24.85657],[-63.07461,-24.85559],[-63.07069,-25.2438],[-63.47552,-25.70995],[-63.56633,-25.70995],[-63.66046,-25.68537],[-63.9087,-25.68305],[-63.94967,-25.66989],[-63.95921,-25.65635],[-63.94125,-25.5511],[-63.95272,-25.53153],[-63.98791,-25.51664],[-64.0058,-25.47268],[-64.02942,-25.46816],[-64.0144,-25.44341],[-64.02366,-25.44486],[-64.01855,-25.4293],[-64.04992,-25.39837],[-64.03668,-25.39006],[-64.06296,-25.36116],[-64.04443,-25.33475],[-64.05561,-25.32271],[-64.04623,-25.31339],[-64.07235,-25.29064],[-64.05779,-25.27669],[-64.06312,-25.25206],[-64.09643,-25.172],[-64.15052,-25.14752],[-64.15981,-25.10888],[-64.23061,-25.12669],[-64.24675,-25.11493],[-64.27704,-25.14664],[-64.3045,-25.14607],[-64.307,-25.17049],[-64.33579,-25.19332],[-64.3622,-25.24235],[-64.39743,-25.25185],[-64.43119,-25.2269],[-64.46429,-25.22257],[-64.54542,-25.25629],[-64.57089,-25.31488],[-64.62415,-25.36508],[-64.70474,-25.3797],[-64.77649,-25.369],[-64.82336,-25.34883],[-64.84149,-25.32039],[-64.88328,-25.29853],[-64.91463,-25.20973],[-64.93674,-25.17504],[-64.9766,-25.14879],[-64.90087,-25.11391],[-64.90594,-25.03922],[-64.89149,-25.00308],[-64.85646,-25.02221],[-64.81639,-24.97216],[-64.82641,-24.94023],[-64.79587,-24.89805],[-64.79794,-24.83962],[-64.81263,-24.82757],[-64.79556,-24.80159],[-64.79901,-24.77164],[-64.72798,-24.70496],[-64.70363,-24.63859],[-64.56013,-24.57723],[-64.53576,-24.50762],[-64.5,-24.50637],[-64.48188,-24.46512],[-64.45537,-24.46304],[-64.4363,-24.44266],[-64.42165,-24.40221],[-64.31834,-24.42716],[-64.27377,-24.39333],[-64.25239,-24.34442],[-64.22313,-24.32937],[-64.18002,-24.26365],[-64.16184,-24.22106],[-64.17501,-24.21257],[-64.15798,-24.15482],[-64.0084,-24.16357],[-63.64439,-24.22347],[-63.62253,-24.11262],[-63.53042,-24.12787]]]}},{"type":"Feature","properties":{"code":"66014","name":"Cachi"},"geometry":{"type":"Polygon","coordinates":[[[-66.0971,-24.74019],[-66.00456,-24.76554],[-65.9554,-24.91849],[-65.93608,-24.94025],[-65.88736,-24.93919],[-65.89234,-25.02001],[-65.83288,-25.11974],[-65.88861,-25.15416],[-65.85743,-25.1836],[-65.86714,-25.24198],[-65.94599,-25.2437],[-65.95392,-25.28317],[-66.00156,-25.31137],[-66.01983,-25.29171],[-66.23045,-25.25479],[-66.244,-25.21112],[-66.28085,-25.1811],[-66.30874,-25.17566],[-66.32821,-25.14648],[-66.3565,-25.14852],[-66.35082,-25.18505],[-66.37963,-25.18638],[-66.40663,-25.15634],[-66.3999,-25.12775],[-66.4218,-25.13469],[-66.46047,-25.11882],[-66.50842,-25.12786],[-66.57842,-25.10136],[-66.6257,-25.106],[-66.60901,-25.0632],[-66.62363,-25.05022],[-66.61498,-25.01935],[-66.59333,-24.99694],[-66.59635,-24.93681],[-66.53692,-24.85054],[-66.41176,-24.81258],[-66.38481,-24.8467],[-66.32653,-24.8631],[-66.26071,-24.85701],[-66.18911,-24.93728],[-66.12869,-24.92973],[-66.09467,-24.90489],[-66.10762,-24.86322],[-66.09717,-24.79378],[-66.11954,-24.75457],[-66.11588,-24.74152],[-66.0971,-24.74019]]]}},{"type":"Feature","properties":{"code":"66021","name":"Cafayate"},"geometry":{"type":"Polygon","coordinates":[[[-65.74,-25.87103],[-65.72622,-25.87078],[-65.71511,-25.90692],[-65.72306,-25.93504],[-65.75486,-25.9556],[-65.62928,-25.96718],[-65.6166,-25.99799],[-65.63656,-26.03845],[-65.66183,-26.05773],[-65.69688,-26.14143],[-65.69495,-26.18485],[-65.7119,-26.20836],[-65.70283,-26.24164],[-65.72275,-26.2798],[-65.70728,-26.29591],[-65.72303,-26.31271],[-65.71145,-26.3287],[-65.71685,-26.352],[-66.07138,-26.23873],[-66.09976,-26.22049],[-66.15598,-26.14459],[-66.18122,-26.13519],[-66.16631,-26.11546],[-66.15984,-26.04365],[-66.13953,-26.04979],[-66.12316,-26.03334],[-66.04748,-26.0163],[-65.8572,-26.02725],[-65.86586,-25.98225],[-65.84101,-25.97869],[-65.79427,-25.9363],[-65.80684,-25.9133],[-65.79737,-25.88201],[-65.74,-25.87103]]]}},{"type":"Feature","properties":{"code":"66028","name":"Capital"},"geometry":{"type":"Polygon","coordinates":[[[-65.56351,-24.65543],[-65.44519,-24.71342],[-65.34259,-24.72162],[-65.11973,-24.70656],[-65.0942,-24.7155],[-65.08101,-24.7477],[-65.01889,-24.8055],[-65.03664,-24.81402],[-65.05328,-24.86561],[-65.08127,-24.88327],[-65.09613,-24.91431],[-65.09708,-24.97694],[-65.06547,-24.9991],[-65.07639,-25.09532],[-65.15615,-25.11228],[-65.1694,-25.17561],[-65.19235,-25.1855],[-65.21425,-25.2394],[-65.26242,-25.28432],[-65.29859,-25.29882],[-65.27842,-25.25806],[-65.28795,-25.24507],[-65.27118,-25.22177],[-65.27539,-25.18368],[-65.26559,-25.16357],[-65.22873,-25.15546],[-65.22766,-25.14277],[-65.24455,-25.11539],[-65.26641,-25.10684],[-65.28038,-25.07332],[-65.30569,-25.06016],[-65.30372,-25.03246],[-65.32355,-25.00042],[-65.31701,-24.95119],[-65.35051,-24.90704],[-65.34276,-24.86234],[-65.39335,-24.85038],[-65.51716,-24.87601],[-65.51499,-24.85754],[-65.53608,-24.84449],[-65.5451,-24.81491],[-65.5608,-24.82134],[-65.59944,-24.80646],[-65.58136,-24.64455],[-65.56351,-24.65543]]]}},{"type":"Feature","properties":{"code":"66035","name":"Cerrillos"},"geometry":{"type":"Polygon","coordinates":[[[-65.39174,-24.8513],[-65.34276,-24.86234],[-65.35051,-24.90704],[-65.31701,-24.95119],[-65.32355,-25.00042],[-65.30372,-25.03246],[-65.30569,-25.06016],[-65.24455,-25.11539],[-65.22873,-25.15546],[-65.28728,-25.15486],[-65.36937,-25.07447],[-65.3871,-25.07873],[-65.39371,-25.0992],[-65.48323,-25.04231],[-65.53171,-25.0269],[-65.51491,-24.98823],[-65.54151,-24.97214],[-65.52043,-24.93499],[-65.54716,-24.91107],[-65.54187,-24.87918],[-65.39174,-24.8513]]]}},{"type":"Feature","properties":{"code":"66042","name":"Chicoana"},"geometry":{"type":"Polygon","coordinates":[[[-65.55824,-25.0215],[-65.48323,-25.04231],[-65.39371,-25.0992],[-65.3871,-25.07873],[-65.36937,-25.07447],[-65.28728,-25.15486],[-65.25805,-25.16157],[-65.27881,-25.19158],[-65.27118,-25.22177],[-65.3696,-25.21669],[-65.42155,-25.15835],[-65.42805,-25.18851],[-65.54952,-25.21075],[-65.56979,-25.20169],[-65.57467,-25.16942],[-65.60386,-25.20346],[-65.60758,-25.23442],[-65.6469,-25.24298],[-65.67147,-25.26918],[-65.72325,-25.25319],[-65.74823,-25.31782],[-65.81722,-25.30117],[-65.83805,-25.19738],[-65.88922,-25.15935],[-65.83408,-25.1265],[-65.85396,-25.07102],[-65.82197,-25.07993],[-65.77809,-25.07103],[-65.74006,-25.10205],[-65.71329,-25.09125],[-65.69168,-25.05475],[-65.66706,-25.0547],[-65.61053,-25.01961],[-65.55824,-25.0215]]]}},{"type":"Feature","properties":{"code":"66049","name":"General Güemes"},"geometry":{"type":"Polygon","coordinates":[[[-64.84463,-24.46796],[-64.72583,-24.5299],[-64.68051,-24.57619],[-64.67417,-24.60387],[-64.64009,-24.61118],[-64.70472,-24.63969],[-64.72798,-24.70496],[-64.79901,-24.77164],[-64.79556,-24.80159],[-64.81263,-24.82757],[-64.79794,-24.83962],[-64.79587,-24.89805],[-64.82641,-24.94023],[-64.81639,-24.97216],[-64.85646,-25.02221],[-64.89149,-25.00308],[-64.90594,-25.03922],[-64.90087,-25.11391],[-64.97867,-25.14877],[-65.08039,-25.10386],[-65.06547,-24.9991],[-65.09789,-24.97351],[-65.08454,-24.88788],[-65.05328,-24.86561],[-65.03664,-24.81402],[-65.01889,-24.8055],[-65.08101,-24.7477],[-65.0942,-24.7155],[-65.1492,-24.70491],[-65.22012,-24.71597],[-65.2747,-24.67743],[-65.27905,-24.63726],[-65.26144,-24.59828],[-65.19973,-24.58537],[-65.21017,-24.54363],[-65.1549,-24.48804],[-65.10516,-24.52304],[-65.07967,-24.56218],[-64.92741,-24.59977],[-64.89694,-24.59199],[-64.88371,-24.57188],[-64.89344,-24.56036],[-64.87733,-24.5007],[-64.84463,-24.46796]]]}},{"type":"Feature","properties":{"code":"66056","name":"General José de San Martín"},"geometry":{"type":"Polygon","coordinates":[[[-63.709,-21.99936],[-63.70561,-22.01399],[-63.68858,-22.01153],[-63.68378,-22.05477],[-63.66527,-21.99934],[-63.13219,-21.99933],[-63.12308,-22.94428],[-63.20369,-22.94309],[-63.26608,-23.45968],[-63.28157,-23.45806],[-63.29573,-23.53485],[-63.2688,-23.55936],[-63.27724,-23.64929],[-63.2962,-23.65086],[-63.33124,-23.62563],[-63.32325,-23.60494],[-63.36797,-23.58682],[-63.36186,-23.56319],[-63.39542,-23.54947],[-63.41251,-23.50956],[-63.49955,-23.45113],[-63.58952,-23.43064],[-63.61746,-23.38802],[-63.66244,-23.39095],[-63.72572,-23.3226],[-63.84434,-23.32343],[-63.91001,-23.29972],[-63.94423,-23.32798],[-63.95631,-23.31477],[-64.00704,-23.33243],[-64.0392,-23.30792],[-64.07297,-23.30586],[-64.09339,-23.25446],[-64.10833,-23.26292],[-64.14094,-23.24835],[-64.1624,-23.27314],[-64.18721,-23.26872],[-64.17763,-23.23453],[-64.21396,-23.22575],[-64.22696,-23.20657],[-64.21408,-23.18213],[-64.16802,-23.2007],[-64.20368,-23.18207],[-64.1828,-23.15269],[-64.20912,-23.15626],[-64.19074,-23.12908],[-64.21351,-23.13508],[-64.20341,-23.1228],[-64.21159,-23.08877],[-64.2388,-23.09633],[-64.24763,-23.06878],[-64.27612,-23.06651],[-64.27034,-23.04133],[-64.28159,-23.02894],[-64.33272,-23.0089],[-64.32722,-22.95335],[-64.34233,-22.92953],[-64.32509,-22.91628],[-64.30925,-22.86347],[-64.29759,-22.86182],[-64.30668,-22.83975],[-64.28672,-22.83489],[-64.28743,-22.79882],[-64.26534,-22.76666],[-64.28361,-22.75128],[-64.26397,-22.74124],[-64.27177,-22.70975],[-64.26057,-22.67457],[-64.24229,-22.66605],[-64.26459,-22.65016],[-64.25729,-22.62855],[-64.23919,-22.62297],[-64.24169,-22.55773],[-64.21629,-22.54335],[-64.19963,-22.49124],[-64.16307,-22.46893],[-64.13804,-22.42947],[-64.13819,-22.40704],[-64.11552,-22.40561],[-64.11689,-22.36323],[-64.09974,-22.34697],[-64.09509,-22.30877],[-64.06241,-22.23838],[-64.03352,-22.24278],[-64.0331,-22.19683],[-63.99265,-22.13314],[-64.00004,-22.10768],[-63.98604,-22.10903],[-63.97961,-22.081],[-63.96647,-22.09316],[-63.95807,-22.08577],[-63.94418,-22.00929],[-63.93146,-21.99938],[-63.709,-21.99936]]]}},{"type":"Feature","properties":{"code":"66063","name":"Guachipas"},"geometry":{"type":"Polygon","coordinates":[[[-65.18657,-25.40954],[-65.17981,-25.43498],[-65.16365,-25.4433],[-65.16632,-25.48119],[-65.15375,-25.49884],[-65.16338,-25.51772],[-65.14933,-25.53779],[-65.16412,-25.58771],[-65.13407,-25.62095],[-65.16397,-25.61947],[-65.19663,-25.69033],[-65.23947,-25.712],[-65.25896,-25.77608],[-65.29029,-25.77476],[-65.27836,-25.80763],[-65.29131,-25.85191],[-65.36032,-25.88444],[-65.35661,-25.90238],[-65.38796,-25.94691],[-65.44224,-25.95773],[-65.47033,-26.01496],[-65.53498,-26.0245],[-65.52731,-26.04121],[-65.54921,-26.03715],[-65.56306,-26.07525],[-65.56337,-26.08889],[-65.55213,-26.08917],[-65.5873,-26.11449],[-65.68852,-26.11726],[-65.66183,-26.05773],[-65.61732,-26.0021],[-65.6198,-25.97104],[-65.75486,-25.9556],[-65.72306,-25.93504],[-65.71511,-25.90522],[-65.72622,-25.87282],[-65.70046,-25.86902],[-65.70427,-25.82747],[-65.68328,-25.76427],[-65.70022,-25.70934],[-65.6791,-25.67038],[-65.64878,-25.63133],[-65.61914,-25.63006],[-65.57626,-25.59253],[-65.5142,-25.49115],[-65.49174,-25.47556],[-65.47503,-25.3981],[-65.39507,-25.28475],[-65.34012,-25.29745],[-65.34673,-25.41541],[-65.33563,-25.42692],[-65.18657,-25.40954]]]}},{"type":"Feature","properties":{"code":"66070","name":"Iruya"},"geometry":{"type":"Polygon","coordinates":[[[-64.76554,-22.58296],[-64.7533,-22.73321],[-64.78093,-22.76137],[-64.79566,-22.80117],[-64.74327,-22.79754],[-64.69914,-22.7601],[-64.67573,-22.7569],[-64.6006,-22.66595],[-64.53852,-22.71013],[-64.5186,-22.75573],[-64.5198,-22.83115],[-64.50346,-22.86585],[-64.48629,-22.86901],[-64.50103,-22.87867],[-64.49785,-22.90798],[-64.52674,-22.91393],[-64.54539,-22.89843],[-64.57377,-22.90728],[-64.52686,-22.93953],[-64.56236,-23.00555],[-64.56339,-23.07021],[-64.63152,-23.08663],[-64.6794,-23.03412],[-64.73423,-23.06383],[-64.80391,-23.06153],[-64.84199,-23.04601],[-64.89868,-23.05168],[-64.94048,-23.03176],[-64.99389,-23.04796],[-65.02291,-23.01871],[-65.06797,-23.04495],[-65.13376,-23.00188],[-65.18891,-22.99815],[-65.19902,-22.95806],[-65.21824,-22.95895],[-65.25169,-22.92796],[-65.27423,-22.79011],[-65.30199,-22.76502],[-65.30606,-22.7304],[-65.27166,-22.64823],[-65.34919,-22.60475],[-65.34541,-22.52841],[-65.28469,-22.54144],[-65.25892,-22.56777],[-65.15069,-22.60435],[-65.09028,-22.60282],[-65.05762,-22.54435],[-65.00053,-22.58464],[-64.89099,-22.582],[-64.87521,-22.59934],[-64.84379,-22.59939],[-64.80641,-22.57581],[-64.84854,-22.51567],[-64.84564,-22.46735],[-64.79463,-22.51234],[-64.76554,-22.58296]]]}},{"type":"Feature","properties":{"code":"66077","name":"La Caldera"},"geometry":{"type":"Polygon","coordinates":[[[-65.65344,-24.38031],[-65.62245,-24.38108],[-65.60015,-24.41704],[-65.57127,-24.42225],[-65.54042,-24.45152],[-65.50633,-24.45542],[-65.48804,-24.42756],[-65.46429,-24.43058],[-65.43466,-24.46218],[-65.42529,-24.45045],[-65.35884,-24.46132],[-65.34337,-24.49773],[-65.22927,-24.48622],[-65.22982,-24.46925],[-65.20058,-24.45986],[-65.15999,-24.47946],[-65.15536,-24.48872],[-65.21017,-24.54363],[-65.19973,-24.58537],[-65.26144,-24.59828],[-65.27905,-24.63726],[-65.2747,-24.67743],[-65.22012,-24.71597],[-65.45049,-24.71247],[-65.58136,-24.64455],[-65.58233,-24.57374],[-65.62714,-24.55835],[-65.634,-24.5347],[-65.66077,-24.52891],[-65.6579,-24.37211],[-65.65344,-24.38031]]]}},{"type":"Feature","properties":{"code":"66084","name":"La Candelaria"},"geometry":{"type":"Polygon","coordinates":[[[-65.29623,-25.85999],[-65.25431,-25.88938],[-65.24678,-25.97209],[-65.19462,-26.02516],[-65.10324,-26.05394],[-65.10801,-26.00792],[-64.88432,-26.04481],[-64.89439,-26.09094],[-64.87529,-26.10483],[-64.87292,-26.12531],[-64.89169,-26.17965],[-64.91734,-26.19951],[-64.94331,-26.3039],[-64.96093,-26.30398],[-64.97252,-26.27438],[-65.03951,-26.29033],[-65.04073,-26.22993],[-65.27534,-26.17124],[-65.29791,-26.08174],[-65.34706,-26.06044],[-65.36734,-26.06091],[-65.43145,-26.10995],[-65.4654,-26.09128],[-65.56337,-26.08889],[-65.55094,-26.0388],[-65.53573,-26.04523],[-65.52731,-26.04121],[-65.53102,-26.02102],[-65.47033,-26.01496],[-65.44224,-25.95773],[-65.38436,-25.94428],[-65.35098,-25.87575],[-65.29623,-25.85999]]]}},{"type":"Feature","properties":{"code":"66091","name":"La Poma"},"geometry":{"type":"Polygon","coordinates":[[[-66.16024,-23.41634],[-66.11257,-23.43442],[-66.0112,-23.50878],[-65.98722,-23.50965],[-66.02193,-23.86171],[-66.01655,-23.91808],[-65.99917,-23.93647],[-65.99091,-23.98174],[-65.95628,-23.9661],[-65.93725,-23.97424],[-66.00782,-24.00215],[-66.03575,-23.99556],[-66.02307,-24.04213],[-66.03302,-24.07754],[-66.10594,-24.1477],[-66.09983,-24.23065],[-66.14158,-24.27123],[-66.15553,-24.30914],[-66.14992,-24.35401],[-66.19356,-24.43323],[-66.15087,-24.43081],[-66.12799,-24.4956],[-66.13731,-24.52746],[-66.12129,-24.60175],[-66.1267,-24.70807],[-66.09717,-24.79378],[-66.10762,-24.86322],[-66.09415,-24.89765],[-66.12869,-24.92973],[-66.18911,-24.93728],[-66.26071,-24.85701],[-66.32983,-24.86269],[-66.40162,-24.83385],[-66.42619,-24.73155],[-66.4086,-24.69963],[-66.41503,-24.66739],[-66.36772,-24.60715],[-66.36064,-24.53866],[-66.40198,-24.47441],[-66.41131,-24.41726],[-66.48782,-24.37709],[-66.48742,-24.34054],[-66.50996,-24.2952],[-66.50209,-24.2427],[-66.23653,-24.43778],[-66.15479,-24.01611],[-66.36169,-23.91113],[-66.35435,-23.88395],[-66.38082,-23.82791],[-66.3533,-23.82526],[-66.37686,-23.74891],[-66.35741,-23.6738],[-66.33034,-23.65661],[-66.33549,-23.62851],[-66.31749,-23.60754],[-66.31113,-23.56138],[-66.28364,-23.5747],[-66.26491,-23.56625],[-66.23962,-23.49246],[-66.21933,-23.48526],[-66.18293,-23.43845],[-66.18429,-23.41461],[-66.16024,-23.41634]]]}},{"type":"Feature","properties":{"code":"66098","name":"La Viña"},"geometry":{"type":"Polygon","coordinates":[[[-65.39313,-25.18578],[-65.38633,-25.20631],[-65.36223,-25.21955],[-65.27118,-25.22177],[-65.28769,-25.24024],[-65.27842,-25.25806],[-65.29859,-25.29882],[-65.25263,-25.27838],[-65.17652,-25.30042],[-65.15925,-25.37528],[-65.18085,-25.38869],[-65.18657,-25.40954],[-65.33563,-25.42692],[-65.34673,-25.41541],[-65.34012,-25.29745],[-65.39507,-25.28475],[-65.47503,-25.3981],[-65.49174,-25.47556],[-65.5142,-25.49115],[-65.57626,-25.59253],[-65.61914,-25.63006],[-65.64907,-25.63157],[-65.69967,-25.70597],[-65.68328,-25.76427],[-65.70427,-25.82747],[-65.70066,-25.86938],[-65.71498,-25.87748],[-65.74953,-25.86685],[-65.79737,-25.88201],[-65.79596,-25.78274],[-65.87089,-25.77701],[-65.84406,-25.74927],[-65.85236,-25.69803],[-65.84132,-25.67011],[-65.80492,-25.63687],[-65.76992,-25.64862],[-65.76326,-25.60838],[-65.7768,-25.5736],[-65.7503,-25.55489],[-65.7499,-25.50141],[-65.78153,-25.46174],[-65.79335,-25.30722],[-65.74823,-25.31782],[-65.72143,-25.25204],[-65.67147,-25.26918],[-65.6469,-25.24298],[-65.60758,-25.23442],[-65.60386,-25.20346],[-65.57467,-25.16942],[-65.56979,-25.20169],[-65.55019,-25.21069],[-65.42805,-25.18851],[-65.42155,-25.15835],[-65.39313,-25.18578]]]}},{"type":"Feature","properties":{"code":"66105","name":"Los Andes"},"geometry":{"type":"Polygon","coordinates":[[[-66.98372,-23.9066],[-66.94112,-23.98404],[-66.91515,-23.97024],[-66.88064,-23.97439],[-66.87991,-23.99385],[-66.82436,-24.07995],[-66.7938,-24.09685],[-66.74574,-24.08923],[-66.72646,-24.12231],[-66.67864,-24.14206],[-66.64628,-24.17251],[-66.55871,-24.18727],[-66.54363,-24.20764],[-66.5058,-24.1974],[-66.48336,-24.213],[-66.46901,-24.19845],[-66.47876,-24.18346],[-66.42249,-24.16395],[-66.41425,-24.12868],[-66.38178,-24.12778],[-66.36229,-24.08736],[-66.37018,-24.05009],[-66.33945,-23.98435],[-66.36288,-23.98346],[-66.36814,-23.97191],[-66.35984,-23.91219],[-66.15479,-24.01611],[-66.23653,-24.43778],[-66.50209,-24.2427],[-66.50663,-24.25503],[-66.50996,-24.2952],[-66.48742,-24.34054],[-66.48782,-24.37709],[-66.41131,-24.41726],[-66.40198,-24.47441],[-66.36064,-24.53866],[-66.35886,-24.56432],[-66.36772,-24.60715],[-66.41715,-24.67427],[-66.4086,-24.69963],[-66.42567,-24.74733],[-66.40884,-24.77384],[-66.40399,-24.82356],[-66.41176,-24.81258],[-66.53692,-24.85054],[-66.59635,-24.93681],[-66.59333,-24.99694],[-66.62363,-25.05022],[-66.60901,-25.0632],[-66.6265,-25.12526],[-66.62065,-25.14217],[-66.54496,-25.1809],[-66.53731,-25.20312],[-66.55159,-25.2275],[-66.53705,-25.26564],[-66.56066,-25.30003],[-66.87927,-25.24173],[-67.8646,-25.2384],[-68.50717,-25.16831],[-68.47143,-25.15019],[-68.45975,-25.12566],[-68.4453,-25.13399],[-68.4377,-25.12279],[-68.41022,-25.14526],[-68.34424,-25.11077],[-68.36707,-25.08243],[-68.3782,-25.03245],[-68.40702,-25.03033],[-68.4168,-24.99409],[-68.40866,-24.97274],[-68.42938,-24.95646],[-68.43259,-24.90587],[-68.48421,-24.89728],[-68.49295,-24.87606],[-68.5196,-24.87391],[-68.53802,-24.81734],[-68.56876,-24.79413],[-68.54427,-24.72435],[-68.49263,-24.66538],[-68.4958,-24.60021],[-68.46792,-24.62366],[-68.45146,-24.60309],[-68.43482,-24.6067],[-68.38776,-24.48405],[-68.30851,-24.4918],[-68.25989,-24.40233],[-67.32262,-24.03416],[-67.21305,-23.69492],[-66.98372,-23.9066]]]}},{"type":"Feature","properties":{"code":"66112","name":"Metán"},"geometry":{"type":"Polygon","coordinates":[[[-65.08121,-25.10095],[-64.93674,-25.17504],[-64.89413,-25.24429],[-64.89451,-25.28521],[-64.84149,-25.32039],[-64.82815,-25.3455],[-64.70935,-25.3797],[-64.61961,-25.36201],[-64.57089,-25.31488],[-64.54542,-25.25629],[-64.46429,-25.22257],[-64.43119,-25.2269],[-64.39743,-25.25185],[-64.3622,-25.24235],[-64.33579,-25.19332],[-64.307,-25.17049],[-64.3045,-25.14607],[-64.27704,-25.14664],[-64.24675,-25.11493],[-64.23061,-25.12669],[-64.15944,-25.10904],[-64.15084,-25.1472],[-64.10716,-25.16008],[-64.09665,-25.19346],[-64.0851,-25.19535],[-64.05784,-25.27398],[-64.07235,-25.29064],[-64.04606,-25.31385],[-64.05561,-25.32271],[-64.04625,-25.34365],[-64.06296,-25.36116],[-64.03668,-25.39006],[-64.04992,-25.39837],[-64.01855,-25.4293],[-64.02366,-25.44486],[-64.0144,-25.44341],[-64.02942,-25.46816],[-64.0058,-25.47268],[-63.98791,-25.51664],[-63.95272,-25.53153],[-63.94125,-25.5511],[-63.9592,-25.65685],[-63.91841,-25.68214],[-64.00784,-25.67377],[-64.02555,-25.75394],[-64.19628,-25.728],[-64.21054,-25.54063],[-64.31521,-25.51329],[-64.38144,-25.52529],[-64.44946,-25.51152],[-64.48107,-25.63476],[-64.64792,-25.60552],[-64.83575,-25.65152],[-64.91978,-25.6381],[-65.02427,-25.67202],[-65.12324,-25.64578],[-65.16563,-25.58063],[-65.14933,-25.53779],[-65.16338,-25.51772],[-65.15375,-25.49884],[-65.16632,-25.48119],[-65.16365,-25.4433],[-65.18727,-25.41309],[-65.18085,-25.38869],[-65.15925,-25.37528],[-65.17471,-25.3039],[-65.25297,-25.27662],[-65.21425,-25.2394],[-65.19235,-25.1855],[-65.1694,-25.17561],[-65.15615,-25.11228],[-65.08121,-25.10095]]]}},{"type":"Feature","properties":{"code":"66119","name":"Molinos"},"geometry":{"type":"Polygon","coordinates":[[[-66.00156,-25.31137],[-66.02644,-25.45215],[-66.14039,-25.45441],[-66.19088,-25.48212],[-66.27706,-25.49571],[-66.30377,-25.51085],[-66.29637,-25.53603],[-66.30839,-25.55871],[-66.349,-25.56809],[-66.3412,-25.6346],[-66.3199,-25.65936],[-66.32836,-25.75747],[-66.34803,-25.78582],[-66.33243,-25.8666],[-66.36214,-25.88347],[-66.38237,-25.93525],[-66.37165,-25.98805],[-66.59539,-25.90442],[-66.80138,-26.01649],[-66.84346,-25.97734],[-66.84757,-25.79627],[-66.87357,-25.76619],[-66.85048,-25.72114],[-66.80173,-25.69881],[-66.64858,-25.71203],[-66.63041,-25.65437],[-66.60646,-25.62867],[-66.5639,-25.62176],[-66.57277,-25.58672],[-66.53456,-25.53651],[-66.53525,-25.46226],[-66.51855,-25.44033],[-66.53436,-25.37558],[-66.5998,-25.36225],[-66.53705,-25.26564],[-66.55159,-25.2275],[-66.53731,-25.20312],[-66.55744,-25.17096],[-66.62065,-25.14217],[-66.6257,-25.106],[-66.57842,-25.10136],[-66.50842,-25.12786],[-66.46047,-25.11882],[-66.4218,-25.13469],[-66.3999,-25.12775],[-66.40663,-25.15634],[-66.37963,-25.18638],[-66.35082,-25.18505],[-66.3565,-25.14852],[-66.32821,-25.14648],[-66.30874,-25.17566],[-66.28085,-25.1811],[-66.244,-25.21112],[-66.23045,-25.25479],[-66.01983,-25.29171],[-66.00156,-25.31137]]]}},{"type":"Feature","properties":{"code":"66126","name":"Orán"},"geometry":{"type":"Polygon","coordinates":[[[-64.47521,-22.48933],[-64.44491,-22.5064],[-64.44831,-22.52156],[-64.41208,-22.53838],[-64.40958,-22.56295],[-64.4302,-22.58173],[-64.43389,-22.63135],[-64.42399,-22.63436],[-64.44135,-22.63879],[-64.41367,-22.65664],[-64.41592,-22.67857],[-64.39473,-22.68568],[-64.39073,-22.7121],[-64.40321,-22.7187],[-64.36254,-22.72371],[-64.33935,-22.75429],[-64.34254,-22.80581],[-64.32673,-22.83767],[-64.32821,-22.86203],[-64.34086,-22.86158],[-64.33643,-22.87374],[-64.31277,-22.87217],[-64.32509,-22.91628],[-64.34243,-22.93024],[-64.32722,-22.95335],[-64.33072,-23.01344],[-64.28159,-23.02894],[-64.27034,-23.04133],[-64.27612,-23.06651],[-64.24763,-23.06878],[-64.2388,-23.09633],[-64.21856,-23.09926],[-64.21229,-23.08795],[-64.20341,-23.1228],[-64.21185,-23.1372],[-64.19086,-23.1282],[-64.20923,-23.15597],[-64.18284,-23.15357],[-64.20368,-23.18207],[-64.16821,-23.20131],[-64.21408,-23.18213],[-64.22696,-23.20657],[-64.21396,-23.22575],[-64.17763,-23.23453],[-64.18843,-23.26768],[-64.1624,-23.27314],[-64.14094,-23.24835],[-64.10833,-23.26292],[-64.09339,-23.25446],[-64.07297,-23.30586],[-64.0392,-23.30792],[-64.00704,-23.33243],[-63.95631,-23.31477],[-63.94423,-23.32798],[-63.91001,-23.29972],[-63.84434,-23.32343],[-63.72619,-23.32243],[-63.6998,-23.3383],[-63.66244,-23.39095],[-63.61746,-23.38802],[-63.58952,-23.43064],[-63.49955,-23.45113],[-63.40599,-23.51526],[-63.43702,-23.7103],[-63.45781,-23.70636],[-63.53042,-24.12787],[-63.62253,-24.11262],[-63.64439,-24.22347],[-64.0084,-24.16357],[-64.15798,-24.15482],[-64.15706,-23.51804],[-64.35433,-23.518],[-64.35154,-23.53164],[-64.36877,-23.53761],[-64.40216,-23.59655],[-64.39319,-23.61007],[-64.41904,-23.63569],[-64.44833,-23.63942],[-64.49587,-23.56714],[-64.53483,-23.5384],[-64.53256,-23.52136],[-64.65769,-23.48317],[-64.68253,-23.45243],[-64.73843,-23.46762],[-64.73943,-23.47894],[-64.76115,-23.47566],[-64.78748,-23.49616],[-64.84087,-23.4844],[-64.84504,-23.49725],[-64.86422,-23.48496],[-64.86844,-23.44742],[-64.90666,-23.42379],[-64.91053,-23.40082],[-64.89242,-23.35945],[-64.90467,-23.35426],[-64.91018,-23.31081],[-64.94728,-23.26915],[-64.96464,-23.28611],[-65.01011,-23.28511],[-65.03591,-23.25244],[-65.03865,-23.2269],[-65.07331,-23.2181],[-65.04502,-23.15574],[-65.07169,-23.13765],[-65.06221,-23.11878],[-65.06797,-23.04495],[-65.02509,-23.01898],[-64.9909,-23.04832],[-64.94048,-23.03176],[-64.89868,-23.05168],[-64.84199,-23.04601],[-64.80391,-23.06153],[-64.73423,-23.06383],[-64.6794,-23.03412],[-64.63152,-23.08663],[-64.56339,-23.07021],[-64.56236,-23.00555],[-64.52686,-22.93953],[-64.57377,-22.90728],[-64.54539,-22.89843],[-64.52674,-22.91393],[-64.49785,-22.90798],[-64.50103,-22.87867],[-64.48629,-22.86901],[-64.50346,-22.86585],[-64.5198,-22.83115],[-64.51565,-22.76318],[-64.53762,-22.7113],[-64.58572,-22.67924],[-64.54704,-22.66168],[-64.5033,-22.60677],[-64.49392,-22.5391],[-64.50347,-22.52197],[-64.48373,-22.48308],[-64.47521,-22.48933]]]}},{"type":"Feature","properties":{"code":"66133","name":"Rivadavia"},"geometry":{"type":"Polygon","coordinates":[[[-62.64017,-22.23633],[-62.63004,-22.24814],[-62.64231,-22.29467],[-62.634,-22.30741],[-62.60377,-22.30669],[-62.59504,-22.32176],[-62.56919,-22.30977],[-62.57076,-22.33341],[-62.54034,-22.32857],[-62.53458,-22.36799],[-62.5186,-22.37824],[-62.46389,-22.37207],[-62.46547,-22.4026],[-62.44796,-22.40229],[-62.44568,-22.42334],[-62.43445,-22.41921],[-62.40484,-22.45135],[-62.38517,-22.45374],[-62.38061,-22.47358],[-62.34234,-22.45698],[-62.34235,-24.39211],[-63.07069,-25.2438],[-63.07461,-24.85559],[-63.23351,-24.85657],[-63.23412,-24.71876],[-62.93694,-24.71599],[-62.94654,-24.27423],[-63.02627,-24.23404],[-63.05305,-24.39222],[-63.17188,-24.30454],[-63.16099,-24.22171],[-63.20371,-24.21698],[-63.23206,-24.32205],[-63.30316,-24.31645],[-63.29957,-24.27825],[-63.37699,-24.30416],[-63.34479,-24.15674],[-63.43471,-24.18433],[-63.427,-24.14492],[-63.53043,-24.12788],[-63.49862,-23.9602],[-63.50863,-23.9585],[-63.45781,-23.70636],[-63.43702,-23.7103],[-63.40212,-23.53525],[-63.36186,-23.56319],[-63.36759,-23.5872],[-63.32375,-23.6043],[-63.33124,-23.62563],[-63.2962,-23.65086],[-63.27724,-23.64929],[-63.2688,-23.55936],[-63.29573,-23.53485],[-63.28157,-23.45806],[-63.26608,-23.45968],[-63.20369,-22.94309],[-63.12308,-22.94428],[-63.13219,-21.99933],[-62.81118,-21.99877],[-62.81424,-22.04216],[-62.79696,-22.06676],[-62.81394,-22.10501],[-62.7896,-22.16392],[-62.77875,-22.16796],[-62.76672,-22.15185],[-62.74922,-22.1621],[-62.72063,-22.20205],[-62.68492,-22.21234],[-62.66023,-22.25068],[-62.64017,-22.23633]]]}},{"type":"Feature","properties":{"code":"66140","name":"Rosario de la Frontera"},"geometry":{"type":"Polygon","coordinates":[[[-64.40038,-25.52145],[-64.31521,-25.51329],[-64.21054,-25.54063],[-64.1975,-25.70946],[-64.26797,-25.70057],[-64.41301,-26.04048],[-64.40362,-26.04841],[-64.41668,-26.1143],[-64.49492,-26.2195],[-64.56415,-26.22692],[-64.57958,-26.21818],[-64.66779,-26.24272],[-64.73215,-26.24156],[-64.75907,-26.22399],[-64.79041,-26.22372],[-64.82277,-26.24269],[-64.84532,-26.2386],[-64.87344,-26.27492],[-64.94161,-26.30225],[-64.91734,-26.19951],[-64.89169,-26.17965],[-64.87292,-26.12531],[-64.87529,-26.10483],[-64.89439,-26.09094],[-64.88432,-26.04481],[-65.10801,-26.00792],[-65.10324,-26.05394],[-65.19462,-26.02516],[-65.24678,-25.97209],[-65.25431,-25.88938],[-65.2984,-25.85984],[-65.27836,-25.80763],[-65.29029,-25.77476],[-65.25896,-25.77608],[-65.23947,-25.712],[-65.19663,-25.69033],[-65.16397,-25.61947],[-65.13407,-25.62095],[-65.12324,-25.64578],[-65.08797,-25.66239],[-65.0497,-25.6572],[-65.0277,-25.6722],[-64.91978,-25.6381],[-64.83575,-25.65152],[-64.64792,-25.60552],[-64.48107,-25.63476],[-64.44946,-25.51152],[-64.40038,-25.52145]]]}},{"type":"Feature","properties":{"code":"66147","name":"Rosario de Lerma"},"geometry":{"type":"Polygon","coordinates":[[[-65.94391,-23.9884],[-65.94605,-24.00768],[-65.87293,-24.00242],[-65.82732,-24.01898],[-65.78663,-24.05538],[-65.74627,-24.06244],[-65.75173,-24.07381],[-65.73335,-24.08401],[-65.72086,-24.10934],[-65.73077,-24.14421],[-65.71555,-24.16528],[-65.72502,-24.186],[-65.67084,-24.25293],[-65.68269,-24.30772],[-65.65545,-24.35706],[-65.66077,-24.52891],[-65.634,-24.5347],[-65.62714,-24.55835],[-65.58233,-24.57374],[-65.57919,-24.67959],[-65.59478,-24.70818],[-65.59944,-24.80646],[-65.5608,-24.82134],[-65.5451,-24.81491],[-65.53608,-24.84449],[-65.51499,-24.85754],[-65.51389,-24.8796],[-65.54187,-24.87918],[-65.54716,-24.91107],[-65.52043,-24.93499],[-65.54151,-24.97214],[-65.51491,-24.98823],[-65.52321,-25.01904],[-65.61345,-25.02034],[-65.66706,-25.0547],[-65.69168,-25.05475],[-65.71329,-25.09125],[-65.74006,-25.10205],[-65.77809,-25.07103],[-65.85177,-25.07214],[-65.88454,-25.03932],[-65.88736,-24.93919],[-65.93608,-24.94025],[-65.9554,-24.91849],[-66.00456,-24.76554],[-66.11588,-24.74152],[-66.12824,-24.67522],[-66.12163,-24.59735],[-66.13731,-24.52746],[-66.12799,-24.4956],[-66.15087,-24.43081],[-66.19356,-24.43323],[-66.14992,-24.35401],[-66.15553,-24.30914],[-66.14158,-24.27123],[-66.09983,-24.23065],[-66.10594,-24.1477],[-66.03302,-24.07754],[-66.02307,-24.04213],[-66.03575,-23.99556],[-66.00782,-24.00215],[-65.94163,-23.97949],[-65.94391,-23.9884]]]}},{"type":"Feature","properties":{"code":"66154","name":"San Carlos"},"geometry":{"type":"Polygon","coordinates":[[[-65.85458,-25.18652],[-65.83805,-25.19738],[-65.82811,-25.28611],[-65.79192,-25.30531],[-65.78153,-25.46174],[-65.75577,-25.48427],[-65.74701,-25.51308],[-65.7503,-25.55489],[-65.7768,-25.5736],[-65.76326,-25.60838],[-65.76992,-25.64862],[-65.80492,-25.63687],[-65.84132,-25.67011],[-65.85236,-25.69803],[-65.84406,-25.74927],[-65.87089,-25.77701],[-65.79596,-25.78274],[-65.79684,-25.89855],[-65.80684,-25.9133],[-65.79427,-25.9363],[-65.84101,-25.97869],[-65.86586,-25.98225],[-65.8572,-26.02725],[-66.04748,-26.0163],[-66.12316,-26.03334],[-66.13953,-26.04979],[-66.15984,-26.04365],[-66.16631,-26.11546],[-66.18122,-26.13519],[-66.20535,-26.13257],[-66.23039,-26.14968],[-66.29296,-26.22931],[-66.30196,-26.2707],[-66.32264,-26.28933],[-66.38202,-26.4168],[-66.46102,-26.36409],[-66.53988,-26.35316],[-66.58276,-26.16167],[-66.65935,-26.10721],[-66.6622,-26.07573],[-66.72222,-26.07949],[-66.78039,-26.04691],[-66.80138,-26.01649],[-66.59539,-25.90442],[-66.37165,-25.98805],[-66.38237,-25.93525],[-66.36214,-25.88347],[-66.33243,-25.8666],[-66.34803,-25.78582],[-66.32836,-25.75747],[-66.3199,-25.65936],[-66.3412,-25.6346],[-66.349,-25.56809],[-66.30839,-25.55871],[-66.29637,-25.53603],[-66.30377,-25.51085],[-66.27706,-25.49571],[-66.19088,-25.48212],[-66.14039,-25.45441],[-66.02644,-25.45215],[-66.00156,-25.31137],[-65.95392,-25.28317],[-65.94599,-25.2437],[-65.86714,-25.24198],[-65.85458,-25.18652]]]}},{"type":"Feature","properties":{"code":"66161","name":"Santa Victoria"},"geometry":{"type":"Polygon","coordinates":[[[-64.99142,-22.0876],[-64.92372,-22.12113],[-64.86168,-22.122],[-64.73685,-22.1939],[-64.6818,-22.1865],[-64.6171,-22.20516],[-64.59303,-22.24664],[-64.5371,-22.28555],[-64.54773,-22.31735],[-64.56419,-22.32347],[-64.56575,-22.37205],[-64.51285,-22.41254],[-64.52386,-22.44237],[-64.49264,-22.43566],[-64.47453,-22.46838],[-64.50347,-22.52197],[-64.49392,-22.5391],[-64.5033,-22.60677],[-64.53384,-22.64725],[-64.57913,-22.67484],[-64.61003,-22.66843],[-64.67251,-22.75419],[-64.75918,-22.80299],[-64.79566,-22.80117],[-64.78093,-22.76137],[-64.7533,-22.73321],[-64.76562,-22.58206],[-64.79463,-22.51234],[-64.84218,-22.46802],[-64.85177,-22.47032],[-64.84854,-22.51567],[-64.80641,-22.57581],[-64.84379,-22.59939],[-64.87521,-22.59934],[-64.89099,-22.582],[-65.00053,-22.58464],[-65.05762,-22.54435],[-65.09028,-22.60282],[-65.15069,-22.60435],[-65.20088,-22.59426],[-65.25967,-22.5674],[-65.28469,-22.54144],[-65.31042,-22.54406],[-65.3473,-22.526],[-65.28172,-22.41343],[-65.26273,-22.33826],[-65.22678,-22.32067],[-65.2403,-22.27925],[-65.22048,-22.16959],[-65.21379,-22.15001],[-65.19406,-22.14473],[-65.18657,-22.08535],[-64.99142,-22.0876]]]}},{"type":"Feature","properties":{"code":"70007","name":"Albardón"},"geometry":{"type":"Polygon","coordinates":[[[-68.33431,-30.92993],[-68.33431,-31.29419],[-68.41126,-31.3581],[-68.47006,-31.45366],[-68.46075,-31.46312],[-68.51874,-31.4577],[-68.61182,-31.50062],[-68.64209,-31.50247],[-68.60524,-31.45065],[-68.58775,-31.35965],[-68.54788,-31.28596],[-68.53898,-31.17687],[-68.51243,-31.09965],[-68.51669,-31.06327],[-68.49942,-31.00303],[-68.4833,-30.9818],[-68.42553,-30.95336],[-68.42573,-30.92949],[-68.33431,-30.92993]]]}},{"type":"Feature","properties":{"code":"70014","name":"Angaco"},"geometry":{"type":"Polygon","coordinates":[[[-67.87525,-30.9307],[-67.81371,-31.01225],[-67.86759,-31.0588],[-67.89569,-31.11368],[-67.8942,-31.15067],[-67.91025,-31.16289],[-67.89704,-31.18124],[-67.91116,-31.19268],[-67.90357,-31.27067],[-67.92943,-31.29071],[-67.93561,-31.34674],[-67.9699,-31.37522],[-67.96713,-31.40195],[-67.93831,-31.40233],[-67.95325,-31.42272],[-67.97568,-31.41751],[-68.00436,-31.43322],[-68.0252,-31.45261],[-68.01931,-31.46199],[-68.3954,-31.46469],[-68.47006,-31.45366],[-68.41126,-31.3581],[-68.33431,-31.29419],[-68.33431,-30.92993],[-67.87525,-30.9307]]]}},{"type":"Feature","properties":{"code":"70021","name":"Calingasta"},"geometry":{"type":"Polygon","coordinates":[[[-69.88942,-30.27436],[-69.83148,-30.29152],[-69.82723,-30.36861],[-69.81119,-30.40533],[-69.7805,-30.41968],[-69.75142,-30.46997],[-69.75941,-30.49354],[-69.74643,-30.52928],[-69.71202,-30.53732],[-69.72839,-30.54107],[-69.72629,-30.59213],[-69.70273,-30.61472],[-69.67072,-30.60193],[-69.63214,-30.62406],[-69.60397,-30.66447],[-69.33542,-30.69844],[-69.22607,-30.74539],[-69.20387,-30.78758],[-69.14529,-30.77871],[-69.1041,-30.79533],[-69.12165,-30.83125],[-69.11668,-30.86599],[-69.14793,-30.92],[-69.14097,-30.94566],[-69.15934,-31.00921],[-69.21585,-31.09578],[-69.25056,-31.20193],[-69.20993,-31.26052],[-69.20694,-31.32211],[-69.21864,-31.3404],[-69.19905,-31.37804],[-69.21608,-31.40168],[-69.20514,-31.43141],[-69.2192,-31.45619],[-69.20328,-31.50927],[-69.18843,-31.51521],[-69.19104,-31.53123],[-69.15764,-31.58001],[-69.16207,-31.72549],[-69.13463,-31.75864],[-69.10255,-31.87192],[-69.12645,-32.00191],[-69.18399,-31.99938],[-69.24451,-32.01611],[-69.2768,-32.07001],[-69.3142,-32.09111],[-69.3786,-32.06421],[-69.39041,-32.07795],[-69.41574,-32.06653],[-69.45476,-32.07468],[-69.47678,-32.11115],[-69.50556,-32.11382],[-69.53114,-32.14095],[-69.56102,-32.13139],[-69.59623,-32.14091],[-69.60339,-32.21063],[-69.63031,-32.26209],[-69.6804,-32.3043],[-69.7215,-32.31418],[-69.72887,-32.33083],[-69.73316,-32.39056],[-69.70419,-32.40321],[-69.68921,-32.43018],[-69.70556,-32.49746],[-69.75886,-32.51238],[-69.77876,-32.54241],[-69.82239,-32.54439],[-69.82738,-32.56271],[-69.84686,-32.5705],[-70.00356,-32.5291],[-70.02583,-32.57877],[-70.07217,-32.62636],[-70.0896,-32.62243],[-70.09177,-32.6014],[-70.1262,-32.57415],[-70.12325,-32.53557],[-70.14875,-32.46566],[-70.23665,-32.42929],[-70.23859,-32.40483],[-70.21733,-32.3822],[-70.22918,-32.36449],[-70.21818,-32.33273],[-70.26247,-32.29165],[-70.28443,-32.29251],[-70.32305,-32.26705],[-70.30095,-32.20682],[-70.31726,-32.177],[-70.30388,-32.13632],[-70.34166,-32.10864],[-70.35022,-32.08823],[-70.33519,-32.07044],[-70.38823,-32.0454],[-70.37985,-32.02622],[-70.36428,-32.02506],[-70.32874,-32.04929],[-70.28903,-32.05203],[-70.24826,-32.02386],[-70.24974,-31.99283],[-70.20816,-31.978],[-70.20932,-31.96041],[-70.28005,-31.88409],[-70.37686,-31.88482],[-70.46044,-31.84387],[-70.45097,-31.81037],[-70.47202,-31.75877],[-70.45803,-31.73398],[-70.46342,-31.71385],[-70.46968,-31.69677],[-70.51294,-31.68978],[-70.50675,-31.65227],[-70.56738,-31.60013],[-70.55226,-31.51116],[-70.56658,-31.50233],[-70.56924,-31.47409],[-70.54869,-31.44874],[-70.56021,-31.41996],[-70.53197,-31.40774],[-70.53966,-31.38703],[-70.52762,-31.36424],[-70.54716,-31.31485],[-70.52698,-31.27855],[-70.53183,-31.24666],[-70.51534,-31.2324],[-70.51345,-31.19656],[-70.52434,-31.18983],[-70.49791,-31.1228],[-70.47562,-31.11425],[-70.45584,-31.0843],[-70.4323,-31.10171],[-70.40138,-31.16707],[-70.36056,-31.13571],[-70.36827,-31.10996],[-70.32165,-31.04349],[-70.2691,-31.04309],[-70.27715,-31.02146],[-70.29777,-31.02016],[-70.29338,-30.96999],[-70.32282,-30.92803],[-70.27974,-30.83069],[-70.28797,-30.78669],[-70.27298,-30.78057],[-70.26947,-30.74593],[-70.24609,-30.72852],[-70.25909,-30.70016],[-70.23937,-30.6678],[-70.25039,-30.66074],[-70.24664,-30.63421],[-70.20735,-30.5586],[-70.19069,-30.55069],[-70.19683,-30.53749],[-70.17939,-30.51231],[-70.19481,-30.49163],[-70.13628,-30.45884],[-70.1175,-30.43213],[-70.15467,-30.34667],[-70.10658,-30.35206],[-70.10253,-30.36809],[-70.06321,-30.39436],[-70.02038,-30.3969],[-69.99455,-30.37879],[-69.95534,-30.3855],[-69.93513,-30.35821],[-69.89185,-30.35059],[-69.90813,-30.31801],[-69.88942,-30.27436]]]}},{"type":"Feature","properties":{"code":"70028","name":"Capital"},"geometry":{"type":"Polygon","coordinates":[[[-68.50882,-31.50646],[-68.50218,-31.55444],[-68.52189,-31.56174],[-68.56617,-31.54587],[-68.55892,-31.51089],[-68.50882,-31.50646]]]}},{"type":"Feature","properties":{"code":"70035","name":"Caucete"},"geometry":{"type":"Polygon","coordinates":[[[-67.53039,-30.92976],[-67.49745,-30.95551],[-67.49445,-30.97888],[-67.5077,-30.98852],[-67.49443,-31.03855],[-67.45158,-31.06236],[-67.46997,-31.08027],[-67.44498,-31.09752],[-67.43387,-31.13355],[-67.43929,-31.20944],[-67.40249,-31.2755],[-67.40894,-31.28971],[-67.38819,-31.35213],[-67.35416,-31.4093],[-67.28063,-31.4484],[-67.07827,-31.43397],[-66.95197,-31.6333],[-66.86818,-31.6333],[-66.84521,-31.71458],[-66.79199,-31.82538],[-66.66179,-31.92054],[-66.8857,-31.89769],[-67.00593,-31.85536],[-67.05,-31.85748],[-67.13673,-31.8338],[-67.23988,-31.88006],[-68.34689,-31.6947],[-68.33666,-31.66003],[-68.36485,-31.57122],[-67.98393,-31.6305],[-68.03053,-31.56699],[-68.04209,-31.52096],[-68.02938,-31.5086],[-68.02158,-31.44684],[-67.93853,-31.40627],[-67.96713,-31.40195],[-67.9699,-31.37522],[-67.93561,-31.34674],[-67.92943,-31.29071],[-67.90357,-31.27067],[-67.91116,-31.19268],[-67.89704,-31.18124],[-67.91025,-31.16289],[-67.8942,-31.15067],[-67.89569,-31.11368],[-67.86759,-31.0588],[-67.81371,-31.01225],[-67.87525,-30.9307],[-67.53039,-30.92976]]]}},{"type":"Feature","properties":{"code":"70042","name":"Chimbas"},"geometry":{"type":"Polygon","coordinates":[[[-68.47412,-31.46626],[-68.44564,-31.47518],[-68.43066,-31.5082],[-68.47172,-31.49728],[-68.53801,-31.51122],[-68.6281,-31.51201],[-68.64209,-31.50247],[-68.61182,-31.50062],[-68.51874,-31.4577],[-68.47412,-31.46626]]]}},{"type":"Feature","properties":{"code":"70049","name":"Iglesia"},"geometry":{"type":"Polygon","coordinates":[[[-69.62981,-28.39369],[-69.60571,-28.41901],[-69.55524,-28.40582],[-69.51621,-28.43188],[-69.49655,-28.41588],[-69.46877,-28.41526],[-69.42996,-28.45099],[-69.3745,-28.4477],[-69.31617,-28.41161],[-69.20265,-28.59596],[-69.21655,-28.60617],[-69.20958,-28.68241],[-69.16197,-28.76114],[-68.90871,-28.85932],[-68.95607,-28.94948],[-68.90851,-29.04492],[-68.90796,-29.07279],[-68.92509,-29.09194],[-68.91189,-29.12858],[-68.935,-29.16638],[-68.95722,-29.16463],[-68.96903,-29.14544],[-69.00124,-29.18664],[-68.97911,-29.23054],[-68.9891,-29.27397],[-68.9588,-29.28526],[-68.95758,-29.31716],[-68.98494,-29.32642],[-68.97459,-29.36415],[-69.00219,-29.39972],[-68.97923,-29.42364],[-68.97488,-29.45705],[-68.98744,-29.47801],[-69.00019,-29.46638],[-69.03372,-29.53297],[-69.01414,-29.65991],[-69.02746,-29.67749],[-69.01477,-29.69912],[-69.03205,-29.76176],[-69.02012,-29.81484],[-69.02995,-29.83623],[-69.02767,-29.87118],[-69.01439,-29.88146],[-69.0399,-29.94962],[-69.02987,-29.98443],[-69.0715,-30.07238],[-69.03916,-30.2949],[-69.06624,-30.3275],[-69.04956,-30.34355],[-69.06225,-30.46831],[-69.05707,-30.49537],[-69.00672,-30.54593],[-68.9849,-30.5518],[-69.06597,-30.55297],[-69.05435,-30.62692],[-69.11607,-30.6273],[-69.12061,-30.65034],[-69.08859,-30.72886],[-69.10229,-30.79606],[-69.14529,-30.77871],[-69.20387,-30.78758],[-69.22607,-30.74539],[-69.33542,-30.69844],[-69.60397,-30.66447],[-69.63214,-30.62406],[-69.66847,-30.60314],[-69.70273,-30.61472],[-69.72153,-30.60069],[-69.72839,-30.54107],[-69.71202,-30.53732],[-69.74643,-30.52928],[-69.75941,-30.49354],[-69.75142,-30.46997],[-69.7805,-30.41968],[-69.81271,-30.40271],[-69.82723,-30.36861],[-69.82997,-30.29438],[-69.88392,-30.27071],[-69.88504,-30.21858],[-69.83505,-30.21994],[-69.81938,-30.18872],[-69.82878,-30.16227],[-69.80944,-30.15478],[-69.81744,-30.12794],[-69.84792,-30.12988],[-69.89965,-30.10622],[-69.93609,-30.12008],[-69.94422,-30.09324],[-69.96487,-30.08545],[-69.91541,-30.02558],[-69.92604,-29.99919],[-69.89802,-29.95784],[-69.89651,-29.93675],[-69.90872,-29.92857],[-69.88851,-29.90459],[-69.89674,-29.87814],[-69.87655,-29.86164],[-69.89896,-29.84849],[-69.89321,-29.81995],[-69.91485,-29.79271],[-69.87867,-29.72581],[-69.88175,-29.70749],[-69.89356,-29.69389],[-69.90944,-29.69788],[-69.93953,-29.65442],[-69.93174,-29.58591],[-69.95635,-29.53506],[-69.94743,-29.49045],[-69.95646,-29.46646],[-69.98187,-29.45223],[-69.96631,-29.41422],[-70.02128,-29.3844],[-70.01152,-29.36989],[-70.02176,-29.3586],[-70.01044,-29.3538],[-70.02091,-29.32969],[-69.99682,-29.30455],[-69.99799,-29.2858],[-69.93816,-29.24992],[-69.95269,-29.18917],[-69.92435,-29.18639],[-69.87612,-29.1389],[-69.78828,-29.13314],[-69.79365,-29.05105],[-69.78504,-29.01491],[-69.75441,-28.98424],[-69.7657,-28.89879],[-69.6929,-28.7709],[-69.70137,-28.75054],[-69.72925,-28.73745],[-69.73142,-28.68403],[-69.70149,-28.63987],[-69.70352,-28.62025],[-69.68716,-28.60359],[-69.69497,-28.59645],[-69.66233,-28.58301],[-69.66998,-28.55534],[-69.64986,-28.53766],[-69.66407,-28.52108],[-69.66474,-28.48218],[-69.6805,-28.47061],[-69.66072,-28.44564],[-69.63892,-28.44201],[-69.63257,-28.42942],[-69.65591,-28.41273],[-69.64887,-28.39615],[-69.62981,-28.39369]]]}},{"type":"Feature","properties":{"code":"70056","name":"Jáchal"},"geometry":{"type":"Polygon","coordinates":[[[-68.88726,-29.62037],[-68.86187,-29.63518],[-68.71532,-29.62468],[-68.68251,-29.64653],[-68.46771,-29.64429],[-68.25879,-29.74673],[-68.35801,-29.80574],[-68.29827,-29.86257],[-68.26545,-29.92661],[-68.25058,-29.92767],[-68.22729,-29.99707],[-68.17459,-29.95823],[-68.16213,-29.92032],[-68.13589,-29.9083],[-68.02978,-30.08696],[-68.00738,-30.19947],[-67.98135,-30.22555],[-67.95163,-30.22623],[-67.94232,-30.24622],[-67.91372,-30.24648],[-67.90508,-30.27757],[-67.86736,-30.29491],[-67.8551,-30.32895],[-67.81082,-30.37854],[-67.80782,-30.42902],[-67.78902,-30.44706],[-67.78906,-30.48213],[-67.76921,-30.49993],[-67.78234,-30.51031],[-67.76381,-30.5372],[-67.77671,-30.57226],[-67.7625,-30.59554],[-67.76222,-30.63624],[-67.74061,-30.66559],[-67.74144,-30.70233],[-67.60614,-30.83194],[-67.53057,-30.92955],[-68.42573,-30.92949],[-68.42553,-30.95336],[-68.4833,-30.9818],[-68.50006,-31.00435],[-68.75576,-31.00411],[-68.77261,-30.90498],[-68.76803,-30.8568],[-68.80037,-30.82926],[-68.79657,-30.80319],[-68.82013,-30.76121],[-68.82941,-30.69099],[-68.80598,-30.6703],[-68.80132,-30.62397],[-68.78107,-30.59789],[-69.00672,-30.54593],[-69.05707,-30.49537],[-69.06225,-30.46831],[-69.04956,-30.34355],[-69.06624,-30.3275],[-69.03916,-30.2949],[-69.0715,-30.07238],[-69.02987,-29.98443],[-69.0399,-29.94962],[-69.01439,-29.88146],[-69.02767,-29.87118],[-69.02012,-29.81484],[-69.03205,-29.76176],[-69.01477,-29.69912],[-69.02743,-29.68019],[-69.01414,-29.65991],[-69.01908,-29.65261],[-69.02058,-29.6363],[-69.01299,-29.65204],[-68.95746,-29.65754],[-68.93735,-29.65088],[-68.93479,-29.62013],[-68.90784,-29.61982],[-68.88435,-29.59258],[-68.88726,-29.62037]]]}},{"type":"Feature","properties":{"code":"70063","name":"9 de Julio"},"geometry":{"type":"Polygon","coordinates":[[[-68.38512,-31.55586],[-68.35824,-31.57629],[-68.33666,-31.66003],[-68.34869,-31.71208],[-68.38073,-31.7445],[-68.36305,-31.75517],[-68.37574,-31.79147],[-68.39176,-31.78592],[-68.38127,-31.76477],[-68.39339,-31.75263],[-68.38384,-31.75108],[-68.41666,-31.72755],[-68.4229,-31.70035],[-68.40843,-31.67125],[-68.44939,-31.5831],[-68.43154,-31.55118],[-68.41425,-31.55379],[-68.41272,-31.53145],[-68.38512,-31.55586]]]}},{"type":"Feature","properties":{"code":"70070","name":"Pocito"},"geometry":{"type":"Polygon","coordinates":[[[-68.60152,-31.57089],[-68.51622,-31.59618],[-68.53222,-31.62991],[-68.50503,-31.63813],[-68.52048,-31.67181],[-68.49089,-31.79002],[-68.45413,-31.81767],[-68.43323,-31.88799],[-68.44317,-31.87544],[-68.54148,-31.87276],[-68.68891,-31.90717],[-68.67084,-31.85734],[-68.66381,-31.73664],[-68.71109,-31.64477],[-68.69488,-31.62121],[-68.63208,-31.6212],[-68.63183,-31.60389],[-68.60152,-31.57089]]]}},{"type":"Feature","properties":{"code":"70077","name":"Rawson"},"geometry":{"type":"Polygon","coordinates":[[[-68.55126,-31.56079],[-68.47324,-31.55643],[-68.43157,-31.60661],[-68.40843,-31.67125],[-68.4229,-31.70035],[-68.41666,-31.72755],[-68.3912,-31.74152],[-68.38127,-31.76477],[-68.39195,-31.78046],[-68.37983,-31.80946],[-68.41072,-31.8343],[-68.49089,-31.79002],[-68.52048,-31.67181],[-68.50503,-31.63813],[-68.53222,-31.62991],[-68.51622,-31.59618],[-68.60152,-31.57089],[-68.60851,-31.54361],[-68.55126,-31.56079]]]}},{"type":"Feature","properties":{"code":"70084","name":"Rivadavia"},"geometry":{"type":"Polygon","coordinates":[[[-68.64209,-31.50247],[-68.55892,-31.51089],[-68.56873,-31.5346],[-68.54767,-31.56197],[-68.60851,-31.54361],[-68.60152,-31.57089],[-68.63183,-31.60389],[-68.63208,-31.6212],[-68.69488,-31.62121],[-68.6865,-31.5645],[-68.70776,-31.56375],[-68.65171,-31.47236],[-68.64209,-31.50247]]]}},{"type":"Feature","properties":{"code":"70091","name":"San Martín"},"geometry":{"type":"Polygon","coordinates":[[[-68.44219,-31.459],[-68.01931,-31.46199],[-68.04068,-31.53006],[-68.03053,-31.56699],[-67.98393,-31.6305],[-68.37569,-31.56834],[-68.44089,-31.501],[-68.46075,-31.46312],[-68.44219,-31.459]]]}},{"type":"Feature","properties":{"code":"70098","name":"Santa Lucía"},"geometry":{"type":"Polygon","coordinates":[[[-68.43066,-31.5082],[-68.41272,-31.53145],[-68.41405,-31.55298],[-68.43154,-31.55118],[-68.44695,-31.57857],[-68.50637,-31.5466],[-68.50864,-31.50492],[-68.47172,-31.49728],[-68.43066,-31.5082]]]}},{"type":"Feature","properties":{"code":"70105","name":"Sarmiento"},"geometry":{"type":"Polygon","coordinates":[[[-68.41192,-31.833],[-68.39026,-31.85926],[-68.35776,-31.8593],[-68.34638,-31.9152],[-68.30283,-31.95188],[-68.28277,-32.02069],[-68.26651,-32.03174],[-68.27288,-32.05631],[-68.33201,-32.11008],[-68.33093,-32.12864],[-68.30412,-32.13769],[-68.24793,-32.09155],[-68.30106,-32.13919],[-68.46121,-32.13919],[-68.46121,-32.23805],[-68.66571,-32.3371],[-68.91761,-32.33804],[-68.91762,-32.11465],[-69.01315,-32.11594],[-69.12645,-32.00191],[-69.1095,-31.93619],[-69.11764,-31.90806],[-68.68891,-31.90717],[-68.54148,-31.87276],[-68.44317,-31.87544],[-68.43323,-31.88799],[-68.45413,-31.81767],[-68.41192,-31.833]]]}},{"type":"Feature","properties":{"code":"70112","name":"Ullum"},"geometry":{"type":"Polygon","coordinates":[[[-68.811,-30.67287],[-68.82941,-30.69099],[-68.82625,-30.73346],[-68.79657,-30.80319],[-68.79943,-30.83149],[-68.76803,-30.8568],[-68.77261,-30.90498],[-68.75576,-31.00411],[-68.50006,-31.00435],[-68.51669,-31.06327],[-68.51243,-31.09965],[-68.53898,-31.17687],[-68.54788,-31.28596],[-68.58775,-31.35965],[-68.60524,-31.45065],[-68.64209,-31.50247],[-68.65431,-31.47229],[-68.67776,-31.49591],[-68.80548,-31.52029],[-68.8575,-31.51142],[-68.99536,-31.52],[-69.00555,-31.36504],[-69.03224,-31.31661],[-69.10843,-31.28129],[-69.11081,-31.26231],[-69.19617,-31.24694],[-69.21193,-31.25572],[-69.24606,-31.21455],[-69.25048,-31.18977],[-69.22608,-31.1492],[-69.21585,-31.09578],[-69.17927,-31.05067],[-69.14422,-30.96288],[-69.14793,-30.92],[-69.11668,-30.86599],[-69.12165,-30.83125],[-69.08859,-30.72886],[-69.12061,-30.65034],[-69.11607,-30.6273],[-69.05435,-30.62692],[-69.06597,-30.55297],[-68.9849,-30.5518],[-68.78107,-30.59789],[-68.80057,-30.62209],[-68.811,-30.67287]]]}},{"type":"Feature","properties":{"code":"70119","name":"Valle Fértil"},"geometry":{"type":"Polygon","coordinates":[[[-68.25094,-29.78192],[-68.199,-29.78109],[-68.1852,-29.80298],[-68.18437,-29.84813],[-68.15879,-29.88543],[-68.10519,-29.88424],[-68.05433,-29.9003],[-67.99009,-29.9881],[-67.93054,-30.03022],[-67.8983,-30.0743],[-67.87736,-30.07513],[-67.59087,-30.29815],[-67.57801,-30.40418],[-67.4948,-30.53633],[-67.41009,-30.62747],[-67.28279,-30.69528],[-67.12884,-30.89563],[-67.08207,-30.9161],[-67.11644,-31.016],[-67.06677,-31.08317],[-67.10123,-31.38299],[-67.07825,-31.434],[-67.28063,-31.4484],[-67.35416,-31.4093],[-67.38819,-31.35213],[-67.40894,-31.28971],[-67.40249,-31.2755],[-67.43929,-31.20944],[-67.43387,-31.13355],[-67.44498,-31.09752],[-67.46997,-31.08027],[-67.45158,-31.06236],[-67.49984,-31.02695],[-67.5077,-30.98852],[-67.49445,-30.97888],[-67.49745,-30.95551],[-67.74144,-30.70233],[-67.74061,-30.66559],[-67.76222,-30.63624],[-67.7625,-30.59554],[-67.77671,-30.57226],[-67.76381,-30.5372],[-67.78234,-30.51031],[-67.76921,-30.49993],[-67.78906,-30.48213],[-67.78902,-30.44706],[-67.80782,-30.42902],[-67.81082,-30.37854],[-67.8551,-30.32895],[-67.86736,-30.29491],[-67.90508,-30.27757],[-67.91372,-30.24648],[-67.94232,-30.24622],[-67.95163,-30.22623],[-67.98135,-30.22555],[-68.00738,-30.19947],[-68.02978,-30.08696],[-68.13589,-29.9083],[-68.16213,-29.92032],[-68.17459,-29.95823],[-68.22729,-29.99707],[-68.25058,-29.92767],[-68.26545,-29.92661],[-68.29827,-29.86257],[-68.35819,-29.80533],[-68.25879,-29.74673],[-68.26777,-29.75861],[-68.25094,-29.78192]]]}},{"type":"Feature","properties":{"code":"70126","name":"25 de Mayo"},"geometry":{"type":"Polygon","coordinates":[[[-68.32763,-31.69779],[-67.23988,-31.88006],[-67.37924,-31.86812],[-67.36523,-31.9759],[-67.38379,-32.12521],[-67.38019,-32.22376],[-67.37039,-32.24628],[-67.27801,-32.29232],[-67.2638,-32.38186],[-67.31788,-32.38204],[-67.33238,-32.3501],[-67.47291,-32.30669],[-67.48792,-32.26125],[-67.5224,-32.22117],[-67.54651,-32.2403],[-67.59693,-32.24628],[-67.60711,-32.23236],[-67.64772,-32.24],[-67.6763,-32.2252],[-67.71162,-32.24567],[-67.72938,-32.24086],[-67.73533,-32.22304],[-67.77166,-32.22541],[-67.77289,-32.23552],[-67.79126,-32.22348],[-67.83106,-32.22653],[-67.83826,-32.21509],[-67.84862,-32.22293],[-67.87287,-32.18801],[-67.91652,-32.17517],[-67.93816,-32.13904],[-67.92957,-32.12115],[-67.94394,-32.11135],[-67.9628,-32.11914],[-67.95736,-32.09251],[-67.98927,-32.09718],[-68.00579,-32.07973],[-68.03283,-32.08574],[-68.0529,-32.07104],[-68.07325,-32.09897],[-68.08069,-32.08459],[-68.09761,-32.09221],[-68.09312,-32.10091],[-68.12279,-32.09977],[-68.15284,-32.11935],[-68.18817,-32.10918],[-68.20543,-32.12117],[-68.24793,-32.09155],[-68.30412,-32.13769],[-68.33093,-32.12864],[-68.33201,-32.11008],[-68.27288,-32.05631],[-68.26651,-32.03174],[-68.28277,-32.02069],[-68.30283,-31.95188],[-68.34638,-31.9152],[-68.35776,-31.8593],[-68.39026,-31.85926],[-68.41072,-31.8343],[-68.37783,-31.8046],[-68.38607,-31.79073],[-68.37359,-31.79023],[-68.37896,-31.77596],[-68.36305,-31.75517],[-68.38003,-31.74283],[-68.34689,-31.6947],[-68.32763,-31.69779]]]}},{"type":"Feature","properties":{"code":"70133","name":"Zonda"},"geometry":{"type":"Polygon","coordinates":[[[-69.19617,-31.24694],[-69.11081,-31.26231],[-69.10843,-31.28129],[-69.0283,-31.32193],[-69.00555,-31.36504],[-68.99536,-31.52],[-68.8575,-31.51142],[-68.80548,-31.52029],[-68.67776,-31.49591],[-68.65171,-31.47236],[-68.70776,-31.56375],[-68.6865,-31.5645],[-68.71116,-31.64616],[-68.66381,-31.73664],[-68.67084,-31.85734],[-68.68891,-31.90717],[-69.11764,-31.90806],[-69.10231,-31.85026],[-69.13459,-31.78453],[-69.13463,-31.75864],[-69.16207,-31.72549],[-69.15723,-31.58149],[-69.19104,-31.53123],[-69.18843,-31.51521],[-69.20328,-31.50927],[-69.2192,-31.45619],[-69.20514,-31.43141],[-69.21608,-31.40168],[-69.19905,-31.37804],[-69.21864,-31.3404],[-69.20694,-31.32211],[-69.21713,-31.28472],[-69.21193,-31.25572],[-69.19617,-31.24694]]]}},{"type":"Feature","properties":{"code":"74007","name":"Ayacucho"},"geometry":{"type":"Polygon","coordinates":[[[-67.05547,-31.85605],[-67.00593,-31.85536],[-66.8857,-31.89769],[-66.60454,-31.92338],[-66.60477,-31.93435],[-66.56882,-31.94981],[-66.36695,-31.99802],[-66.34944,-31.9984],[-66.33746,-31.94321],[-66.29903,-31.93131],[-66.16019,-31.96279],[-66.16103,-31.94034],[-66.13912,-31.94098],[-66.07925,-31.97193],[-66.06924,-31.93647],[-65.97903,-31.88916],[-65.91491,-31.90992],[-65.82506,-31.89707],[-65.81121,-32.05926],[-65.72427,-32.05161],[-65.68387,-32.06265],[-65.71733,-32.21191],[-65.78029,-32.23987],[-65.75771,-32.2436],[-65.75766,-32.2659],[-65.76646,-32.26233],[-65.78839,-32.30985],[-65.827,-32.32226],[-65.83657,-32.38235],[-65.93185,-32.40208],[-65.95697,-32.43048],[-66.00407,-32.58269],[-65.99677,-32.61274],[-66.02099,-32.63755],[-66.06928,-32.60975],[-66.10055,-32.63206],[-66.13317,-32.76056],[-66.16758,-32.73804],[-66.14402,-32.67609],[-66.15382,-32.64948],[-66.18549,-32.65107],[-66.18755,-32.58832],[-66.22847,-32.55739],[-66.25588,-32.57127],[-66.20825,-32.50506],[-66.21954,-32.43262],[-66.19737,-32.34439],[-66.43591,-32.33593],[-66.64663,-32.36524],[-66.92448,-32.36274],[-67.01064,-32.3892],[-67.03801,-32.37202],[-67.15872,-32.37173],[-67.26623,-32.33935],[-67.27801,-32.29232],[-67.37039,-32.24628],[-67.38379,-32.12521],[-67.36523,-31.9759],[-67.37924,-31.86812],[-67.24154,-31.8808],[-67.13673,-31.8338],[-67.05547,-31.85605]]]}},{"type":"Feature","properties":{"code":"74014","name":"Belgrano"},"geometry":{"type":"Polygon","coordinates":[[[-66.39676,-32.33987],[-66.19737,-32.34439],[-66.21954,-32.43262],[-66.20825,-32.50506],[-66.25588,-32.57127],[-66.22847,-32.55739],[-66.20288,-32.57244],[-66.23617,-32.61441],[-66.24278,-32.68404],[-66.23819,-32.71213],[-66.21129,-32.73108],[-66.22687,-32.83273],[-66.20954,-32.86738],[-66.21697,-32.91258],[-66.19828,-32.91547],[-66.18793,-32.95117],[-66.18661,-32.99081],[-66.20827,-33.02025],[-66.20036,-33.03194],[-66.21517,-33.1293],[-66.36107,-33.12869],[-66.36321,-33.10179],[-66.50111,-33.1033],[-66.51538,-33.10854],[-66.51298,-33.13128],[-66.58067,-33.18516],[-66.57949,-33.20658],[-66.66774,-33.16762],[-66.68176,-33.13871],[-66.80006,-33.11503],[-66.80995,-33.1704],[-66.97335,-33.1408],[-66.97259,-33.09972],[-67.01441,-33.10459],[-67.01958,-33.07916],[-67.18348,-33.08702],[-67.17691,-33.06472],[-67.19799,-33.04417],[-67.18337,-33.0392],[-67.17929,-33.00351],[-67.20138,-32.97331],[-67.21215,-32.91167],[-67.23114,-32.89785],[-67.23199,-32.86504],[-67.17798,-32.82035],[-67.18612,-32.76971],[-67.16633,-32.75872],[-67.18832,-32.69719],[-67.22498,-32.68217],[-67.23768,-32.63443],[-67.25687,-32.62553],[-67.24404,-32.60315],[-67.2687,-32.5701],[-67.26281,-32.55315],[-67.28039,-32.53467],[-67.29734,-32.53613],[-67.28314,-32.51272],[-67.30145,-32.47066],[-67.28926,-32.44307],[-67.31013,-32.42474],[-67.31774,-32.38203],[-67.2638,-32.38186],[-67.26622,-32.33935],[-67.15872,-32.37173],[-67.03801,-32.37202],[-67.01064,-32.3892],[-66.92448,-32.36274],[-66.64663,-32.36524],[-66.54583,-32.34452],[-66.39676,-32.33987]]]}},{"type":"Feature","properties":{"code":"74021","name":"Coronel Pringles"},"geometry":{"type":"Polygon","coordinates":[[[-66.20161,-32.58215],[-66.18348,-32.60197],[-66.18549,-32.65107],[-66.15382,-32.64948],[-66.14402,-32.67607],[-66.16668,-32.74028],[-66.08574,-32.78221],[-66.0851,-32.79721],[-66.02566,-32.7901],[-66.01191,-32.80771],[-65.99949,-32.80175],[-65.96848,-32.82215],[-65.94308,-32.81211],[-65.935,-32.83006],[-65.86423,-32.85108],[-65.83825,-32.79457],[-65.83335,-32.81327],[-65.77266,-32.82793],[-65.71856,-32.89742],[-65.71776,-32.92573],[-65.66665,-32.94328],[-65.63552,-32.93805],[-65.61997,-32.91951],[-65.61169,-32.87223],[-65.53183,-32.8811],[-65.50981,-32.89914],[-65.56587,-32.94293],[-65.57801,-33.01218],[-65.56,-33.00641],[-65.55105,-33.01936],[-65.57077,-33.05676],[-65.60813,-33.0545],[-65.60558,-33.07474],[-65.61663,-33.07556],[-65.59947,-33.18966],[-65.62646,-33.23199],[-65.60779,-33.2856],[-65.61325,-33.33436],[-65.56371,-33.41178],[-65.557,-33.46982],[-65.73547,-33.46999],[-65.73445,-33.45672],[-65.75662,-33.46133],[-65.76801,-33.4388],[-65.78361,-33.44847],[-65.78664,-33.43846],[-65.79291,-33.50747],[-66.04787,-33.37588],[-66.11012,-33.38343],[-66.1235,-33.3651],[-66.10254,-33.27729],[-66.10542,-33.22191],[-66.18015,-33.23953],[-66.22831,-33.16858],[-66.21525,-33.08433],[-66.20414,-33.07702],[-66.2048,-33.00243],[-66.18661,-32.99081],[-66.19335,-32.92367],[-66.21697,-32.91258],[-66.20954,-32.86738],[-66.22687,-32.83273],[-66.21129,-32.73108],[-66.23819,-32.71213],[-66.24278,-32.68404],[-66.23617,-32.61441],[-66.22297,-32.58469],[-66.20288,-32.57244],[-66.20161,-32.58215]]]}},{"type":"Feature","properties":{"code":"74028","name":"Chacabuco"},"geometry":{"type":"Polygon","coordinates":[[[-64.91945,-32.47936],[-64.88457,-32.52424],[-64.88275,-32.57079],[-64.91909,-32.61422],[-64.90992,-32.64217],[-64.92439,-32.65871],[-64.90946,-32.6854],[-64.94819,-32.72284],[-64.94462,-32.76734],[-64.97424,-32.8267],[-64.96263,-32.86123],[-64.99278,-32.94517],[-65.01389,-32.9618],[-65.07102,-32.96807],[-65.06443,-32.94212],[-65.12672,-32.94901],[-65.17005,-32.92601],[-65.28323,-32.90656],[-65.28501,-32.92266],[-65.35807,-32.90827],[-65.37978,-32.94361],[-65.43587,-32.96965],[-65.43604,-32.95972],[-65.47904,-32.95984],[-65.57801,-33.01218],[-65.56587,-32.94293],[-65.5089,-32.90144],[-65.51273,-32.85707],[-65.49432,-32.84592],[-65.49044,-32.77448],[-65.45279,-32.75842],[-65.4681,-32.70711],[-65.44497,-32.69078],[-65.44484,-32.65541],[-65.4289,-32.62979],[-65.40642,-32.61779],[-65.40602,-32.53307],[-65.34857,-32.5526],[-65.32969,-32.53215],[-65.30014,-32.52754],[-65.2613,-32.54682],[-65.23886,-32.49328],[-65.22245,-32.48463],[-65.15125,-32.5014],[-65.14943,-32.48698],[-65.0848,-32.49886],[-65.08156,-32.46794],[-65.01411,-32.48304],[-65.00728,-32.4732],[-64.9995,-32.48252],[-64.91945,-32.47936]]]}},{"type":"Feature","properties":{"code":"74035","name":"General Pedernera"},"geometry":{"type":"Polygon","coordinates":[[[-65.22539,-32.91876],[-65.17005,-32.92601],[-65.12672,-32.94901],[-65.06443,-32.94212],[-65.07102,-32.96807],[-65.01389,-32.9618],[-65.02148,-32.97709],[-64.9997,-33.00266],[-65.04491,-33.06251],[-65.0708,-33.13828],[-65.143,-33.19477],[-65.10923,-33.95057],[-65.1059,-34.65324],[-65.25198,-34.65296],[-65.25249,-34.66778],[-65.56798,-34.66887],[-65.56816,-34.69479],[-65.6698,-34.69272],[-65.66983,-34.7123],[-66.00965,-34.71235],[-66.01297,-34.42145],[-66.00715,-34.40102],[-65.99609,-34.40105],[-65.9956,-34.34642],[-66.00532,-34.04401],[-66.03739,-34.04439],[-66.03799,-34.00694],[-66.14237,-34.0072],[-66.1473,-33.95079],[-66.11949,-33.86057],[-66.13984,-33.83999],[-66.22016,-33.83707],[-66.16556,-33.65481],[-66.18998,-33.65579],[-66.15628,-33.56509],[-66.15673,-33.44638],[-66.13569,-33.38987],[-66.0486,-33.3756],[-65.79291,-33.50747],[-65.78664,-33.43846],[-65.78361,-33.44847],[-65.76801,-33.4388],[-65.75662,-33.46133],[-65.73445,-33.45672],[-65.73547,-33.46999],[-65.557,-33.46982],[-65.56371,-33.41178],[-65.61276,-33.33642],[-65.60779,-33.2856],[-65.62642,-33.23383],[-65.59949,-33.19014],[-65.61663,-33.07556],[-65.60558,-33.07474],[-65.60813,-33.0545],[-65.57077,-33.05676],[-65.55105,-33.01936],[-65.56,-33.00641],[-65.47904,-32.95984],[-65.43604,-32.95972],[-65.43587,-32.96965],[-65.37978,-32.94361],[-65.35807,-32.90827],[-65.28501,-32.92266],[-65.28323,-32.90656],[-65.22539,-32.91876]]]}},{"type":"Feature","properties":{"code":"74042","name":"Gobernador Dupuy"},"geometry":{"type":"Polygon","coordinates":[[[-65.1059,-34.65324],[-65.10781,-35.99906],[-66.63785,-36.00059],[-66.61871,-35.96527],[-66.62887,-35.92859],[-66.61811,-35.90303],[-66.62224,-35.84836],[-66.58945,-35.79442],[-66.58058,-35.70378],[-66.54767,-35.63877],[-66.56473,-35.61908],[-66.57024,-35.58116],[-66.52515,-35.5402],[-66.51707,-35.47072],[-66.52973,-35.44281],[-66.5081,-35.39747],[-66.49556,-35.31054],[-66.51951,-35.27429],[-66.48416,-35.24081],[-66.49683,-35.17286],[-66.478,-35.14187],[-66.49784,-35.10765],[-66.4881,-35.09539],[-66.50705,-35.09065],[-66.51454,-35.05206],[-66.5266,-35.04898],[-66.52262,-35.01976],[-66.54092,-35.01487],[-66.53231,-35.00529],[-66.54567,-34.96929],[-66.52492,-34.9436],[-66.55474,-34.91051],[-66.54452,-34.88212],[-66.56116,-34.83275],[-66.60253,-34.80212],[-66.59516,-34.79104],[-66.60668,-34.77408],[-66.64967,-34.75833],[-66.64735,-34.7434],[-66.52912,-34.81262],[-66.44476,-34.82397],[-66.09944,-34.77237],[-65.97642,-34.77861],[-65.97524,-34.71253],[-65.66983,-34.7123],[-65.6698,-34.69272],[-65.56816,-34.69479],[-65.56798,-34.66887],[-65.25249,-34.66778],[-65.25198,-34.65296],[-65.1059,-34.65324]]]}},{"type":"Feature","properties":{"code":"74049","name":"Junín"},"geometry":{"type":"Polygon","coordinates":[[[-65.77547,-31.8891],[-65.62804,-31.89863],[-65.31264,-32.04208],[-65.24583,-32.08901],[-65.23506,-32.11092],[-65.24194,-32.12423],[-65.2249,-32.1678],[-65.23223,-32.20999],[-65.20833,-32.24918],[-65.21918,-32.27949],[-65.21205,-32.32674],[-65.05685,-32.314],[-64.97718,-32.32135],[-64.94141,-32.29834],[-64.92278,-32.33031],[-64.92984,-32.42325],[-64.91945,-32.47936],[-64.9995,-32.48252],[-65.00728,-32.4732],[-65.01411,-32.48304],[-65.08156,-32.46794],[-65.0848,-32.49886],[-65.14943,-32.48698],[-65.15125,-32.5014],[-65.22245,-32.48463],[-65.23886,-32.49328],[-65.26101,-32.54678],[-65.30014,-32.52754],[-65.32969,-32.53215],[-65.34857,-32.5526],[-65.42527,-32.53583],[-65.43596,-32.52393],[-65.4187,-32.51127],[-65.43027,-32.46683],[-65.40467,-32.44907],[-65.41118,-32.42694],[-65.38493,-32.40408],[-65.37596,-32.36587],[-65.40881,-32.35568],[-65.41762,-32.33963],[-65.4051,-32.26855],[-65.45602,-32.26872],[-65.47071,-32.2569],[-65.4751,-32.27675],[-65.58066,-32.26421],[-65.58451,-32.25006],[-65.69276,-32.22831],[-65.69828,-32.20369],[-65.71733,-32.21191],[-65.68387,-32.06265],[-65.72427,-32.05161],[-65.81121,-32.05926],[-65.82172,-32.01589],[-65.8264,-31.8974],[-65.77547,-31.8891]]]}},{"type":"Feature","properties":{"code":"74056","name":"Juan Martín de Pueyrredón"},"geometry":{"type":"Polygon","coordinates":[[[-67.01398,-33.08572],[-67.01441,-33.10459],[-66.97259,-33.09972],[-66.97335,-33.1408],[-66.92435,-33.14702],[-66.92599,-33.15631],[-66.80995,-33.1704],[-66.80006,-33.11503],[-66.68176,-33.13871],[-66.66774,-33.16762],[-66.57949,-33.20658],[-66.58067,-33.18516],[-66.51298,-33.13128],[-66.51538,-33.10854],[-66.36321,-33.10179],[-66.36107,-33.12869],[-66.21517,-33.1293],[-66.22831,-33.16858],[-66.18015,-33.23953],[-66.10542,-33.22191],[-66.10254,-33.27729],[-66.12366,-33.36476],[-66.11012,-33.38343],[-66.13569,-33.38987],[-66.15673,-33.44638],[-66.15628,-33.56509],[-66.18998,-33.65579],[-66.16556,-33.65481],[-66.22016,-33.83707],[-66.13984,-33.83999],[-66.11949,-33.86057],[-66.1473,-33.95079],[-66.14237,-34.0072],[-66.03799,-34.00694],[-66.03739,-34.04439],[-66.00532,-34.04401],[-65.9956,-34.34642],[-65.99609,-34.40105],[-66.00715,-34.40102],[-66.01297,-34.42145],[-66.00965,-34.71235],[-65.97524,-34.71254],[-65.97642,-34.77861],[-66.09944,-34.77237],[-66.44702,-34.8239],[-66.53008,-34.81215],[-66.64735,-34.7434],[-66.64329,-34.7134],[-66.69011,-34.69073],[-66.71204,-34.62838],[-66.70306,-34.61978],[-66.7266,-34.61024],[-66.72916,-34.58513],[-66.76517,-34.55092],[-66.75437,-34.44312],[-66.79531,-34.41137],[-66.77517,-34.41004],[-66.76418,-34.37905],[-66.78687,-34.37768],[-66.81189,-34.34367],[-66.79953,-34.33574],[-66.8028,-34.30572],[-66.77612,-34.29861],[-66.80119,-34.25837],[-66.78426,-34.23256],[-66.74645,-34.23562],[-66.748,-34.22245],[-66.71888,-34.21193],[-66.72946,-34.20739],[-66.71853,-34.18848],[-66.73029,-34.18206],[-66.71134,-34.14734],[-66.73374,-34.13696],[-66.71211,-34.10104],[-66.71567,-34.05777],[-66.69933,-34.04655],[-66.70825,-34.02473],[-66.66321,-33.98628],[-66.66659,-33.95737],[-66.67586,-33.94162],[-66.72275,-33.93533],[-66.73588,-33.91151],[-66.76858,-33.90209],[-66.80439,-33.86091],[-66.87326,-33.83295],[-66.88284,-33.7693],[-66.94945,-33.73133],[-66.97369,-33.68927],[-67.00482,-33.66731],[-66.99847,-33.63273],[-67.03804,-33.60618],[-67.06894,-33.56645],[-67.06591,-33.54998],[-67.09277,-33.53878],[-67.09598,-33.5035],[-67.1324,-33.47044],[-67.15261,-33.41215],[-67.15243,-33.32555],[-67.17043,-33.3021],[-67.18018,-33.25224],[-67.18222,-33.1994],[-67.16722,-33.16618],[-67.18433,-33.12892],[-67.18348,-33.08702],[-67.01398,-33.08572]]]}},{"type":"Feature","properties":{"code":"74063","name":"Libertador General San Martín"},"geometry":{"type":"Polygon","coordinates":[[[-65.40824,-32.53619],[-65.40642,-32.61779],[-65.4289,-32.62979],[-65.44484,-32.65541],[-65.44497,-32.69078],[-65.4681,-32.70711],[-65.45279,-32.75842],[-65.49044,-32.77448],[-65.49432,-32.84592],[-65.51273,-32.85707],[-65.50804,-32.89031],[-65.61169,-32.87223],[-65.61997,-32.91951],[-65.648,-32.94304],[-65.71776,-32.92573],[-65.71856,-32.89742],[-65.77266,-32.82793],[-65.83335,-32.81327],[-65.83825,-32.79457],[-65.86423,-32.85108],[-65.935,-32.83006],[-65.94308,-32.81211],[-65.96848,-32.82215],[-65.99949,-32.80175],[-66.01191,-32.80771],[-66.02566,-32.7901],[-66.0851,-32.79721],[-66.08573,-32.78221],[-66.13532,-32.75748],[-66.10055,-32.63206],[-66.06928,-32.60975],[-66.02099,-32.63755],[-65.99677,-32.61274],[-66.00407,-32.58269],[-65.95697,-32.43048],[-65.93185,-32.40208],[-65.83657,-32.38235],[-65.827,-32.32226],[-65.78839,-32.30985],[-65.76646,-32.26233],[-65.75766,-32.2659],[-65.75771,-32.2436],[-65.78029,-32.23987],[-65.69828,-32.20369],[-65.69276,-32.22831],[-65.58451,-32.25006],[-65.58066,-32.26421],[-65.4751,-32.27675],[-65.47071,-32.2569],[-65.45602,-32.26872],[-65.4051,-32.26855],[-65.41762,-32.33963],[-65.40881,-32.35568],[-65.37596,-32.36587],[-65.38493,-32.40408],[-65.41118,-32.42694],[-65.40467,-32.44907],[-65.43027,-32.46683],[-65.4187,-32.51127],[-65.43596,-32.52393],[-65.40824,-32.53619]]]}},{"type":"Feature","properties":{"code":"78007","name":"Corpen Aike"},"geometry":{"type":"Polygon","coordinates":[[[-69.75825,-49.20867],[-69.75784,-49.31824],[-68.82683,-49.31679],[-68.82262,-49.45485],[-67.67589,-49.44187],[-67.72049,-49.63596],[-67.71545,-49.69943],[-67.72967,-49.7759],[-67.8364,-49.94461],[-67.91699,-50.0053],[-68.0395,-50.06817],[-68.1435,-50.10437],[-68.32661,-50.12298],[-68.35295,-50.1176],[-68.36938,-50.08728],[-68.41638,-50.05902],[-68.46259,-49.98291],[-68.49921,-49.9458],[-68.53192,-49.93359],[-68.55829,-49.87219],[-68.60718,-49.82562],[-68.62671,-49.7865],[-68.64319,-49.77942],[-68.57141,-49.93683],[-68.65912,-49.9649],[-68.87451,-49.96582],[-68.89612,-49.9715],[-68.9328,-50],[-68.85907,-49.96918],[-68.67291,-49.99329],[-68.58069,-49.96442],[-68.50928,-50.01978],[-68.51312,-50.0531],[-68.4903,-50.08801],[-68.39679,-50.13141],[-68.36078,-50.13538],[-68.35819,-50.15892],[-68.40721,-50.18624],[-68.63392,-50.24882],[-68.69165,-50.27627],[-68.77326,-50.28815],[-68.88001,-50.33562],[-68.87931,-50.36085],[-68.9066,-50.36346],[-68.97099,-50.41987],[-69.07922,-50.56515],[-69.13987,-50.72228],[-69.13854,-50.76562],[-70.64604,-50.73676],[-70.58076,-49.20388],[-69.75825,-49.20867]]]}},{"type":"Feature","properties":{"code":"78014","name":"Deseado"},"geometry":{"type":"MultiPolygon","coordinates":[[[[-67.59519,-46.00423],[-67.58597,-46.02228],[-67.62402,-46.04874],[-67.61494,-46.06574],[-67.62724,-46.08363],[-67.61367,-46.23144],[-67.56737,-46.34907],[-67.44028,-46.54854],[-67.35532,-46.61884],[-67.25446,-46.64623],[-67.23052,-46.67401],[-67.20063,-46.67362],[-67.12163,-46.70744],[-67.12515,-46.72322],[-67.09554,-46.73502],[-67.09977,-46.74859],[-67.08177,-46.75024],[-67.07561,-46.77403],[-67.02747,-46.81486],[-66.98494,-46.82881],[-66.97355,-46.84907],[-66.95092,-46.84698],[-66.89941,-46.91201],[-66.85886,-46.93279],[-66.79193,-46.99914],[-66.7101,-47.03309],[-66.65916,-47.03015],[-66.63051,-47.04579],[-66.49778,-47.03828],[-66.1977,-47.0874],[-65.94069,-47.07218],[-65.90302,-47.09547],[-65.86738,-47.0921],[-65.86475,-47.10633],[-65.84668,-47.10913],[-65.84163,-47.13938],[-65.73556,-47.20197],[-65.75772,-47.22206],[-65.71785,-47.33216],[-65.7398,-47.51024],[-65.84489,-47.73462],[-65.83864,-47.74682],[-65.8996,-47.75873],[-66.0014,-47.7453],[-66.00098,-47.73297],[-66.00531,-47.73077],[-66.00232,-47.74371],[-66.03442,-47.74408],[-66.10529,-47.79901],[-66.12341,-47.80798],[-66.15039,-47.80701],[-66.19501,-47.82001],[-66.2818,-47.86877],[-66.19019,-47.82953],[-66.0882,-47.81299],[-65.97809,-47.7627],[-65.95178,-47.75897],[-65.94031,-47.76691],[-65.9104,-47.7619],[-65.87365,-47.76502],[-65.89826,-47.76709],[-65.88002,-47.77424],[-65.87909,-47.79922],[-65.86504,-47.80108],[-65.87573,-47.80964],[-65.84454,-47.89349],[-65.76146,-47.91622],[-65.79063,-47.93168],[-65.76509,-47.95014],[-65.80429,-47.96085],[-65.8401,-47.96373],[-65.83883,-47.94217],[-65.86007,-47.93773],[-65.86774,-47.9487],[-65.89706,-47.93157],[-65.94122,-47.95428],[-65.9514,-47.97714],[-65.92412,-47.99024],[-65.94293,-48.00393],[-65.93187,-48.01721],[-65.95324,-48.01446],[-65.94087,-48.03085],[-65.9803,-48.05098],[-65.90437,-48.08037],[-65.89424,-48.10135],[-65.91776,-48.09682],[-65.9081,-48.10561],[-65.94012,-48.11251],[-65.94091,-48.12473],[-65.9528,-48.10293],[-65.97553,-48.09999],[-66.11798,-48.122],[-66.14462,-48.16458],[-66.16429,-48.17267],[-66.15993,-48.19046],[-66.22825,-48.2013],[-66.26265,-48.23795],[-66.33756,-48.27716],[-66.36018,-48.31472],[-66.33388,-48.35468],[-66.343,-48.3688],[-66.34986,-48.35507],[-66.44804,-48.35231],[-66.47481,-48.36615],[-66.46708,-48.40014],[-66.49435,-48.41747],[-66.6419,-48.43098],[-66.73642,-48.46507],[-66.77164,-48.49836],[-66.83105,-48.52304],[-66.87007,-48.58273],[-67.17193,-48.48388],[-67.55312,-48.11298],[-67.58742,-48.11235],[-67.61612,-48.09166],[-68.18558,-48.44458],[-68.33544,-48.37961],[-69.35534,-48.43832],[-69.73441,-48.32208],[-69.70757,-47.23469],[-69.68665,-47.1613],[-69.6562,-45.99994],[-67.59519,-46.00423]]],[[[-65.99021,-47.76168],[-66.00306,-47.77211],[-66.05481,-47.78642],[-66.03894,-47.76757],[-65.99021,-47.76168]]],[[[-65.7141,-47.90958],[-65.71069,-47.91438],[-65.72606,-47.91148],[-65.7168,-47.90525],[-65.7141,-47.90958]]],[[[-66.15527,-47.81534],[-66.1603,-47.81335],[-66.14425,-47.81046],[-66.15117,-47.81456],[-66.15527,-47.81534]]],[[[-65.93427,-47.76216],[-65.93855,-47.76587],[-65.94772,-47.75996],[-65.9409,-47.75812],[-65.93427,-47.76216]]],[[[-66.06522,-47.78159],[-66.07326,-47.78374],[-66.08006,-47.78288],[-66.06587,-47.77625],[-66.06522,-47.78159]]],[[[-66.16946,-47.81887],[-66.17701,-47.8185],[-66.16208,-47.81664],[-66.16324,-47.81754],[-66.16946,-47.81887]]],[[[-66.0568,-47.77422],[-66.06007,-47.77339],[-66.05246,-47.76846],[-66.05293,-47.77036],[-66.0568,-47.77422]]],[[[-65.89648,-48.07658],[-65.89834,-48.07916],[-65.90244,-48.07733],[-65.89801,-48.07368],[-65.89648,-48.07658]]],[[[-65.74012,-47.92043],[-65.74229,-47.92091],[-65.73673,-47.91486],[-65.73614,-47.91613],[-65.74012,-47.92043]]],[[[-65.96764,-47.75249],[-65.96541,-47.75198],[-65.96371,-47.75301],[-65.96995,-47.75506],[-65.96764,-47.75249]]],[[[-65.8886,-48.08334],[-65.88934,-48.08633],[-65.89655,-48.08337],[-65.8907,-48.0824],[-65.8886,-48.08334]]],[[[-65.86453,-47.96061],[-65.86629,-47.95895],[-65.86221,-47.9566],[-65.86323,-47.95946],[-65.86453,-47.96061]]],[[[-65.90379,-48.0066],[-65.90354,-48.00422],[-65.89841,-48.00339],[-65.9011,-48.00571],[-65.90379,-48.0066]]],[[[-65.98417,-48.1107],[-65.98714,-48.1107],[-65.98797,-48.10942],[-65.98472,-48.1076],[-65.98417,-48.1107]]],[[[-65.89423,-48.11559],[-65.89672,-48.11502],[-65.89721,-48.11194],[-65.89384,-48.11284],[-65.89423,-48.11559]]],[[[-65.99207,-48.11421],[-65.995,-48.11346],[-65.99461,-48.11157],[-65.99102,-48.11242],[-65.99207,-48.11421]]],[[[-65.75596,-47.91322],[-65.75558,-47.91423],[-65.76085,-47.91339],[-65.75947,-47.9127],[-65.75596,-47.91322]]],[[[-66.22116,-48.24694],[-66.22255,-48.24585],[-66.21935,-48.24466],[-66.22004,-48.24643],[-66.22116,-48.24694]]],[[[-65.76081,-47.95395],[-65.76245,-47.95367],[-65.76411,-47.95226],[-65.76256,-47.9511],[-65.76081,-47.95395]]],[[[-66.10605,-48.12554],[-66.10451,-48.12544],[-66.10329,-48.12577],[-66.10792,-48.12552],[-66.10605,-48.12554]]],[[[-66.32529,-48.36027],[-66.32603,-48.35917],[-66.3242,-48.35807],[-66.32396,-48.35979],[-66.32529,-48.36027]]],[[[-65.89072,-48.08818],[-65.89217,-48.08719],[-65.89199,-48.08613],[-65.88979,-48.08689],[-65.89072,-48.08818]]],[[[-65.87066,-47.95012],[-65.87227,-47.95005],[-65.87251,-47.94886],[-65.8704,-47.94869],[-65.87066,-47.95012]]],[[[-65.88766,-48.0012],[-65.88784,-48.00182],[-65.89017,-48.00145],[-65.88905,-48.00011],[-65.88766,-48.0012]]],[[[-65.87012,-47.95607],[-65.87097,-47.95471],[-65.86816,-47.95477],[-65.87012,-47.95607]]],[[[-66.08392,-48.13044],[-66.08714,-48.12927],[-66.08739,-48.12857],[-66.08429,-48.12969],[-66.08392,-48.13044]]],[[[-65.87007,-47.95971],[-65.87148,-47.95967],[-65.87196,-47.95943],[-65.87003,-47.95817],[-65.87007,-47.95971]]],[[[-66.1086,-48.14204],[-66.10918,-48.14203],[-66.11021,-48.14148],[-66.10891,-48.14107],[-66.1086,-48.14204]]],[[[-65.92496,-48.00726],[-65.92584,-48.00721],[-65.92603,-48.00663],[-65.92471,-48.00636],[-65.92496,-48.00726]]]]}},{"type":"Feature","properties":{"code":"78021","name":"Güer Aike"},"geometry":{"type":"MultiPolygon","coordinates":[[[[-71.50027,-50.71167],[-69.13854,-50.76562],[-69.13202,-50.89959],[-69.21401,-50.94473],[-69.22521,-50.97489],[-69.24011,-50.95782],[-69.32123,-50.9884],[-69.38239,-51.0368],[-69.3725,-51.0481],[-69.39612,-51.07971],[-69.44128,-51.08978],[-69.45691,-51.10278],[-69.45819,-51.11261],[-69.46478,-51.11328],[-69.4585,-51.11438],[-69.44031,-51.10901],[-69.4386,-51.11029],[-69.44281,-51.11139],[-69.44232,-51.1145],[-69.43433,-51.11371],[-69.20551,-50.97528],[-69.16693,-50.98019],[-69.10858,-51.16699],[-68.94665,-51.55523],[-68.97705,-51.58218],[-69.00128,-51.55988],[-69.03729,-51.56073],[-69.1347,-51.60321],[-69.34412,-51.55157],[-69.49481,-51.58508],[-69.6178,-51.62689],[-69.33521,-51.58551],[-69.10339,-51.63428],[-69.12408,-51.64178],[-69.11731,-51.65509],[-69.0141,-51.60638],[-68.97523,-51.61587],[-68.70845,-51.98125],[-68.35678,-52.31739],[-68.35364,-52.335],[-68.4326,-52.39769],[-68.41843,-52.38641],[-68.41863,-52.33248],[-68.57348,-52.32518],[-68.58602,-52.3067],[-68.838,-52.27774],[-68.98688,-52.20358],[-69.19001,-52.1501],[-69.48596,-52.15144],[-69.9955,-52.00072],[-71.9215,-51.99998],[-71.96447,-51.97283],[-72.00427,-51.97951],[-72.02907,-51.96768],[-72.032,-51.95865],[-71.9711,-51.92749],[-71.93207,-51.91993],[-71.95101,-51.87162],[-72.02617,-51.80843],[-72.07849,-51.7824],[-72.07586,-51.77316],[-72.11299,-51.76746],[-72.12175,-51.74403],[-72.17923,-51.73825],[-72.16081,-51.72594],[-72.23112,-51.70246],[-72.29711,-51.6994],[-72.28753,-51.66907],[-72.29682,-51.64619],[-72.2833,-51.63853],[-72.31915,-51.62546],[-72.32702,-51.58734],[-72.37704,-51.58445],[-72.38871,-51.59507],[-72.44252,-51.58449],[-72.42631,-51.54686],[-72.39401,-51.52744],[-72.40518,-51.51339],[-72.34466,-51.52074],[-72.35091,-51.48454],[-72.32405,-51.47496],[-72.34087,-51.44959],[-72.33826,-51.42483],[-72.30994,-51.40315],[-72.30897,-51.36645],[-72.32608,-51.34568],[-72.3488,-51.34984],[-72.3717,-51.33626],[-72.36005,-51.31911],[-72.26918,-51.28325],[-72.25907,-51.25119],[-72.3036,-51.20174],[-72.34876,-51.20361],[-72.36064,-51.16875],[-72.39575,-51.14542],[-72.40906,-51.10749],[-72.37618,-51.07998],[-72.37417,-51.02321],[-72.26567,-51.03523],[-72.26724,-50.96365],[-72.24806,-50.87503],[-72.26696,-50.8629],[-72.26103,-50.8375],[-72.28144,-50.80864],[-72.34913,-50.75564],[-72.34774,-50.73156],[-72.30112,-50.70677],[-72.2983,-50.6821],[-71.50027,-50.71167]]],[[[-69.41581,-51.08958],[-69.40871,-51.09489],[-69.4352,-51.11322],[-69.43945,-51.10735],[-69.45421,-51.10757],[-69.4402,-51.09063],[-69.41581,-51.08958]]]]}},{"type":"Feature","properties":{"code":"78028","name":"Lago Argentino"},"geometry":{"type":"Polygon","coordinates":[[[-70.58076,-49.20388],[-70.64604,-50.73676],[-72.2983,-50.6821],[-72.28625,-50.65965],[-72.33805,-50.65046],[-72.34898,-50.61985],[-72.40779,-50.63641],[-72.41611,-50.61992],[-72.49038,-50.6003],[-72.50487,-50.61453],[-72.54844,-50.62055],[-72.56079,-50.64603],[-72.57506,-50.64632],[-72.58308,-50.68141],[-72.61339,-50.67452],[-72.62332,-50.65737],[-72.65578,-50.66396],[-72.68093,-50.64245],[-72.69842,-50.64552],[-72.72827,-50.61483],[-72.77412,-50.62745],[-72.89144,-50.67018],[-72.90546,-50.69719],[-72.95202,-50.71838],[-72.94405,-50.72481],[-72.9547,-50.74096],[-73.00629,-50.76202],[-73.04199,-50.76129],[-73.0697,-50.78888],[-73.09692,-50.77338],[-73.20349,-50.82098],[-73.26752,-50.82397],[-73.28491,-50.7879],[-73.25598,-50.75012],[-73.28601,-50.7395],[-73.18591,-50.70038],[-73.17273,-50.6767],[-73.27081,-50.6488],[-73.2674,-50.62811],[-73.2887,-50.586],[-73.33191,-50.56842],[-73.38641,-50.51642],[-73.3656,-50.50751],[-73.3645,-50.48792],[-73.43262,-50.48309],[-73.40369,-50.45081],[-73.42249,-50.44263],[-73.41931,-50.42963],[-73.43701,-50.42438],[-73.45538,-50.39258],[-73.48639,-50.38208],[-73.46991,-50.34448],[-73.48071,-50.32568],[-73.51678,-50.289],[-73.56543,-50.27069],[-73.54999,-50.22821],[-73.56,-50.21692],[-73.55518,-50.18439],[-73.52081,-50.15308],[-73.5415,-50.11902],[-73.4895,-50.0816],[-73.48291,-50.05408],[-73.56659,-50.02039],[-73.50519,-49.96649],[-73.54388,-49.9494],[-73.55261,-49.92389],[-73.49048,-49.8526],[-73.49969,-49.81799],[-73.44531,-49.79388],[-73.46619,-49.77368],[-73.43878,-49.75781],[-73.47638,-49.7179],[-73.50909,-49.7052],[-73.4986,-49.69171],[-73.50458,-49.6629],[-73.46411,-49.6424],[-73.46368,-49.6189],[-73.49219,-49.57922],[-73.53601,-49.56403],[-73.54968,-49.53809],[-73.53961,-49.49823],[-73.48779,-49.50049],[-73.46381,-49.48248],[-73.47961,-49.4613],[-73.47388,-49.44128],[-73.49042,-49.42871],[-73.46002,-49.40021],[-73.42621,-49.39191],[-73.42908,-49.34399],[-73.41058,-49.3194],[-73.49371,-49.27271],[-73.495,-49.242],[-73.4707,-49.20111],[-73.14368,-49.271],[-73.04474,-49.27297],[-73.08937,-49.25306],[-73.10355,-49.26698],[-73.13319,-49.26718],[-73.14522,-49.24722],[-73.14543,-49.19015],[-73.11009,-49.15199],[-73.06215,-49.12752],[-73.04493,-49.08087],[-73.00491,-49.06345],[-73.01384,-49.03619],[-72.98137,-49.02916],[-72.99286,-48.99723],[-72.95879,-48.98004],[-72.94644,-48.9456],[-72.91971,-48.9357],[-72.86487,-48.94663],[-72.85062,-48.96609],[-72.79459,-48.96808],[-72.74814,-48.91029],[-72.69435,-48.89539],[-72.69109,-48.86756],[-72.63694,-48.86725],[-72.53223,-48.79756],[-72.54263,-48.74039],[-72.53544,-48.66547],[-72.58575,-48.48732],[-72.56548,-48.48329],[-72.56323,-48.48459],[-71.40018,-49.19328],[-70.58076,-49.20388]]]}},{"type":"Feature","properties":{"code":"78035","name":"Lago Buenos Aires"},"geometry":{"type":"Polygon","coordinates":[[[-69.6562,-46.00131],[-69.68665,-47.1613],[-69.70757,-47.23469],[-69.73441,-48.32208],[-69.78301,-48.30705],[-70.76888,-47.31988],[-71.57147,-47.36386],[-71.89212,-47.22718],[-71.86475,-47.23057],[-71.8947,-47.21098],[-71.87995,-47.20547],[-71.89024,-47.18196],[-71.85048,-47.16419],[-71.8803,-47.10749],[-71.95405,-47.07606],[-71.90399,-47.05095],[-71.88004,-47.0101],[-71.93257,-46.99438],[-71.91827,-46.98536],[-71.92986,-46.97774],[-71.958,-46.97424],[-71.95174,-46.95737],[-71.97105,-46.90523],[-71.93134,-46.86816],[-71.9325,-46.84025],[-71.95538,-46.81442],[-71.91409,-46.799],[-71.83289,-46.79776],[-71.77246,-46.76761],[-71.68578,-46.69733],[-71.64342,-46.68182],[-71.64682,-46.63395],[-71.66696,-46.59865],[-71.66929,-46.52784],[-71.75652,-46.34563],[-71.72833,-46.30847],[-71.72688,-46.2719],[-71.77757,-46.19879],[-71.85937,-46.1947],[-71.8747,-46.16133],[-71.87375,-46.16006],[-71.8664,-46.15813],[-71.86507,-46.15685],[-71.89828,-46.16222],[-71.91455,-46.13982],[-71.82476,-46.11057],[-71.785,-46.12202],[-71.74738,-46.09199],[-71.7149,-46.09021],[-71.6449,-46],[-69.6562,-46.00131]]]}},{"type":"Feature","properties":{"code":"78042","name":"Magallanes"},"geometry":{"type":"MultiPolygon","coordinates":[[[[-67.24351,-48.41474],[-67.17193,-48.48388],[-66.86927,-48.58604],[-66.89661,-48.60135],[-66.99058,-48.61344],[-67.12541,-48.68219],[-67.14059,-48.69652],[-67.15159,-48.74839],[-67.18628,-48.77271],[-67.19289,-48.81321],[-67.21993,-48.838],[-67.41309,-48.91271],[-67.55362,-49.0166],[-67.59907,-49.10355],[-67.63562,-49.13824],[-67.6329,-49.15628],[-67.61373,-49.16089],[-67.61389,-49.18518],[-67.66461,-49.20349],[-67.6748,-49.22058],[-67.6676,-49.24591],[-67.6889,-49.26178],[-67.74139,-49.27533],[-67.7157,-49.31781],[-67.7608,-49.3139],[-67.79761,-49.328],[-67.79498,-49.36322],[-67.77209,-49.38068],[-67.83752,-49.38678],[-67.8186,-49.40552],[-67.71381,-49.38593],[-67.68542,-49.35358],[-67.6991,-49.3089],[-67.67273,-49.29852],[-67.66809,-49.25519],[-67.61316,-49.25011],[-67.6036,-49.29567],[-67.67589,-49.44187],[-68.82262,-49.45485],[-68.82683,-49.31679],[-69.75784,-49.31824],[-69.73441,-48.32208],[-69.35534,-48.43832],[-68.33544,-48.37961],[-68.18558,-48.44458],[-67.61612,-48.09166],[-67.58742,-48.11235],[-67.55312,-48.11298],[-67.24351,-48.41474]]],[[[-67.69103,-49.26917],[-67.70476,-49.28486],[-67.73364,-49.27687],[-67.69249,-49.26551],[-67.69103,-49.26917]]],[[[-67.69035,-49.29541],[-67.70103,-49.2989],[-67.70638,-49.29493],[-67.68598,-49.2826],[-67.69035,-49.29541]]],[[[-67.04581,-48.75512],[-67.04799,-48.75249],[-67.04432,-48.7491],[-67.04303,-48.751],[-67.04581,-48.75512]]],[[[-67.13772,-48.73835],[-67.14062,-48.7361],[-67.13567,-48.73454],[-67.13456,-48.73649],[-67.13772,-48.73835]]],[[[-67.05786,-48.74989],[-67.05953,-48.74798],[-67.05592,-48.74797],[-67.05621,-48.74945],[-67.05786,-48.74989]]],[[[-67.14346,-48.74496],[-67.14455,-48.74524],[-67.14524,-48.7438],[-67.14325,-48.74331],[-67.14346,-48.74496]]]]}},{"type":"Feature","properties":{"code":"78049","name":"Río Chico"},"geometry":{"type":"Polygon","coordinates":[[[-71.89212,-47.22718],[-71.57147,-47.36386],[-70.76888,-47.31988],[-69.78301,-48.30705],[-69.73441,-48.32208],[-69.75825,-49.20867],[-71.40018,-49.19328],[-72.56526,-48.48347],[-72.53336,-48.48384],[-72.50242,-48.51855],[-72.44159,-48.51409],[-72.39358,-48.483],[-72.37351,-48.44982],[-72.40891,-48.43273],[-72.40641,-48.41608],[-72.34776,-48.3902],[-72.37697,-48.37154],[-72.38069,-48.35013],[-72.34355,-48.34533],[-72.27798,-48.36261],[-72.24107,-48.34832],[-72.22641,-48.32056],[-72.3167,-48.23401],[-72.32581,-48.21546],[-72.30711,-48.20121],[-72.29908,-48.15863],[-72.32716,-48.11602],[-72.35503,-48.10101],[-72.36031,-48.0736],[-72.41612,-48.07815],[-72.44379,-48.06435],[-72.41878,-48.00272],[-72.42597,-47.96699],[-72.49781,-47.96116],[-72.52742,-47.93778],[-72.49797,-47.87514],[-72.47688,-47.87093],[-72.46816,-47.81275],[-72.49593,-47.79711],[-72.52334,-47.74044],[-72.48442,-47.75908],[-72.46606,-47.73789],[-72.44272,-47.7461],[-72.43553,-47.73351],[-72.45051,-47.70528],[-72.41743,-47.69432],[-72.4097,-47.67819],[-72.42081,-47.66163],[-72.39816,-47.65845],[-72.37966,-47.6358],[-72.35342,-47.63619],[-72.3091,-47.59084],[-72.32703,-47.57136],[-72.29114,-47.51189],[-72.3078,-47.48013],[-72.32675,-47.48196],[-72.34134,-47.45619],[-72.29343,-47.44624],[-72.24448,-47.40609],[-72.19735,-47.41704],[-72.16134,-47.39448],[-72.12808,-47.32812],[-72.04639,-47.33931],[-71.99645,-47.29495],[-72.01664,-47.24728],[-72.00091,-47.21757],[-72.01861,-47.19842],[-71.89212,-47.22718]]]}},{"type":"Feature","properties":{"code":"82007","name":"Belgrano"},"geometry":{"type":"Polygon","coordinates":[[[-61.76421,-32.33411],[-61.43769,-32.39378],[-61.53284,-32.84662],[-61.51829,-32.84909],[-61.64243,-32.88324],[-61.71288,-33.0905],[-61.79453,-33.01916],[-61.77155,-32.90146],[-61.79224,-32.87723],[-61.77769,-32.8304],[-61.7957,-32.77397],[-61.8284,-32.75451],[-61.85799,-32.69455],[-61.90741,-32.69575],[-61.94663,-32.67848],[-61.94617,-32.65103],[-61.89041,-32.61445],[-61.89074,-32.59197],[-61.92243,-32.59321],[-61.92597,-32.583],[-61.90248,-32.56862],[-61.90505,-32.55255],[-61.93057,-32.54451],[-61.91207,-32.52647],[-61.91451,-32.49466],[-62.01228,-32.34552],[-61.90375,-32.32745],[-61.91243,-32.30721],[-61.76421,-32.33411]]]}},{"type":"Feature","properties":{"code":"82014","name":"Caseros"},"geometry":{"type":"Polygon","coordinates":[[[-61.17665,-32.94222],[-61.06195,-33.09001],[-61.10676,-33.1561],[-61.15484,-33.16467],[-61.13257,-33.23136],[-61.16861,-33.24384],[-61.0991,-33.33265],[-61.12957,-33.3493],[-61.07499,-33.41905],[-61.18884,-33.49162],[-61.31378,-33.32908],[-61.45237,-33.40441],[-61.47045,-33.38062],[-61.51591,-33.4061],[-61.60737,-33.28688],[-61.70371,-33.33859],[-61.67476,-33.37764],[-61.91025,-33.51122],[-61.96944,-33.4338],[-61.92797,-33.41174],[-61.97938,-33.40279],[-61.98223,-33.41376],[-62.01362,-33.40796],[-62.01603,-33.41771],[-62.13113,-33.39757],[-61.92325,-33.11958],[-61.89665,-33.11254],[-61.79594,-33.01447],[-61.74388,-33.07305],[-61.70114,-33.09394],[-61.6763,-33.0821],[-61.66345,-33.0916],[-61.63566,-33.06666],[-61.56524,-33.06372],[-61.54306,-33.04129],[-61.29677,-32.98691],[-61.23629,-32.95119],[-61.24623,-32.94318],[-61.2072,-32.9027],[-61.17665,-32.94222]]]}},{"type":"Feature","properties":{"code":"82021","name":"Castellanos"},"geometry":{"type":"Polygon","coordinates":[[[-61.20978,-30.74794],[-61.3916,-31.53927],[-61.42926,-31.53286],[-61.44999,-31.59695],[-61.49935,-31.58833],[-61.54143,-31.76758],[-61.71269,-31.74963],[-61.70817,-31.73101],[-62.03028,-31.67363],[-62.02206,-31.63997],[-62.13972,-31.61835],[-62.12349,-31.60541],[-61.84405,-30.75038],[-61.66616,-30.78246],[-61.65528,-30.7375],[-61.43807,-30.77608],[-61.42313,-30.71169],[-61.20978,-30.74794]]]}},{"type":"Feature","properties":{"code":"82028","name":"Constitución"},"geometry":{"type":"MultiPolygon","coordinates":[[[[-61.3827,-33.36651],[-61.31378,-33.32908],[-61.18884,-33.49162],[-61.07499,-33.41905],[-61.06681,-33.42934],[-60.98747,-33.39333],[-60.93374,-33.35688],[-60.8946,-33.29371],[-60.81988,-33.26656],[-60.79162,-33.27493],[-60.75968,-33.31079],[-60.71128,-33.30741],[-60.68259,-33.33538],[-60.57975,-33.3619],[-60.49149,-33.31506],[-60.45913,-33.25734],[-60.40258,-33.20273],[-60.33329,-33.21455],[-60.34522,-33.18437],[-60.32948,-33.17685],[-60.28831,-33.19755],[-60.29783,-33.24228],[-60.25236,-33.27496],[-60.25564,-33.27419],[-60.26711,-33.26594],[-60.27271,-33.26386],[-60.26461,-33.28132],[-60.32396,-33.35075],[-60.33529,-33.4121],[-60.41022,-33.46789],[-60.42384,-33.52843],[-60.41383,-33.54501],[-60.45738,-33.58236],[-60.46341,-33.63462],[-60.55695,-33.6466],[-60.61992,-33.62834],[-60.68458,-33.58516],[-60.78195,-33.57897],[-60.81825,-33.54029],[-60.86134,-33.54633],[-60.91811,-33.58837],[-60.93403,-33.65473],[-61.12507,-33.8339],[-61.41652,-33.45054],[-61.3472,-33.41322],[-61.3827,-33.36651]]],[[[-61.38292,-33.36663],[-61.3827,-33.36651],[-61.38305,-33.3667],[-61.38292,-33.36663]]]]}},{"type":"Feature","properties":{"code":"82035","name":"Garay"},"geometry":{"type":"Polygon","coordinates":[[[-60.0659,-30.66281],[-59.63619,-30.70212],[-59.63269,-30.7113],[-59.69939,-30.76907],[-59.70487,-30.81738],[-59.73485,-30.87662],[-59.81818,-30.9425],[-59.87793,-31.05621],[-59.92544,-31.10505],[-59.96338,-31.11987],[-60.00269,-31.23859],[-60.10559,-31.28992],[-60.10937,-31.30408],[-60.08691,-31.33978],[-60.09607,-31.37061],[-60.13843,-31.41339],[-60.14349,-31.4436],[-60.21497,-31.47043],[-60.23353,-31.52231],[-60.25785,-31.53573],[-60.30179,-31.53417],[-60.34346,-31.49749],[-60.3804,-31.51575],[-60.39581,-31.50637],[-60.39085,-31.49645],[-60.47844,-31.49347],[-60.49353,-31.4783],[-60.50679,-31.48457],[-60.51083,-31.46897],[-60.55791,-31.45891],[-60.5025,-31.41871],[-60.50923,-31.3862],[-60.47369,-31.33948],[-60.49806,-31.30111],[-60.45524,-31.26074],[-60.46504,-31.24937],[-60.44111,-31.16741],[-60.36799,-31.13825],[-60.35769,-31.08717],[-60.32062,-31.04198],[-60.33231,-31.01642],[-60.31308,-30.995],[-60.31879,-30.9859],[-60.29993,-30.97617],[-60.30362,-30.92831],[-60.28568,-30.91431],[-60.2846,-30.85808],[-60.27586,-30.84971],[-60.25032,-30.86444],[-60.25598,-30.76887],[-60.24169,-30.76252],[-60.24767,-30.74172],[-60.20869,-30.68351],[-60.2055,-30.65071],[-60.0659,-30.66281]]]}},{"type":"Feature","properties":{"code":"82042","name":"General López"},"geometry":{"type":"Polygon","coordinates":[[[-61.51629,-33.40562],[-61.47045,-33.38062],[-61.45237,-33.40441],[-61.3827,-33.36651],[-61.3472,-33.41322],[-61.41652,-33.45054],[-61.12507,-33.8339],[-61.71975,-34.38555],[-62.88391,-34.38655],[-62.13113,-33.39757],[-62.01603,-33.41771],[-62.01362,-33.40796],[-61.98223,-33.41376],[-61.97938,-33.40279],[-61.92797,-33.41174],[-61.96944,-33.4338],[-61.91025,-33.51122],[-61.67476,-33.37764],[-61.70371,-33.33859],[-61.60737,-33.28688],[-61.51629,-33.40562]]]}},{"type":"Feature","properties":{"code":"82049","name":"General Obligado"},"geometry":{"type":"Polygon","coordinates":[[[-58.88082,-28.06682],[-58.95297,-28.13711],[-59.06241,-28.12811],[-59.08763,-28.17177],[-59.08621,-28.19949],[-59.10787,-28.22277],[-59.10346,-28.32882],[-59.07621,-28.36534],[-59.08598,-28.43597],[-59.04886,-28.49331],[-59.10001,-28.5764],[-59.10501,-28.63394],[-59.0786,-28.66749],[-59.16045,-28.79479],[-59.15807,-28.87736],[-59.2109,-28.97753],[-59.19972,-29.03154],[-59.25754,-29.0896],[-59.34677,-29.11435],[-59.40781,-29.22138],[-59.5087,-29.25077],[-59.51979,-29.34319],[-59.60428,-29.39474],[-59.58092,-29.47407],[-59.66183,-29.4466],[-59.65647,-29.45969],[-59.67087,-29.47301],[-59.71979,-29.48784],[-59.72104,-29.46074],[-59.73566,-29.46549],[-59.76838,-29.44255],[-59.77885,-29.41516],[-60.06929,-29.37063],[-60.04391,-29.32605],[-60.01443,-29.31303],[-60.02837,-29.27908],[-60.01731,-29.24264],[-60.03621,-29.22852],[-60.03587,-29.19164],[-60.0757,-29.13911],[-60.06151,-29.14126],[-60.06611,-29.11596],[-60.11641,-29.04741],[-60.00518,-29.07265],[-59.98804,-29.03249],[-60.00106,-29.03053],[-59.99979,-29.01757],[-60.04201,-29.01168],[-60.01975,-28.88608],[-59.97796,-28.89167],[-59.96181,-28.80746],[-59.76228,-28.83834],[-59.74901,-28.8134],[-59.77346,-28.76858],[-59.80459,-28.75768],[-59.77858,-28.71725],[-59.79276,-28.69788],[-59.77279,-28.67939],[-59.81716,-28.62448],[-59.80117,-28.61649],[-59.81817,-28.56321],[-59.81092,-28.52794],[-59.76511,-28.45584],[-59.79846,-28.43381],[-59.79837,-28.3791],[-59.8583,-28.37855],[-59.87872,-28.33183],[-59.87628,-28.25155],[-59.79041,-28.2508],[-59.7902,-28.10452],[-59.81105,-28.10462],[-59.81113,-28.00133],[-58.884,-28],[-58.89369,-28.03527],[-58.88082,-28.06682]]]}},{"type":"Feature","properties":{"code":"82056","name":"Iriondo"},"geometry":{"type":"Polygon","coordinates":[[[-61.19277,-32.43883],[-60.89669,-32.46745],[-60.86764,-32.4516],[-60.82782,-32.45824],[-60.85567,-32.47447],[-60.8602,-32.50207],[-60.84695,-32.52312],[-60.8424,-32.59068],[-60.81242,-32.63756],[-60.87444,-32.6803],[-60.88865,-32.66888],[-60.99513,-32.69417],[-61.05469,-32.77002],[-61.06254,-32.80253],[-61.178,-32.85724],[-61.24623,-32.94318],[-61.23629,-32.95119],[-61.29677,-32.98691],[-61.54306,-33.04129],[-61.56524,-33.06372],[-61.63566,-33.06666],[-61.6494,-33.0889],[-61.71278,-33.09065],[-61.64243,-32.88324],[-61.51829,-32.84909],[-61.53284,-32.84662],[-61.43769,-32.39378],[-61.19277,-32.43883]]]}},{"type":"Feature","properties":{"code":"82063","name":"La Capital"},"geometry":{"type":"Polygon","coordinates":[[[-60.80019,-31.0176],[-60.6579,-31.0421],[-60.67026,-31.11194],[-60.54929,-31.13232],[-60.57385,-31.18802],[-60.44953,-31.21305],[-60.46504,-31.24937],[-60.45524,-31.26074],[-60.49806,-31.30111],[-60.47369,-31.33948],[-60.50923,-31.3862],[-60.5025,-31.41871],[-60.55879,-31.45801],[-60.51083,-31.46897],[-60.50679,-31.48457],[-60.49353,-31.4783],[-60.47844,-31.49347],[-60.39085,-31.49645],[-60.39581,-31.50637],[-60.3804,-31.51575],[-60.34346,-31.49749],[-60.30179,-31.53417],[-60.33995,-31.55525],[-60.32567,-31.58666],[-60.33471,-31.61259],[-60.46759,-31.6983],[-60.58408,-31.70848],[-60.63879,-31.742],[-60.63857,-31.78748],[-60.67578,-31.81171],[-60.65723,-31.91132],[-60.72274,-31.97231],[-60.7476,-31.90853],[-60.73126,-31.8657],[-60.81937,-31.88212],[-60.83716,-31.86736],[-60.83539,-31.81197],[-60.81997,-31.79128],[-60.83278,-31.78679],[-60.85305,-31.82108],[-60.97824,-31.80025],[-60.94998,-31.72976],[-60.91448,-31.7376],[-60.90462,-31.69721],[-60.81277,-31.65453],[-60.82886,-31.58973],[-60.7674,-31.60196],[-60.7571,-31.58213],[-60.76232,-31.5642],[-60.77814,-31.56902],[-60.7681,-31.54578],[-60.79379,-31.53664],[-60.7921,-31.52017],[-60.80219,-31.51912],[-60.76864,-31.47306],[-60.78076,-31.47036],[-60.76879,-31.4675],[-60.77291,-31.45007],[-60.7837,-31.4514],[-60.78995,-31.42486],[-60.8054,-31.42763],[-60.8121,-31.40617],[-60.79891,-31.40223],[-60.80807,-31.38343],[-60.78591,-31.37835],[-60.78907,-31.35395],[-60.82932,-31.35],[-60.83638,-31.36678],[-60.8644,-31.37937],[-60.88482,-31.36993],[-60.88452,-31.3818],[-60.90041,-31.38446],[-60.89485,-31.36959],[-60.93987,-31.35204],[-60.9029,-31.30758],[-60.91812,-31.27407],[-60.88527,-31.25209],[-60.89333,-31.24329],[-60.85786,-31.24257],[-60.83595,-31.20961],[-60.84877,-31.18242],[-60.83054,-31.17734],[-60.82572,-31.14409],[-60.77989,-31.12774],[-60.79188,-31.11854],[-60.77611,-31.10873],[-60.78161,-31.09451],[-60.82766,-31.09533],[-60.82023,-31.08148],[-60.84518,-31.06339],[-60.84118,-31.04183],[-60.80411,-31.02763],[-60.81811,-31.01605],[-60.80019,-31.0176]]]}},{"type":"Feature","properties":{"code":"82070","name":"Las Colonias"},"geometry":{"type":"Polygon","coordinates":[[[-60.9248,-30.70638],[-60.90381,-30.71221],[-60.89142,-30.76308],[-60.82038,-30.79659],[-60.8338,-30.82431],[-60.80421,-30.83503],[-60.81085,-30.84424],[-60.77605,-30.88753],[-60.81349,-30.89737],[-60.83343,-30.8865],[-60.85284,-30.90066],[-60.83971,-30.91849],[-60.82168,-30.91921],[-60.83622,-30.93505],[-60.82571,-30.98024],[-60.8596,-30.9973],[-60.80429,-31.02687],[-60.82475,-31.04144],[-60.82819,-31.03224],[-60.84179,-31.04242],[-60.83718,-31.0584],[-60.84665,-31.05507],[-60.81986,-31.08221],[-60.82831,-31.0949],[-60.78454,-31.09262],[-60.77611,-31.10873],[-60.79188,-31.11854],[-60.78215,-31.13192],[-60.81216,-31.13214],[-60.8087,-31.14416],[-60.83328,-31.15493],[-60.83054,-31.17734],[-60.84877,-31.18242],[-60.83592,-31.20954],[-60.85734,-31.24215],[-60.89333,-31.24329],[-60.88527,-31.25209],[-60.91812,-31.27407],[-60.9029,-31.30758],[-60.93966,-31.35318],[-60.89485,-31.36959],[-60.90041,-31.38446],[-60.88452,-31.3818],[-60.88482,-31.36993],[-60.8644,-31.37937],[-60.83638,-31.36678],[-60.82932,-31.35],[-60.78907,-31.35395],[-60.78591,-31.37835],[-60.80807,-31.38343],[-60.79891,-31.40223],[-60.8121,-31.40617],[-60.8054,-31.42763],[-60.78995,-31.42486],[-60.7837,-31.4514],[-60.77291,-31.45007],[-60.76879,-31.4675],[-60.78076,-31.47036],[-60.76864,-31.47306],[-60.80219,-31.51912],[-60.7921,-31.52017],[-60.79379,-31.53664],[-60.7681,-31.54578],[-60.77814,-31.56902],[-60.76112,-31.56542],[-60.76045,-31.59022],[-60.7674,-31.60196],[-60.82886,-31.58973],[-60.81277,-31.65453],[-60.90462,-31.69721],[-60.91448,-31.7376],[-60.94998,-31.72976],[-60.99311,-31.8643],[-61.17021,-31.83134],[-61.18337,-31.88239],[-61.19595,-31.8518],[-61.30079,-31.83187],[-61.29831,-31.84014],[-61.35473,-31.8298],[-61.39002,-31.84665],[-61.39758,-31.87835],[-61.55884,-31.85013],[-61.49935,-31.58833],[-61.44999,-31.59695],[-61.42926,-31.53286],[-61.3916,-31.53927],[-61.17851,-30.60969],[-60.89247,-30.6693],[-60.9248,-30.70638]]]}},{"type":"Feature","properties":{"code":"82077","name":"9 de Julio"},"geometry":{"type":"Polygon","coordinates":[[[-61.04639,-27.998],[-60.64443,-27.99979],[-60.64459,-28.10023],[-60.74774,-28.09932],[-60.74857,-28.22164],[-60.82986,-28.27356],[-60.8984,-28.5821],[-61.08144,-29.57417],[-61.08281,-29.63504],[-61.10344,-29.61906],[-61.09272,-29.61516],[-61.10477,-29.60733],[-61.10467,-29.57995],[-61.12282,-29.56763],[-61.20171,-29.55197],[-61.19302,-29.54471],[-61.20216,-29.53999],[-61.23671,-29.54589],[-61.2824,-29.51635],[-61.35369,-29.83964],[-61.74721,-29.77535],[-61.90699,-29.7785],[-61.94214,-29.74062],[-61.92792,-29.66206],[-61.99167,-29.6616],[-61.71204,-27.99855],[-61.04639,-27.998]]]}},{"type":"Feature","properties":{"code":"82084","name":"Rosario"},"geometry":{"type":"Polygon","coordinates":[[[-60.65892,-32.83392],[-60.6814,-32.87156],[-60.67621,-32.8996],[-60.62025,-32.94794],[-60.60549,-32.99982],[-60.51318,-33.11292],[-60.398,-33.18684],[-60.34288,-33.17789],[-60.33329,-33.21455],[-60.40258,-33.20273],[-60.45913,-33.25734],[-60.49149,-33.31506],[-60.57975,-33.3619],[-60.68259,-33.33538],[-60.71128,-33.30741],[-60.76122,-33.31017],[-60.80433,-33.26599],[-60.88899,-33.29005],[-60.92414,-33.33968],[-61.00161,-33.24738],[-60.98206,-33.245],[-60.99578,-33.23238],[-60.98166,-33.19216],[-60.94591,-33.20104],[-60.94251,-33.15549],[-60.88035,-33.12355],[-60.91219,-33.09455],[-60.9166,-33.0752],[-60.90218,-33.06706],[-60.91432,-33.04916],[-60.96088,-33.07409],[-60.99151,-33.03309],[-60.97364,-33.01688],[-60.9385,-33.01763],[-60.95832,-32.9912],[-60.96838,-32.9951],[-61.00884,-32.92939],[-60.87789,-32.95301],[-60.86108,-32.88553],[-60.84562,-32.87702],[-60.87414,-32.84029],[-60.84235,-32.82007],[-60.78154,-32.83868],[-60.65892,-32.83392]]]}},{"type":"Feature","properties":{"code":"82091","name":"San Cristóbal"},"geometry":{"type":"Polygon","coordinates":[[[-61.27887,-29.51717],[-61.23671,-29.54589],[-61.20216,-29.53999],[-61.19302,-29.54471],[-61.20455,-29.54657],[-61.20171,-29.55197],[-61.12282,-29.56763],[-61.10467,-29.57995],[-61.10477,-29.60733],[-61.09272,-29.61516],[-61.10344,-29.61906],[-61.07541,-29.65123],[-61.04265,-29.65026],[-61.04163,-29.66398],[-61.02652,-29.66754],[-61.00002,-29.66005],[-60.96947,-29.67742],[-60.91111,-29.67332],[-60.87741,-29.70104],[-60.84368,-29.70182],[-60.82662,-29.76175],[-60.81299,-29.76491],[-60.80119,-29.74605],[-60.76467,-29.75449],[-60.76644,-29.79035],[-60.74431,-29.80771],[-60.71908,-29.86736],[-60.7085,-29.8617],[-60.69943,-29.87506],[-60.72222,-29.91527],[-60.69308,-29.96201],[-60.72674,-29.98155],[-60.7181,-30.00925],[-60.72864,-30.02855],[-60.7389,-30.02275],[-60.75207,-30.07968],[-60.70134,-30.14237],[-60.73582,-30.21026],[-60.69781,-30.25401],[-60.65681,-30.25903],[-60.64155,-30.28839],[-60.64107,-30.3012],[-60.6568,-30.30375],[-60.64995,-30.34216],[-60.67263,-30.34222],[-60.6826,-30.37921],[-60.66863,-30.38005],[-60.6747,-30.39505],[-60.65252,-30.39785],[-60.66609,-30.39944],[-60.6537,-30.41746],[-60.66404,-30.42326],[-60.64661,-30.42714],[-60.65913,-30.42979],[-60.63802,-30.47939],[-60.65085,-30.47471],[-60.65555,-30.51023],[-60.68535,-30.5092],[-60.67497,-30.51874],[-60.68991,-30.54211],[-60.661,-30.55013],[-60.65356,-30.56532],[-60.66412,-30.5709],[-60.63945,-30.57945],[-60.64632,-30.58613],[-60.6274,-30.60373],[-60.61909,-30.59416],[-60.61528,-30.60956],[-60.62786,-30.61844],[-60.60904,-30.63401],[-60.61919,-30.65086],[-60.5909,-30.66633],[-60.60821,-30.70327],[-60.59809,-30.71348],[-60.62619,-30.7316],[-60.62249,-30.74686],[-60.64618,-30.75486],[-60.65497,-30.74127],[-60.67905,-30.74472],[-60.68805,-30.75828],[-60.70149,-30.74757],[-60.72504,-30.76891],[-60.71086,-30.77234],[-60.7233,-30.77666],[-60.71812,-30.78648],[-60.72779,-30.78034],[-60.76028,-30.80779],[-60.79466,-30.78288],[-60.82269,-30.80218],[-60.86963,-30.76481],[-60.89142,-30.76308],[-60.90381,-30.71221],[-60.92481,-30.70638],[-60.89247,-30.6693],[-61.17851,-30.60969],[-61.20978,-30.74794],[-61.42313,-30.71169],[-61.43807,-30.77608],[-61.65528,-30.7375],[-61.66616,-30.78246],[-61.84405,-30.75038],[-62.13065,-30.48043],[-61.99167,-29.6616],[-61.92792,-29.66206],[-61.94214,-29.74062],[-61.90699,-29.7785],[-61.74721,-29.77535],[-61.35369,-29.83964],[-61.27887,-29.51717]]]}},{"type":"Feature","properties":{"code":"82098","name":"San Javier"},"geometry":{"type":"Polygon","coordinates":[[[-59.58092,-29.47407],[-59.61398,-29.66876],[-59.61755,-29.77584],[-59.6599,-29.83723],[-59.6047,-29.90267],[-59.58891,-29.97625],[-59.56639,-30.00808],[-59.61612,-30.11301],[-59.63658,-30.23746],[-59.71201,-30.27624],[-59.69345,-30.31312],[-59.6668,-30.32716],[-59.70344,-30.44261],[-59.65033,-30.50098],[-59.64586,-30.59704],[-59.67841,-30.64691],[-59.66809,-30.67603],[-59.63619,-30.70212],[-60.20494,-30.65066],[-60.21216,-30.68857],[-60.33889,-30.66924],[-60.34533,-30.63227],[-60.38173,-30.60353],[-60.33976,-30.56874],[-60.35083,-30.50999],[-60.32456,-30.4965],[-60.3325,-30.47475],[-60.27433,-30.43219],[-60.27614,-30.42125],[-60.25526,-30.42297],[-60.22541,-30.37401],[-60.19652,-30.36339],[-60.21403,-30.34489],[-60.20246,-30.3379],[-60.19465,-30.31867],[-60.21378,-30.31958],[-60.20599,-30.30982],[-60.21598,-30.30702],[-60.18027,-30.29034],[-60.18036,-30.27236],[-60.16044,-30.25393],[-60.17499,-30.24182],[-60.15896,-30.2292],[-60.16767,-30.21849],[-60.11857,-30.14859],[-60.11873,-30.13375],[-60.15952,-30.12007],[-60.11663,-30.12152],[-60.12908,-30.08799],[-60.09775,-30.07009],[-60.09919,-30.04126],[-60.04559,-30.02758],[-60.03553,-29.9882],[-60.01731,-29.97571],[-60.02779,-29.9643],[-60.02067,-29.95178],[-59.98893,-29.92876],[-59.96061,-29.93607],[-59.9414,-29.9093],[-59.92645,-29.91506],[-59.88949,-29.83423],[-59.87459,-29.83313],[-59.87683,-29.81303],[-59.91076,-29.80006],[-59.97056,-29.81271],[-59.99858,-29.77304],[-60.00007,-29.65471],[-60.06146,-29.65666],[-60.08497,-29.63464],[-60.08278,-29.53471],[-60.10529,-29.48298],[-60.10022,-29.43114],[-60.07826,-29.40551],[-60.08181,-29.38056],[-60.06929,-29.37063],[-59.77885,-29.41516],[-59.76838,-29.44255],[-59.73566,-29.46549],[-59.72104,-29.46074],[-59.71979,-29.48784],[-59.67087,-29.47301],[-59.65647,-29.45969],[-59.66183,-29.4466],[-59.58092,-29.47407]]]}},{"type":"Feature","properties":{"code":"82105","name":"San Jerónimo"},"geometry":{"type":"Polygon","coordinates":[[[-60.83098,-31.82089],[-60.82957,-31.84695],[-60.84099,-31.8536],[-60.82626,-31.88093],[-60.76202,-31.86922],[-60.75302,-31.87807],[-60.73126,-31.8657],[-60.7476,-31.90853],[-60.72066,-31.98521],[-60.65808,-32.05072],[-60.65855,-32.08016],[-60.70038,-32.14977],[-60.67261,-32.2326],[-60.67902,-32.31953],[-60.71899,-32.33404],[-60.71162,-32.39305],[-60.72382,-32.45612],[-60.74078,-32.47699],[-60.79244,-32.49906],[-60.80204,-32.44194],[-60.82164,-32.4587],[-60.86764,-32.4516],[-60.89669,-32.46745],[-61.19277,-32.43883],[-61.49522,-32.38325],[-61.44804,-32.19996],[-61.39194,-32.21024],[-61.35536,-32.08272],[-61.37806,-31.98912],[-61.34776,-31.86657],[-61.39278,-31.85795],[-61.39002,-31.84665],[-61.35473,-31.8298],[-61.29831,-31.84014],[-61.30079,-31.83187],[-61.19595,-31.8518],[-61.18337,-31.88239],[-61.17021,-31.83134],[-60.99319,-31.86431],[-60.97824,-31.80025],[-60.85305,-31.82108],[-60.83046,-31.78631],[-60.81941,-31.79271],[-60.83098,-31.82089]]]}},{"type":"Feature","properties":{"code":"82112","name":"San Justo"},"geometry":{"type":"Polygon","coordinates":[[[-60.6417,-29.92194],[-60.27963,-29.97888],[-60.28968,-30.02994],[-60.21213,-30.06766],[-60.19831,-30.12204],[-60.15664,-30.12414],[-60.18507,-30.14652],[-60.18205,-30.16218],[-60.15407,-30.16342],[-60.13644,-30.12734],[-60.11873,-30.13375],[-60.15122,-30.20878],[-60.16767,-30.21849],[-60.16658,-30.26758],[-60.19055,-30.30042],[-60.20664,-30.29442],[-60.21598,-30.30702],[-60.20599,-30.30982],[-60.21378,-30.31958],[-60.19465,-30.31867],[-60.21403,-30.34489],[-60.19846,-30.36736],[-60.22541,-30.37401],[-60.25526,-30.42297],[-60.27614,-30.42125],[-60.27433,-30.43219],[-60.3324,-30.47462],[-60.32456,-30.4965],[-60.35083,-30.50999],[-60.33977,-30.56875],[-60.38174,-30.60355],[-60.34533,-30.63227],[-60.33889,-30.66924],[-60.21216,-30.68857],[-60.23954,-30.72082],[-60.24169,-30.76252],[-60.25598,-30.76887],[-60.24756,-30.85642],[-60.2846,-30.85808],[-60.28568,-30.91431],[-60.30362,-30.92831],[-60.29993,-30.97617],[-60.31879,-30.9859],[-60.31308,-30.995],[-60.33231,-31.01642],[-60.32062,-31.04198],[-60.35974,-31.09156],[-60.36914,-31.11543],[-60.35693,-31.12443],[-60.44111,-31.16741],[-60.44953,-31.21305],[-60.57385,-31.18802],[-60.54929,-31.13232],[-60.67026,-31.11194],[-60.6579,-31.0421],[-60.83432,-31.01386],[-60.85954,-30.99844],[-60.82571,-30.98024],[-60.83622,-30.93505],[-60.82168,-30.91921],[-60.83971,-30.91849],[-60.85284,-30.90066],[-60.83343,-30.8865],[-60.81349,-30.89737],[-60.77605,-30.88753],[-60.81085,-30.84424],[-60.80421,-30.83503],[-60.8338,-30.82431],[-60.82725,-30.80222],[-60.79466,-30.78288],[-60.76028,-30.80779],[-60.72779,-30.78034],[-60.71812,-30.78648],[-60.7233,-30.77666],[-60.71086,-30.77234],[-60.72504,-30.76891],[-60.70149,-30.74757],[-60.68805,-30.75828],[-60.67905,-30.74472],[-60.65497,-30.74127],[-60.64618,-30.75486],[-60.62249,-30.74686],[-60.62619,-30.7316],[-60.59867,-30.71446],[-60.60821,-30.70327],[-60.5929,-30.69026],[-60.60186,-30.68794],[-60.5909,-30.66633],[-60.61456,-30.6609],[-60.60176,-30.65199],[-60.62232,-30.64081],[-60.60904,-30.63401],[-60.62786,-30.61844],[-60.61528,-30.60956],[-60.61909,-30.59416],[-60.6274,-30.60373],[-60.64632,-30.58613],[-60.63945,-30.57945],[-60.66412,-30.5709],[-60.65356,-30.56532],[-60.661,-30.55013],[-60.68936,-30.54483],[-60.67497,-30.51874],[-60.68535,-30.5092],[-60.65555,-30.51023],[-60.65085,-30.47471],[-60.63802,-30.47939],[-60.65913,-30.42979],[-60.64661,-30.42714],[-60.66404,-30.42326],[-60.6537,-30.41746],[-60.66609,-30.39944],[-60.65252,-30.39785],[-60.6747,-30.39505],[-60.66863,-30.38005],[-60.6826,-30.37921],[-60.67263,-30.34222],[-60.64995,-30.34216],[-60.6568,-30.30375],[-60.64107,-30.3012],[-60.64155,-30.28839],[-60.65681,-30.25903],[-60.69781,-30.25401],[-60.73582,-30.21026],[-60.70134,-30.14237],[-60.75207,-30.07968],[-60.7389,-30.02275],[-60.72864,-30.02855],[-60.7181,-30.00925],[-60.72674,-29.98155],[-60.69308,-29.96201],[-60.72054,-29.91014],[-60.6417,-29.92194]]]}},{"type":"Feature","properties":{"code":"82119","name":"San Lorenzo"},"geometry":{"type":"Polygon","coordinates":[[[-60.79439,-32.45333],[-60.79498,-32.49745],[-60.76914,-32.49675],[-60.77472,-32.5144],[-60.74738,-32.55432],[-60.75208,-32.62219],[-60.72351,-32.67169],[-60.716,-32.77362],[-60.65892,-32.83392],[-60.78154,-32.83868],[-60.84235,-32.82007],[-60.87414,-32.84029],[-60.84562,-32.87702],[-60.86108,-32.88553],[-60.87789,-32.95301],[-61.00884,-32.92939],[-60.96838,-32.9951],[-60.95832,-32.9912],[-60.9385,-33.01763],[-60.97364,-33.01688],[-60.99151,-33.03309],[-60.96088,-33.07409],[-60.91432,-33.04916],[-60.90218,-33.06706],[-60.9166,-33.0752],[-60.91219,-33.09455],[-60.88032,-33.12388],[-60.94251,-33.15549],[-60.94591,-33.20104],[-60.98166,-33.19216],[-60.99578,-33.23238],[-60.98206,-33.245],[-61.00161,-33.24738],[-60.92414,-33.33968],[-60.93067,-33.35224],[-61.06681,-33.42934],[-61.12957,-33.3493],[-61.0991,-33.33265],[-61.16861,-33.24384],[-61.13257,-33.23136],[-61.15484,-33.16467],[-61.10676,-33.1561],[-61.06195,-33.09001],[-61.2072,-32.9027],[-61.20347,-32.88446],[-61.1609,-32.84538],[-61.06254,-32.80253],[-61.05469,-32.77002],[-60.99426,-32.69361],[-60.88865,-32.66888],[-60.87444,-32.6803],[-60.81257,-32.63777],[-60.8424,-32.59068],[-60.84695,-32.52312],[-60.8602,-32.50207],[-60.85527,-32.47401],[-60.8036,-32.44213],[-60.79439,-32.45333]]]}},{"type":"Feature","properties":{"code":"82126","name":"San Martín"},"geometry":{"type":"Polygon","coordinates":[[[-61.62558,-31.76554],[-61.61375,-31.76767],[-61.61325,-31.75453],[-61.53907,-31.76801],[-61.55884,-31.85013],[-61.39758,-31.87835],[-61.39278,-31.85795],[-61.34776,-31.86657],[-61.37806,-31.98912],[-61.35536,-32.08272],[-61.36933,-32.13534],[-61.39194,-32.21024],[-61.44804,-32.19996],[-61.49522,-32.38325],[-61.91243,-32.30721],[-61.90375,-32.32745],[-62.01228,-32.34552],[-62.03789,-32.26291],[-62.14535,-32.19348],[-62.17888,-32.15942],[-62.19678,-32.11477],[-62.1678,-31.98601],[-62.18889,-31.92231],[-62.22349,-31.88393],[-62.21809,-31.74057],[-62.24168,-31.69968],[-62.13972,-31.61835],[-62.02206,-31.63997],[-62.03028,-31.67363],[-61.70817,-31.73101],[-61.71269,-31.74963],[-61.62558,-31.76554]]]}},{"type":"Feature","properties":{"code":"82133","name":"Vera"},"geometry":{"type":"Polygon","coordinates":[[[-60.49226,-28.00078],[-59.81113,-28.00133],[-59.81105,-28.10462],[-59.7902,-28.10452],[-59.79041,-28.2508],[-59.87628,-28.25155],[-59.87872,-28.33183],[-59.8583,-28.37855],[-59.79837,-28.3791],[-59.79846,-28.43381],[-59.76511,-28.45584],[-59.81092,-28.52794],[-59.81817,-28.56321],[-59.80117,-28.61649],[-59.81716,-28.62448],[-59.77279,-28.67939],[-59.79276,-28.69788],[-59.77858,-28.71725],[-59.80459,-28.75768],[-59.77346,-28.76858],[-59.74901,-28.8134],[-59.76228,-28.83834],[-59.96181,-28.80746],[-59.97796,-28.89167],[-60.01975,-28.88608],[-60.04201,-29.01168],[-59.99979,-29.01757],[-60.00106,-29.03053],[-59.98804,-29.03249],[-60.00518,-29.07265],[-60.11641,-29.04741],[-60.06611,-29.11596],[-60.06151,-29.14126],[-60.0757,-29.13911],[-60.03587,-29.19164],[-60.03621,-29.22852],[-60.01731,-29.24264],[-60.02732,-29.28487],[-60.01075,-29.30307],[-60.04391,-29.32605],[-60.08181,-29.38056],[-60.07826,-29.40551],[-60.10097,-29.43417],[-60.10529,-29.48298],[-60.08278,-29.53471],[-60.08497,-29.63464],[-60.06146,-29.65666],[-60.00007,-29.65471],[-59.99858,-29.77304],[-59.97056,-29.81271],[-59.91076,-29.80006],[-59.87683,-29.81303],[-59.87459,-29.83313],[-59.88949,-29.83423],[-59.92645,-29.91506],[-59.9414,-29.9093],[-59.96061,-29.93607],[-59.98893,-29.92876],[-60.02067,-29.95178],[-60.02779,-29.9643],[-60.01731,-29.97571],[-60.03553,-29.9882],[-60.04559,-30.02758],[-60.09919,-30.04126],[-60.09775,-30.07009],[-60.12908,-30.08799],[-60.11663,-30.12152],[-60.15952,-30.12007],[-60.13229,-30.13453],[-60.15407,-30.16342],[-60.18509,-30.15857],[-60.15664,-30.12414],[-60.19983,-30.12095],[-60.21213,-30.06766],[-60.28968,-30.02994],[-60.27963,-29.97888],[-60.72054,-29.91014],[-60.69932,-29.87534],[-60.70848,-29.86171],[-60.71909,-29.86735],[-60.74431,-29.80771],[-60.76644,-29.79035],[-60.76476,-29.7544],[-60.80313,-29.74642],[-60.81793,-29.76577],[-60.83519,-29.74927],[-60.82619,-29.73722],[-60.84524,-29.7213],[-60.84382,-29.70174],[-60.87741,-29.70104],[-60.91113,-29.67331],[-61.04046,-29.66461],[-61.03838,-29.65303],[-61.07541,-29.65123],[-61.08281,-29.63504],[-61.08144,-29.57417],[-60.8984,-28.5821],[-60.82986,-28.27356],[-60.74857,-28.22164],[-60.74774,-28.09932],[-60.64459,-28.10023],[-60.64443,-27.99979],[-60.49226,-28.00078]]]}},{"type":"Feature","properties":{"code":"86007","name":"Aguirre"},"geometry":{"type":"Polygon","coordinates":[[[-62.64387,-28.86177],[-62.64038,-28.89823],[-62.65114,-28.90917],[-62.64141,-28.90821],[-62.65911,-28.90997],[-62.65746,-28.92804],[-62.67356,-28.93494],[-62.65367,-28.94892],[-62.67313,-28.95785],[-62.66528,-28.97606],[-62.67482,-28.98606],[-62.66578,-28.98479],[-62.65163,-29.02902],[-62.62855,-29.03706],[-62.64086,-29.06593],[-62.63175,-29.08398],[-62.61578,-29.08487],[-62.62,-29.09563],[-62.60849,-29.0889],[-62.57028,-29.10484],[-62.56079,-29.12538],[-62.53535,-29.13713],[-62.5054,-29.12846],[-62.50017,-29.14433],[-62.48939,-29.13525],[-62.49076,-29.14461],[-62.47462,-29.14236],[-62.47969,-29.15735],[-62.4371,-29.15343],[-62.41601,-29.1789],[-62.4277,-29.18409],[-62.41385,-29.1845],[-62.41836,-29.20338],[-62.40097,-29.20096],[-62.39001,-29.22149],[-62.36778,-29.22543],[-62.35861,-29.24378],[-62.37049,-29.24742],[-62.32188,-29.26261],[-62.30319,-29.29275],[-62.28545,-29.28704],[-62.31008,-29.32582],[-62.26046,-29.35173],[-62.24875,-29.37115],[-62.24687,-29.36163],[-62.19922,-29.35824],[-62.2,-29.37258],[-62.18187,-29.37029],[-62.17445,-29.38614],[-62.16851,-29.37285],[-62.15738,-29.38494],[-62.11031,-29.35456],[-62.0438,-29.3728],[-62.02588,-29.40477],[-61.99186,-29.42539],[-61.9499,-29.41578],[-61.99284,-29.66506],[-62.43751,-29.6666],[-62.43784,-29.59678],[-62.53362,-29.59685],[-62.54501,-29.52116],[-62.55837,-29.52089],[-62.55801,-29.4824],[-62.49781,-29.48218],[-62.49783,-29.44276],[-62.61711,-29.44253],[-62.61652,-29.36414],[-62.75261,-29.36337],[-62.75275,-29.30696],[-62.80218,-29.30642],[-62.80222,-29.28429],[-62.89146,-29.28361],[-62.89154,-29.2021],[-62.98071,-29.20199],[-62.98022,-28.96666],[-63.06812,-28.9701],[-63.06807,-28.89184],[-62.89452,-28.89166],[-62.89455,-28.86298],[-62.64387,-28.86177]]]}},{"type":"Feature","properties":{"code":"86014","name":"Alberdi"},"geometry":{"type":"Polygon","coordinates":[[[-63.09325,-26.22516],[-61.71223,-26.23449],[-61.71256,-26.80911],[-62.06466,-26.80943],[-62.06482,-26.78988],[-62.50422,-26.78722],[-62.50402,-26.83267],[-62.76512,-26.83198],[-62.92848,-26.82026],[-62.9293,-26.79374],[-63.23359,-26.79424],[-63.23369,-26.76478],[-63.3784,-26.76409],[-63.37839,-26.888],[-63.57102,-26.88722],[-63.5485,-26.92553],[-63.65719,-26.92512],[-63.68207,-26.90703],[-63.68912,-26.86526],[-63.67415,-26.79718],[-63.6618,-26.78898],[-63.6693,-26.77232],[-63.65231,-26.74847],[-63.65456,-26.66587],[-63.67288,-26.63598],[-63.65254,-26.59698],[-63.64671,-26.5281],[-63.69693,-26.47656],[-63.72073,-26.37626],[-63.76159,-26.31838],[-63.7737,-26.26456],[-63.76133,-26.21431],[-63.09325,-26.22516]]]}},{"type":"Feature","properties":{"code":"86021","name":"Atamisqui"},"geometry":{"type":"Polygon","coordinates":[[[-63.78646,-28.43573],[-63.78181,-28.45056],[-63.76696,-28.44612],[-63.77691,-28.47942],[-63.7148,-28.52979],[-63.68985,-28.51885],[-63.69956,-28.54577],[-63.66696,-28.58224],[-63.59934,-28.63348],[-63.58773,-28.63041],[-63.58154,-28.64822],[-63.62247,-28.67323],[-63.58399,-28.72424],[-63.56389,-28.71293],[-63.5526,-28.72876],[-63.65862,-28.79368],[-63.59289,-28.87625],[-63.66739,-28.9421],[-63.73362,-28.94301],[-63.73937,-28.93095],[-63.81614,-28.91422],[-63.83549,-28.89418],[-63.85927,-28.91232],[-63.89229,-28.91111],[-63.95628,-28.87133],[-64.02247,-28.87247],[-64.10987,-28.83357],[-64.13875,-28.79437],[-64.19326,-28.76095],[-64.23441,-28.68243],[-64.20627,-28.59617],[-64.16077,-28.60337],[-64.15532,-28.57746],[-64.0435,-28.59378],[-64.01971,-28.48807],[-63.85128,-28.39111],[-63.83889,-28.40506],[-63.81702,-28.39555],[-63.81625,-28.41549],[-63.78646,-28.43573]]]}},{"type":"Feature","properties":{"code":"86028","name":"Avellaneda"},"geometry":{"type":"Polygon","coordinates":[[[-63.10967,-28.32723],[-63.04079,-28.4076],[-62.91435,-28.46049],[-62.87894,-28.5073],[-62.88223,-28.56513],[-62.75337,-28.63244],[-62.71421,-28.70912],[-62.69797,-28.7938],[-62.67236,-28.80971],[-62.68234,-28.81566],[-62.65838,-28.8103],[-62.67595,-28.81985],[-62.6599,-28.83243],[-62.66622,-28.84671],[-62.65516,-28.84707],[-62.65451,-28.86273],[-62.89455,-28.86298],[-62.89452,-28.89166],[-63.06807,-28.89184],[-63.06784,-28.81157],[-63.11084,-28.8117],[-63.11083,-28.7654],[-63.24243,-28.74058],[-63.22701,-28.63716],[-63.3134,-28.63699],[-63.31337,-28.60708],[-63.35397,-28.60698],[-63.3539,-28.58721],[-63.3926,-28.60456],[-63.38374,-28.55559],[-63.46701,-28.54248],[-63.47513,-28.57644],[-63.52366,-28.56891],[-63.5308,-28.59514],[-63.60138,-28.62649],[-63.69728,-28.54874],[-63.68985,-28.51885],[-63.7148,-28.52979],[-63.77691,-28.47942],[-63.76696,-28.44612],[-63.78181,-28.45056],[-63.78646,-28.43573],[-63.69406,-28.3795],[-63.7111,-28.37161],[-63.70989,-28.3484],[-63.63577,-28.35124],[-63.61154,-28.25462],[-63.62852,-28.25181],[-63.61683,-28.19896],[-63.58086,-28.20504],[-63.57864,-28.2421],[-63.51287,-28.25658],[-63.46734,-28.25524],[-63.45969,-28.21236],[-63.36158,-28.31703],[-63.33395,-28.32988],[-63.23093,-28.34934],[-63.22829,-28.32733],[-63.10967,-28.32723]]]}},{"type":"Feature","properties":{"code":"86035","name":"Banda"},"geometry":{"type":"Polygon","coordinates":[[[-63.98998,-27.03028],[-63.93978,-27.03063],[-63.94032,-27.1449],[-63.97608,-27.14453],[-63.97566,-27.19146],[-63.92655,-27.19249],[-63.92679,-27.23775],[-63.98086,-27.24727],[-64.00075,-27.33118],[-63.99028,-27.333],[-64.00379,-27.38948],[-63.96454,-27.39625],[-63.99557,-27.51779],[-63.96017,-27.51756],[-63.98865,-27.55867],[-63.91597,-27.6555],[-63.87999,-27.6448],[-63.87988,-27.66457],[-63.91577,-27.67473],[-63.91594,-27.69533],[-63.93417,-27.6975],[-63.93391,-27.73642],[-64.0857,-27.75504],[-64.08536,-27.7399],[-64.20761,-27.81176],[-64.22428,-27.80858],[-64.27715,-27.74821],[-64.30726,-27.73597],[-64.32012,-27.68756],[-64.34874,-27.67329],[-64.36821,-27.63743],[-64.39549,-27.63203],[-64.40621,-27.60757],[-64.43247,-27.60805],[-64.46578,-27.58633],[-64.46392,-27.54963],[-64.51301,-27.4952],[-64.55881,-27.49536],[-64.61657,-27.44414],[-64.55812,-27.30946],[-64.48747,-27.35284],[-64.47648,-27.30199],[-64.46747,-27.30353],[-64.46884,-27.26032],[-64.44054,-27.26465],[-64.45677,-27.22446],[-64.44518,-27.17476],[-64.32793,-27.19637],[-64.32382,-27.17567],[-64.17797,-27.19859],[-64.17671,-27.10862],[-64.11302,-27.10914],[-64.11335,-27.14273],[-64.08545,-27.14295],[-64.08481,-27.06187],[-64.02055,-27.061],[-64.02102,-27.03001],[-63.98998,-27.03028]]]}},{"type":"Feature","properties":{"code":"86042","name":"Belgrano"},"geometry":{"type":"Polygon","coordinates":[[[-61.85724,-28.86645],[-61.9499,-29.41578],[-61.98651,-29.42613],[-62.02588,-29.40477],[-62.0438,-29.3728],[-62.11031,-29.35456],[-62.15738,-29.38494],[-62.16851,-29.37285],[-62.17445,-29.38614],[-62.18187,-29.37029],[-62.2,-29.37258],[-62.19922,-29.35824],[-62.24687,-29.36163],[-62.24875,-29.37115],[-62.26046,-29.35173],[-62.31008,-29.32582],[-62.28545,-29.28704],[-62.30319,-29.29275],[-62.32188,-29.26261],[-62.37049,-29.24742],[-62.35861,-29.24378],[-62.36778,-29.22543],[-62.39001,-29.22149],[-62.40097,-29.20096],[-62.41836,-29.20338],[-62.41385,-29.1845],[-62.4277,-29.18409],[-62.41601,-29.1789],[-62.4371,-29.15343],[-62.47969,-29.15735],[-62.47462,-29.14236],[-62.49076,-29.14461],[-62.48939,-29.13525],[-62.50017,-29.14433],[-62.5054,-29.12846],[-62.53535,-29.13713],[-62.56079,-29.12538],[-62.57028,-29.10484],[-62.60849,-29.0889],[-62.62,-29.09563],[-62.61578,-29.08487],[-62.63175,-29.08398],[-62.64086,-29.06593],[-62.62855,-29.03706],[-62.65163,-29.02902],[-62.66578,-28.98479],[-62.67482,-28.98606],[-62.66528,-28.97606],[-62.67313,-28.95785],[-62.65367,-28.94892],[-62.67356,-28.93494],[-62.65746,-28.92804],[-62.65911,-28.90997],[-62.64742,-28.9115],[-62.64141,-28.90821],[-62.65114,-28.90917],[-62.64038,-28.89823],[-62.64465,-28.86552],[-61.85724,-28.86645]]]}},{"type":"Feature","properties":{"code":"86049","name":"Capital"},"geometry":{"type":"Polygon","coordinates":[[[-64.20761,-27.81176],[-64.16209,-27.86476],[-64.1548,-27.91344],[-64.14206,-27.9185],[-64.15018,-27.93728],[-64.11893,-27.93979],[-64.10303,-27.964],[-64.22179,-27.99076],[-64.24531,-28.09353],[-64.41435,-28.06252],[-64.40185,-28.1218],[-64.43493,-28.11614],[-64.45151,-28.19596],[-64.62099,-28.16594],[-64.60427,-28.08857],[-64.58238,-28.09226],[-64.54586,-27.93611],[-64.5664,-27.93237],[-64.55793,-27.89242],[-64.65975,-27.8879],[-64.65247,-27.83595],[-64.70942,-27.82581],[-64.69884,-27.7784],[-64.71351,-27.77597],[-64.70341,-27.65215],[-64.62655,-27.66645],[-64.62326,-27.64986],[-64.53333,-27.6662],[-64.52293,-27.70586],[-64.43815,-27.60427],[-64.40621,-27.60757],[-64.39549,-27.63203],[-64.36821,-27.63743],[-64.34874,-27.67329],[-64.32012,-27.68756],[-64.30726,-27.73597],[-64.28131,-27.74475],[-64.2269,-27.80739],[-64.20761,-27.81176]]]}},{"type":"Feature","properties":{"code":"86056","name":"Copo"},"geometry":{"type":"Polygon","coordinates":[[[-62.37913,-25.65195],[-61.71182,-25.65474],[-61.71223,-26.23449],[-63.76133,-26.21431],[-63.76257,-26.19427],[-63.7051,-26.10987],[-63.69352,-26.0684],[-63.70542,-26.06381],[-63.69019,-26.03414],[-63.69949,-26.01709],[-63.71332,-26.02283],[-63.73159,-26.00957],[-63.72757,-25.96837],[-63.74527,-25.96672],[-63.73486,-25.95558],[-63.74799,-25.95126],[-63.74464,-25.9408],[-63.74603,-25.93767],[-63.75345,-25.94713],[-63.76468,-25.9152],[-63.78364,-25.91538],[-63.79157,-25.92992],[-63.77869,-25.90195],[-63.7856,-25.88024],[-63.83031,-25.84684],[-63.84624,-25.82054],[-63.83867,-25.7897],[-63.87767,-25.77375],[-63.89677,-25.73368],[-63.89262,-25.71511],[-63.91841,-25.68214],[-63.66046,-25.68537],[-63.56633,-25.70995],[-63.47552,-25.70995],[-63.42241,-25.64922],[-62.37913,-25.65195]]]}},{"type":"Feature","properties":{"code":"86063","name":"Choya"},"geometry":{"type":"Polygon","coordinates":[[[-64.62099,-28.16594],[-64.4841,-28.18979],[-64.51237,-28.31655],[-64.55109,-28.31879],[-64.48163,-28.33116],[-64.49194,-28.37602],[-64.44864,-28.38351],[-64.45347,-28.40429],[-64.55761,-28.38582],[-64.57488,-28.42225],[-64.5896,-28.41982],[-64.60049,-28.46764],[-64.54594,-28.47761],[-64.55421,-28.51621],[-64.51253,-28.52429],[-64.52348,-28.57193],[-64.54927,-28.56727],[-64.56679,-28.67279],[-64.53475,-28.6785],[-64.54258,-28.71193],[-64.5133,-28.71708],[-64.52351,-28.76411],[-64.49381,-28.7693],[-64.49793,-28.78755],[-64.52305,-28.78322],[-64.55902,-29.01582],[-64.51183,-29.0241],[-64.58874,-29.54182],[-64.82463,-29.5743],[-64.82594,-29.47365],[-64.78597,-29.4055],[-64.83807,-29.34255],[-64.84229,-29.31275],[-64.82475,-29.27378],[-64.78097,-29.26759],[-64.8376,-29.22857],[-64.85449,-29.1974],[-64.85984,-29.035],[-64.9066,-28.93245],[-64.90113,-28.84131],[-64.97727,-28.7892],[-65.01663,-28.73781],[-65.12684,-28.71622],[-65.13652,-28.64688],[-65.17325,-28.63325],[-65.17061,-28.61839],[-65.18833,-28.61915],[-65.18462,-28.60057],[-65.12589,-28.61147],[-65.11848,-28.57618],[-65.09709,-28.47094],[-65.10956,-28.24081],[-64.94826,-28.27307],[-64.93777,-28.23088],[-64.85445,-28.24729],[-64.83201,-28.15272],[-64.78527,-28.16221],[-64.78328,-28.15175],[-64.76081,-28.15628],[-64.75739,-28.14179],[-64.62099,-28.16594]]]}},{"type":"Feature","properties":{"code":"86070","name":"Figueroa"},"geometry":{"type":"Polygon","coordinates":[[[-63.23359,-26.79424],[-63.23343,-26.84172],[-63.21185,-26.84176],[-63.21178,-26.8781],[-63.23406,-26.87807],[-63.24074,-27.00658],[-63.23112,-27.00659],[-63.23117,-27.0307],[-63.24121,-27.03068],[-63.24082,-27.1085],[-63.25701,-27.10859],[-63.25724,-27.14956],[-63.2222,-27.14949],[-63.2552,-27.31209],[-63.208,-27.3215],[-63.20253,-27.43903],[-63.25218,-27.44344],[-63.26295,-27.49675],[-63.23242,-27.50005],[-63.24161,-27.53651],[-63.1839,-27.54746],[-63.21732,-27.702],[-63.22855,-27.69995],[-63.2235,-27.72803],[-63.26531,-27.72117],[-63.27525,-27.76611],[-63.34153,-27.75483],[-63.34523,-27.77093],[-63.49934,-27.78137],[-63.4955,-27.82407],[-63.47933,-27.83424],[-63.58091,-27.86702],[-63.59263,-27.82957],[-63.66051,-27.81763],[-63.67429,-27.75163],[-63.74154,-27.73305],[-63.83332,-27.73328],[-63.83297,-27.6805],[-63.87981,-27.65576],[-63.87999,-27.6448],[-63.91597,-27.6555],[-63.98865,-27.55867],[-63.96017,-27.51756],[-63.99557,-27.51779],[-63.96454,-27.39625],[-64.00379,-27.38948],[-63.99028,-27.333],[-64.00075,-27.33118],[-63.98086,-27.24727],[-63.92679,-27.23775],[-63.92655,-27.19249],[-63.97566,-27.19146],[-63.97608,-27.14453],[-63.94032,-27.1449],[-63.93978,-27.03063],[-63.98998,-27.03028],[-63.98902,-26.9044],[-63.87912,-26.90513],[-63.8795,-26.93672],[-63.82405,-26.93693],[-63.82395,-26.92432],[-63.5485,-26.92553],[-63.57102,-26.88722],[-63.37839,-26.888],[-63.3784,-26.76409],[-63.23369,-26.76478],[-63.23359,-26.79424]]]}},{"type":"Feature","properties":{"code":"86077","name":"General Taboada"},"geometry":{"type":"Polygon","coordinates":[[[-62.677,-28.32077],[-61.86408,-28.31884],[-61.87104,-28.35769],[-61.77203,-28.35709],[-61.85724,-28.86645],[-62.65466,-28.8632],[-62.65516,-28.84707],[-62.66622,-28.84671],[-62.6599,-28.83243],[-62.67595,-28.81985],[-62.65838,-28.8103],[-62.68234,-28.81566],[-62.67236,-28.80971],[-62.69797,-28.7938],[-62.71421,-28.70912],[-62.75337,-28.63244],[-62.88223,-28.56513],[-62.87894,-28.5073],[-62.91435,-28.46049],[-63.04079,-28.4076],[-63.11177,-28.32489],[-62.677,-28.32077]]]}},{"type":"Feature","properties":{"code":"86084","name":"Guasayán"},"geometry":{"type":"Polygon","coordinates":[[[-64.70369,-27.65649],[-64.71351,-27.77597],[-64.69884,-27.7784],[-64.70942,-27.82581],[-64.65247,-27.83595],[-64.65975,-27.8879],[-64.55793,-27.89242],[-64.5664,-27.93237],[-64.54586,-27.93611],[-64.58238,-28.09226],[-64.60427,-28.08857],[-64.62099,-28.16594],[-64.75739,-28.14179],[-64.76081,-28.15628],[-64.78328,-28.15175],[-64.78527,-28.16221],[-64.83201,-28.15272],[-64.85445,-28.24729],[-64.93777,-28.23088],[-64.94826,-28.27307],[-65.10956,-28.24081],[-65.17813,-27.91642],[-65.15958,-27.87702],[-65.10259,-27.8933],[-65.03904,-27.87926],[-65.01627,-27.79237],[-65.02814,-27.75271],[-64.98603,-27.74165],[-64.99097,-27.72414],[-64.97128,-27.71042],[-64.91844,-27.69493],[-64.89014,-27.70857],[-64.81173,-27.6557],[-64.81975,-27.69488],[-64.77096,-27.70354],[-64.76037,-27.64745],[-64.70369,-27.65649]]]}},{"type":"Feature","properties":{"code":"86091","name":"Jiménez"},"geometry":{"type":"Polygon","coordinates":[[[-63.69234,-26.47867],[-63.64671,-26.5281],[-63.65254,-26.59698],[-63.67347,-26.64379],[-63.65456,-26.66587],[-63.65231,-26.74847],[-63.6693,-26.77232],[-63.6618,-26.78898],[-63.67415,-26.79718],[-63.68912,-26.86526],[-63.68207,-26.90703],[-63.65719,-26.92512],[-63.82395,-26.92432],[-63.82405,-26.93693],[-63.8795,-26.93672],[-63.87912,-26.90513],[-63.98902,-26.9044],[-63.98998,-27.03028],[-64.02102,-27.03001],[-64.02055,-27.061],[-64.08481,-27.06187],[-64.08545,-27.14295],[-64.11335,-27.14273],[-64.11302,-27.10914],[-64.17671,-27.10862],[-64.17797,-27.19859],[-64.32382,-27.17567],[-64.32793,-27.19637],[-64.44518,-27.17476],[-64.45677,-27.22446],[-64.44054,-27.26465],[-64.46884,-27.26032],[-64.46747,-27.30353],[-64.47648,-27.30199],[-64.48747,-27.35284],[-64.55812,-27.30946],[-64.57041,-27.33851],[-64.68098,-27.23368],[-64.74962,-27.23108],[-64.76436,-27.18553],[-64.79855,-27.15077],[-64.76686,-27.01481],[-64.74259,-27.00441],[-64.70739,-26.82004],[-64.67771,-26.82498],[-64.67223,-26.79422],[-64.61789,-26.80269],[-64.58702,-26.65793],[-64.49858,-26.67359],[-64.50836,-26.55396],[-64.28207,-26.56861],[-64.28197,-26.60594],[-64.26378,-26.60611],[-64.26357,-26.63445],[-64.15607,-26.65223],[-64.16242,-26.69707],[-63.98047,-26.72126],[-63.87728,-26.72125],[-63.86903,-26.64501],[-63.80177,-26.64129],[-63.76816,-26.47828],[-63.69234,-26.47867]]]}},{"type":"Feature","properties":{"code":"86098","name":"Juan Felipe Ibarra"},"geometry":{"type":"Polygon","coordinates":[[[-63.2235,-27.72803],[-62.94857,-27.75146],[-62.94818,-27.77526],[-62.88434,-27.7776],[-62.8843,-27.81976],[-62.67418,-27.82027],[-62.67444,-27.79818],[-62.57026,-27.79925],[-62.57057,-27.81761],[-62.23198,-27.81988],[-62.23142,-27.79047],[-61.7119,-27.79718],[-61.71204,-27.99855],[-61.77203,-28.35709],[-61.87104,-28.35769],[-61.86408,-28.31884],[-63.1107,-28.31655],[-63.0954,-28.27014],[-63.13361,-28.24339],[-63.14493,-28.20693],[-63.20028,-28.16587],[-63.2702,-28.15967],[-63.29376,-28.08673],[-63.31756,-28.08066],[-63.32797,-28.05433],[-63.39805,-28.02855],[-63.40974,-27.97276],[-63.44496,-27.95342],[-63.44247,-27.92279],[-63.46721,-27.90634],[-63.45774,-27.88251],[-63.48034,-27.82524],[-63.4955,-27.82407],[-63.49934,-27.78137],[-63.34523,-27.77093],[-63.34153,-27.75483],[-63.27525,-27.76611],[-63.26531,-27.72117],[-63.2235,-27.72803]]]}},{"type":"Feature","properties":{"code":"86105","name":"Loreto"},"geometry":{"type":"Polygon","coordinates":[[[-63.85128,-28.39111],[-64.01971,-28.48807],[-64.0435,-28.59378],[-64.15532,-28.57746],[-64.16077,-28.60337],[-64.20627,-28.59617],[-64.21702,-28.60514],[-64.23441,-28.68243],[-64.19403,-28.75961],[-64.26609,-29.03732],[-64.51364,-29.03444],[-64.51183,-29.0241],[-64.55902,-29.01582],[-64.52305,-28.78322],[-64.49793,-28.78755],[-64.49381,-28.7693],[-64.52351,-28.76411],[-64.5133,-28.71708],[-64.54258,-28.71193],[-64.53475,-28.6785],[-64.56679,-28.67279],[-64.54927,-28.56727],[-64.52348,-28.57193],[-64.51253,-28.52429],[-64.55421,-28.51621],[-64.54594,-28.47761],[-64.60049,-28.46764],[-64.5896,-28.41982],[-64.57488,-28.42225],[-64.55761,-28.38582],[-64.45347,-28.40429],[-64.44864,-28.38351],[-64.49071,-28.37133],[-64.2631,-28.34079],[-64.1886,-28.30629],[-64.17811,-28.28259],[-64.08257,-28.2489],[-64.08195,-28.27823],[-64.05496,-28.30451],[-64.04935,-28.33014],[-64.01711,-28.30771],[-64.03056,-28.33546],[-64.00835,-28.32883],[-63.98619,-28.34729],[-63.96895,-28.34336],[-63.97111,-28.35905],[-63.94824,-28.3814],[-63.92706,-28.36746],[-63.9022,-28.39289],[-63.88944,-28.37872],[-63.8802,-28.38963],[-63.87588,-28.37654],[-63.85128,-28.39111]]]}},{"type":"Feature","properties":{"code":"86112","name":"Mitre"},"geometry":{"type":"Polygon","coordinates":[[[-62.75275,-29.30696],[-62.75261,-29.36337],[-62.61652,-29.36414],[-62.61711,-29.44253],[-62.49783,-29.44276],[-62.49781,-29.48218],[-62.55801,-29.4824],[-62.53362,-29.59685],[-62.43784,-29.59678],[-62.43615,-29.94958],[-62.60851,-30.05646],[-62.6638,-30.04875],[-62.67474,-30.03519],[-62.65499,-30.00735],[-62.6638,-29.9983],[-62.72388,-29.99081],[-62.75362,-29.96642],[-62.79193,-29.95999],[-62.78585,-29.94002],[-62.79955,-29.90876],[-62.82028,-29.90394],[-62.82497,-29.8759],[-62.83794,-29.87062],[-62.82923,-29.84159],[-62.80874,-29.83713],[-62.80381,-29.81936],[-62.80578,-29.78189],[-62.84898,-29.74877],[-62.84398,-29.66979],[-62.88379,-29.63646],[-62.93511,-29.62194],[-62.96532,-29.58334],[-62.96533,-29.56258],[-62.99218,-29.55812],[-63.01238,-29.5195],[-63.03966,-29.50378],[-63.03144,-29.48166],[-63.05495,-29.4803],[-63.09769,-29.41508],[-63.12804,-29.40535],[-63.11978,-29.35063],[-63.13346,-29.31783],[-63.15784,-29.31238],[-62.99424,-29.21857],[-62.99589,-29.20202],[-62.89154,-29.2021],[-62.89146,-29.28361],[-62.80222,-29.28429],[-62.80218,-29.30642],[-62.75275,-29.30696]]]}},{"type":"Feature","properties":{"code":"86119","name":"Moreno"},"geometry":{"type":"Polygon","coordinates":[[[-62.06482,-26.78988],[-62.06466,-26.80943],[-61.71256,-26.80911],[-61.7119,-27.79718],[-62.23142,-27.79047],[-62.23198,-27.81988],[-62.57057,-27.81761],[-62.57026,-27.79925],[-62.67444,-27.79818],[-62.67418,-27.82027],[-62.8843,-27.81976],[-62.88434,-27.7776],[-62.94818,-27.77526],[-62.94857,-27.75146],[-63.2235,-27.72803],[-63.22855,-27.69995],[-63.21732,-27.702],[-63.1839,-27.54746],[-63.24161,-27.53651],[-63.23242,-27.50005],[-63.26295,-27.49675],[-63.25218,-27.44344],[-63.20253,-27.43903],[-63.208,-27.3215],[-63.2552,-27.31209],[-63.2222,-27.14949],[-63.25724,-27.14956],[-63.25701,-27.10859],[-63.24082,-27.1085],[-63.24121,-27.03068],[-63.23117,-27.0307],[-63.23112,-27.00659],[-63.24074,-27.00658],[-63.23406,-26.87807],[-63.21178,-26.8781],[-63.21185,-26.84176],[-63.23343,-26.84172],[-63.23359,-26.79424],[-62.9293,-26.79374],[-62.92848,-26.82026],[-62.50402,-26.83267],[-62.50422,-26.78722],[-62.06482,-26.78988]]]}},{"type":"Feature","properties":{"code":"86126","name":"Ojo de Agua"},"geometry":{"type":"Polygon","coordinates":[[[-64.05988,-28.85665],[-64.00572,-28.87749],[-63.95628,-28.87133],[-63.88066,-28.91041],[-63.91944,-28.93766],[-63.85191,-28.93805],[-63.81943,-28.96251],[-63.80755,-28.95304],[-63.796,-28.96208],[-63.84592,-29.00368],[-63.83122,-29.01679],[-63.83572,-29.03649],[-63.71876,-29.0592],[-63.73007,-29.10879],[-63.77411,-29.10105],[-63.79451,-29.21759],[-63.75041,-29.22551],[-63.7383,-29.17016],[-63.6706,-29.18185],[-63.70505,-29.33488],[-63.64726,-29.3063],[-63.65317,-29.39249],[-63.67822,-29.4127],[-63.64222,-29.43962],[-63.58094,-29.45296],[-63.57488,-29.50026],[-63.53851,-29.51904],[-63.53269,-29.48333],[-63.3294,-29.53748],[-63.34458,-29.61426],[-63.27853,-29.63496],[-63.27047,-29.77918],[-63.45962,-29.75693],[-63.4597,-29.72552],[-63.48047,-29.72555],[-63.46535,-29.66448],[-63.6279,-29.655],[-63.719,-29.66622],[-63.74841,-29.65328],[-63.75615,-29.62155],[-63.79605,-29.61443],[-63.78377,-29.58417],[-63.84191,-29.58077],[-63.87386,-29.63079],[-63.9578,-29.6235],[-63.9808,-29.55103],[-64.08226,-29.53013],[-64.27548,-29.49867],[-64.58874,-29.54182],[-64.51364,-29.03444],[-64.26609,-29.03732],[-64.19403,-28.75961],[-64.13875,-28.79437],[-64.10987,-28.83357],[-64.05988,-28.85665]]]}},{"type":"Feature","properties":{"code":"86133","name":"Pellegrini"},"geometry":{"type":"Polygon","coordinates":[[[-63.91841,-25.68214],[-63.89262,-25.71511],[-63.89677,-25.73368],[-63.87767,-25.77375],[-63.83867,-25.7897],[-63.84624,-25.82054],[-63.83031,-25.84684],[-63.7856,-25.88024],[-63.77869,-25.90195],[-63.79157,-25.92992],[-63.78364,-25.91538],[-63.76468,-25.9152],[-63.75345,-25.94713],[-63.74603,-25.93767],[-63.74799,-25.95126],[-63.73486,-25.95558],[-63.74527,-25.96672],[-63.72757,-25.96837],[-63.73159,-26.00957],[-63.71332,-26.02283],[-63.69949,-26.01709],[-63.69019,-26.03414],[-63.70542,-26.06381],[-63.69352,-26.0684],[-63.7051,-26.10987],[-63.76416,-26.19752],[-63.75829,-26.22848],[-63.7737,-26.26456],[-63.76159,-26.31838],[-63.72073,-26.37626],[-63.7204,-26.40949],[-63.69234,-26.47867],[-63.76816,-26.47828],[-63.80177,-26.64129],[-63.86903,-26.64501],[-63.87728,-26.72125],[-63.98047,-26.72126],[-64.16242,-26.69707],[-64.15607,-26.65223],[-64.26357,-26.63445],[-64.26378,-26.60611],[-64.28197,-26.60594],[-64.28207,-26.56861],[-64.41708,-26.56595],[-64.41719,-26.55397],[-64.5208,-26.54796],[-64.53155,-26.37866],[-64.48179,-26.30759],[-64.5021,-26.23948],[-64.41668,-26.1143],[-64.40362,-26.04841],[-64.41301,-26.04048],[-64.26797,-25.70057],[-64.1975,-25.70946],[-64.19628,-25.728],[-64.02555,-25.75394],[-64.00784,-25.67377],[-63.91841,-25.68214]]]}},{"type":"Feature","properties":{"code":"86140","name":"Quebrachos"},"geometry":{"type":"Polygon","coordinates":[[[-63.81841,-28.91258],[-63.73937,-28.93095],[-63.73177,-28.94352],[-63.68279,-28.94603],[-63.64993,-28.9297],[-63.6262,-28.94952],[-63.59577,-28.94837],[-63.57889,-28.9782],[-63.56593,-28.96798],[-63.55092,-28.98346],[-63.54232,-28.96915],[-63.53893,-29.01905],[-63.47587,-29.027],[-63.44897,-29.05921],[-63.41466,-29.0696],[-63.39546,-29.08464],[-63.38151,-29.13671],[-63.36198,-29.12841],[-63.32007,-29.14115],[-63.30755,-29.19535],[-63.28055,-29.22582],[-63.25125,-29.22245],[-63.21419,-29.239],[-63.18522,-29.28743],[-63.15812,-29.29132],[-63.15937,-29.3108],[-63.13346,-29.31783],[-63.11846,-29.36228],[-63.12804,-29.40535],[-63.09769,-29.41508],[-63.05495,-29.4803],[-63.03144,-29.48166],[-63.03966,-29.50378],[-63.01238,-29.5195],[-62.99218,-29.55812],[-62.96533,-29.56258],[-62.96532,-29.58334],[-62.93511,-29.62194],[-62.88379,-29.63646],[-62.84487,-29.66844],[-62.84898,-29.74877],[-62.80578,-29.78189],[-62.80587,-29.83352],[-63.27047,-29.77918],[-63.27853,-29.63496],[-63.34458,-29.61426],[-63.3294,-29.53748],[-63.53269,-29.48333],[-63.53851,-29.51904],[-63.57488,-29.50026],[-63.58094,-29.45296],[-63.64222,-29.43962],[-63.67822,-29.4127],[-63.65317,-29.39249],[-63.64726,-29.3063],[-63.70505,-29.33488],[-63.6706,-29.18185],[-63.7383,-29.17016],[-63.75041,-29.22551],[-63.79451,-29.21759],[-63.77411,-29.10105],[-63.73007,-29.10879],[-63.71876,-29.0592],[-63.83572,-29.03649],[-63.83122,-29.01679],[-63.84592,-29.00368],[-63.796,-28.96208],[-63.80755,-28.95304],[-63.81943,-28.96251],[-63.85191,-28.93805],[-63.91944,-28.93766],[-63.83862,-28.89429],[-63.81841,-28.91258]]]}},{"type":"Feature","properties":{"code":"86147","name":"Río Hondo"},"geometry":{"type":"Polygon","coordinates":[[[-64.79855,-27.15077],[-64.76436,-27.18553],[-64.74869,-27.23185],[-64.68098,-27.23368],[-64.57041,-27.33851],[-64.61657,-27.44414],[-64.55881,-27.49536],[-64.51301,-27.4952],[-64.46392,-27.54963],[-64.46639,-27.5852],[-64.43815,-27.60427],[-64.52293,-27.70586],[-64.53333,-27.6662],[-64.62326,-27.64986],[-64.62655,-27.66645],[-64.76037,-27.64745],[-64.77096,-27.70354],[-64.81975,-27.69488],[-64.81173,-27.6557],[-64.89014,-27.70857],[-64.91844,-27.69493],[-64.99097,-27.72414],[-65.02712,-27.58715],[-65.01095,-27.56176],[-64.99168,-27.57128],[-64.96622,-27.55129],[-64.96812,-27.50537],[-65.00887,-27.48371],[-64.97437,-27.35092],[-64.93709,-27.35809],[-64.93399,-27.34495],[-64.85426,-27.3183],[-64.81122,-27.14932],[-64.79855,-27.15077]]]}},{"type":"Feature","properties":{"code":"86154","name":"Rivadavia"},"geometry":{"type":"Polygon","coordinates":[[[-61.99167,-29.6616],[-62.13065,-30.48043],[-62.17379,-30.34531],[-62.52008,-30.3419],[-62.53453,-30.31202],[-62.59362,-30.25958],[-62.5968,-30.16574],[-62.56767,-30.12307],[-62.55648,-30.06279],[-62.60851,-30.05646],[-62.43615,-29.94958],[-62.43751,-29.6666],[-61.99167,-29.6616]]]}},{"type":"Feature","properties":{"code":"86161","name":"Robles"},"geometry":{"type":"Polygon","coordinates":[[[-63.66051,-27.81763],[-63.68918,-27.98389],[-63.72908,-27.97728],[-63.73457,-28.00307],[-63.92381,-27.96697],[-63.93048,-28.0362],[-63.96338,-28.02977],[-63.9565,-28.0009],[-64.04636,-27.98538],[-64.04098,-27.96124],[-64.10977,-27.9726],[-64.10503,-27.95091],[-64.15307,-27.93293],[-64.14206,-27.9185],[-64.1548,-27.91344],[-64.16209,-27.86476],[-64.20761,-27.81176],[-64.08536,-27.7399],[-64.0857,-27.75504],[-63.93391,-27.73642],[-63.93417,-27.6975],[-63.91594,-27.69533],[-63.91577,-27.67473],[-63.87981,-27.65576],[-63.83297,-27.6805],[-63.83332,-27.73328],[-63.74154,-27.73305],[-63.67429,-27.75163],[-63.66051,-27.81763]]]}},{"type":"Feature","properties":{"code":"86168","name":"Salavina"},"geometry":{"type":"Polygon","coordinates":[[[-63.06807,-28.89184],[-63.06812,-28.9701],[-62.98022,-28.96666],[-62.98071,-29.20199],[-63.15784,-29.31238],[-63.15812,-29.29132],[-63.18522,-29.28743],[-63.21419,-29.239],[-63.26394,-29.22007],[-63.27933,-29.22689],[-63.29564,-29.21015],[-63.32202,-29.13944],[-63.36198,-29.12841],[-63.38151,-29.13671],[-63.39546,-29.08464],[-63.41466,-29.0696],[-63.44897,-29.05921],[-63.47587,-29.027],[-63.53893,-29.01905],[-63.54232,-28.96915],[-63.55092,-28.98346],[-63.56593,-28.96798],[-63.57889,-28.9782],[-63.59577,-28.94837],[-63.6262,-28.94952],[-63.64993,-28.9297],[-63.66338,-28.93861],[-63.59289,-28.87625],[-63.65862,-28.79368],[-63.5526,-28.72876],[-63.56389,-28.71293],[-63.58399,-28.72424],[-63.62247,-28.67323],[-63.58154,-28.64822],[-63.60138,-28.62649],[-63.5308,-28.59514],[-63.52366,-28.56891],[-63.47513,-28.57644],[-63.46701,-28.54248],[-63.38374,-28.55559],[-63.3926,-28.60456],[-63.3539,-28.58721],[-63.35397,-28.60698],[-63.31337,-28.60708],[-63.3134,-28.63699],[-63.22701,-28.63716],[-63.24243,-28.74058],[-63.11083,-28.7654],[-63.11084,-28.8117],[-63.06784,-28.81157],[-63.06807,-28.89184]]]}},{"type":"Feature","properties":{"code":"86175","name":"San Martín"},"geometry":{"type":"Polygon","coordinates":[[[-63.73457,-28.00307],[-63.73702,-28.01449],[-63.64167,-28.09028],[-63.65386,-28.14753],[-63.60641,-28.14972],[-63.62852,-28.25181],[-63.61154,-28.25462],[-63.63577,-28.35124],[-63.70989,-28.3484],[-63.7111,-28.37161],[-63.69406,-28.3795],[-63.79588,-28.43554],[-63.81904,-28.39456],[-63.83889,-28.40506],[-63.87588,-28.37654],[-63.8802,-28.38963],[-63.88944,-28.37872],[-63.9022,-28.39289],[-63.92706,-28.36746],[-63.94185,-28.38339],[-63.97111,-28.35905],[-63.96895,-28.34336],[-63.98619,-28.34729],[-64.00835,-28.32883],[-64.02838,-28.33742],[-64.01711,-28.30771],[-64.0519,-28.3285],[-64.08346,-28.26413],[-64.06254,-28.19603],[-64.0601,-28.09434],[-64.10977,-27.9726],[-64.04098,-27.96124],[-64.04636,-27.98538],[-63.9565,-28.0009],[-63.96338,-28.02977],[-63.93048,-28.0362],[-63.92381,-27.96697],[-63.73457,-28.00307]]]}},{"type":"Feature","properties":{"code":"86182","name":"Sarmiento"},"geometry":{"type":"Polygon","coordinates":[[[-63.48148,-27.8358],[-63.45774,-27.88251],[-63.46698,-27.90718],[-63.44247,-27.92279],[-63.44496,-27.95342],[-63.40974,-27.97276],[-63.39805,-28.02855],[-63.32797,-28.05433],[-63.31756,-28.08066],[-63.29376,-28.08673],[-63.2702,-28.15967],[-63.20028,-28.16587],[-63.14493,-28.20693],[-63.13361,-28.24339],[-63.0954,-28.27014],[-63.11535,-28.30769],[-63.10967,-28.32723],[-63.22829,-28.32733],[-63.23093,-28.34934],[-63.33395,-28.32988],[-63.36158,-28.31703],[-63.45969,-28.21236],[-63.46734,-28.25524],[-63.51287,-28.25658],[-63.57864,-28.2421],[-63.58086,-28.20504],[-63.61683,-28.19896],[-63.60641,-28.14972],[-63.65386,-28.14753],[-63.64167,-28.09028],[-63.73702,-28.01449],[-63.72908,-27.97728],[-63.68918,-27.98389],[-63.66051,-27.81763],[-63.59263,-27.82957],[-63.58091,-27.86702],[-63.48148,-27.8358]]]}},{"type":"Feature","properties":{"code":"86189","name":"Silípica"},"geometry":{"type":"Polygon","coordinates":[[[-64.10977,-27.9726],[-64.0601,-28.09434],[-64.06254,-28.19603],[-64.07785,-28.24698],[-64.17811,-28.28259],[-64.1886,-28.30629],[-64.2631,-28.34079],[-64.49071,-28.37133],[-64.48163,-28.33116],[-64.55109,-28.31879],[-64.51237,-28.31655],[-64.4841,-28.18979],[-64.45151,-28.19596],[-64.43493,-28.11614],[-64.40185,-28.1218],[-64.41435,-28.06252],[-64.24531,-28.09353],[-64.22179,-27.99076],[-64.1036,-27.96532],[-64.10977,-27.9726]]]}},{"type":"Feature","properties":{"code":"90007","name":"Burruyacú"},"geometry":{"type":"Polygon","coordinates":[[[-64.50856,-26.21803],[-64.49492,-26.2195],[-64.5021,-26.23948],[-64.48179,-26.30759],[-64.52025,-26.35238],[-64.53477,-26.41012],[-64.49858,-26.67359],[-64.58702,-26.65793],[-64.61789,-26.80269],[-64.67223,-26.79422],[-64.67771,-26.82498],[-64.70739,-26.82004],[-64.71984,-26.83456],[-64.72485,-26.86747],[-64.78125,-26.8579],[-64.7783,-26.84432],[-64.8084,-26.83981],[-64.80519,-26.82249],[-64.846,-26.81503],[-64.85208,-26.84092],[-64.89405,-26.833],[-64.8797,-26.77395],[-64.93688,-26.76352],[-64.94789,-26.80672],[-65.10468,-26.77686],[-65.09987,-26.75574],[-65.1299,-26.7441],[-65.15742,-26.75631],[-65.17314,-26.65643],[-65.1918,-26.64097],[-65.16542,-26.59938],[-65.1719,-26.57842],[-65.19142,-26.58073],[-65.19116,-26.55368],[-65.16733,-26.55363],[-65.14092,-26.50779],[-65.11445,-26.50875],[-65.10305,-26.40005],[-65.04473,-26.32032],[-65.03782,-26.29028],[-64.97252,-26.27438],[-64.95087,-26.3068],[-64.87344,-26.27492],[-64.84532,-26.2386],[-64.82277,-26.24269],[-64.79041,-26.22372],[-64.75907,-26.22399],[-64.73215,-26.24156],[-64.6665,-26.2427],[-64.62205,-26.22452],[-64.61373,-26.23342],[-64.57958,-26.21818],[-64.56415,-26.22692],[-64.50856,-26.21803]]]}},{"type":"Feature","properties":{"code":"90014","name":"Cruz Alta"},"geometry":{"type":"Polygon","coordinates":[[[-65.1297,-26.74843],[-65.09987,-26.75574],[-65.10468,-26.77686],[-64.94789,-26.80672],[-64.93688,-26.76352],[-64.8797,-26.77395],[-64.89405,-26.833],[-64.85208,-26.84092],[-64.846,-26.81503],[-64.80519,-26.82249],[-64.8084,-26.83981],[-64.7783,-26.84432],[-64.78125,-26.8579],[-64.72485,-26.86747],[-64.71984,-26.83456],[-64.71047,-26.83617],[-64.74259,-27.00441],[-64.76686,-27.01481],[-64.78117,-27.07661],[-65.04655,-27.01512],[-65.04965,-27.02945],[-65.11907,-27.01622],[-65.12131,-27.02595],[-65.24603,-26.99753],[-65.21467,-26.95114],[-65.20808,-26.89312],[-65.15955,-26.81493],[-65.16214,-26.76296],[-65.1297,-26.74843]]]}},{"type":"Feature","properties":{"code":"90021","name":"Chicligasta"},"geometry":{"type":"Polygon","coordinates":[[[-65.95826,-27.06581],[-65.9229,-27.09565],[-65.82307,-27.13689],[-65.79756,-27.16408],[-65.79595,-27.19506],[-65.69691,-27.20156],[-65.6836,-27.22645],[-65.58209,-27.27735],[-65.54313,-27.28546],[-65.53288,-27.2758],[-65.51731,-27.29243],[-65.46557,-27.30115],[-65.46092,-27.32703],[-65.4783,-27.38168],[-65.46167,-27.39386],[-65.47146,-27.42167],[-65.48719,-27.40463],[-65.50672,-27.43554],[-65.54704,-27.43206],[-65.55535,-27.41606],[-65.57502,-27.42239],[-65.60466,-27.41],[-65.60973,-27.42117],[-65.61231,-27.40918],[-65.61835,-27.42007],[-65.72797,-27.35535],[-65.90055,-27.36722],[-65.93034,-27.38335],[-65.93439,-27.4032],[-65.96753,-27.39908],[-65.97309,-27.33162],[-66.02927,-27.29815],[-66.13958,-27.26183],[-66.10995,-27.21552],[-66.07876,-27.20946],[-66.05451,-27.14492],[-66.00569,-27.10361],[-65.98896,-27.10398],[-65.97406,-27.05458],[-65.95826,-27.06581]]]}},{"type":"Feature","properties":{"code":"90028","name":"Famaillá"},"geometry":{"type":"Polygon","coordinates":[[[-65.61831,-26.83666],[-65.46617,-26.88251],[-65.44179,-26.92892],[-65.375,-26.96617],[-65.36485,-27.00096],[-65.33107,-27.02051],[-65.3219,-27.04287],[-65.35135,-27.08739],[-65.3441,-27.10453],[-65.39,-27.08871],[-65.4027,-27.11563],[-65.42194,-27.11215],[-65.42867,-27.13151],[-65.47164,-27.10896],[-65.48855,-27.0843],[-65.47668,-27.06041],[-65.4904,-27.01965],[-65.52758,-27.00178],[-65.54343,-26.96832],[-65.59236,-26.93354],[-65.65622,-26.92784],[-65.66315,-26.91021],[-65.62871,-26.87629],[-65.62397,-26.82526],[-65.61831,-26.83666]]]}},{"type":"Feature","properties":{"code":"90035","name":"Graneros"},"geometry":{"type":"Polygon","coordinates":[[[-65.34818,-27.52432],[-65.34167,-27.53712],[-65.28193,-27.54607],[-65.25981,-27.56402],[-65.16871,-27.56559],[-65.15245,-27.58782],[-65.11506,-27.56819],[-65.07106,-27.58697],[-65.05732,-27.57447],[-65.03072,-27.58222],[-65.02425,-27.55954],[-65.01196,-27.56603],[-65.02712,-27.58715],[-64.98603,-27.74165],[-65.02814,-27.75271],[-65.01627,-27.79237],[-65.03904,-27.87926],[-65.10259,-27.8933],[-65.15958,-27.87702],[-65.17813,-27.91642],[-65.1708,-27.94646],[-65.36467,-27.84579],[-65.4362,-27.88649],[-65.41494,-27.79649],[-65.47282,-27.78832],[-65.46401,-27.7607],[-65.50393,-27.73818],[-65.49414,-27.6943],[-65.50527,-27.69221],[-65.49943,-27.66715],[-65.52029,-27.66354],[-65.51263,-27.6274],[-65.52219,-27.62159],[-65.51127,-27.61412],[-65.53518,-27.62151],[-65.51833,-27.54933],[-65.34818,-27.52432]]]}},{"type":"Feature","properties":{"code":"90042","name":"Juan Bautista Alberdi"},"geometry":{"type":"Polygon","coordinates":[[[-65.78003,-27.53213],[-65.75857,-27.52679],[-65.72645,-27.54153],[-65.60142,-27.51585],[-65.51675,-27.55029],[-65.53517,-27.62149],[-65.54964,-27.60898],[-65.67211,-27.63618],[-65.71024,-27.60972],[-65.73432,-27.61295],[-65.75269,-27.65699],[-65.74154,-27.67925],[-65.77001,-27.74127],[-65.75324,-27.76997],[-65.79882,-27.78676],[-65.79465,-27.8071],[-65.82069,-27.82035],[-65.83083,-27.85115],[-65.82891,-27.81279],[-65.86549,-27.68901],[-65.87542,-27.67247],[-65.9154,-27.66914],[-65.95467,-27.57643],[-65.97573,-27.49351],[-65.97347,-27.43664],[-65.96339,-27.42332],[-65.93157,-27.43844],[-65.92682,-27.47667],[-65.8787,-27.51459],[-65.78003,-27.53213]]]}},{"type":"Feature","properties":{"code":"90049","name":"La Cocha"},"geometry":{"type":"Polygon","coordinates":[[[-65.54759,-27.6092],[-65.5323,-27.62277],[-65.51127,-27.61412],[-65.52219,-27.62159],[-65.51263,-27.6274],[-65.52029,-27.66354],[-65.49943,-27.66715],[-65.50527,-27.69221],[-65.49414,-27.6943],[-65.50393,-27.73818],[-65.46401,-27.7607],[-65.47282,-27.78832],[-65.41494,-27.79649],[-65.4362,-27.88649],[-65.50011,-27.92414],[-65.52317,-27.94934],[-65.51969,-27.96187],[-65.57633,-28.01412],[-65.6126,-27.99129],[-65.61749,-27.97169],[-65.66627,-27.97324],[-65.69886,-27.8896],[-65.70391,-27.80809],[-65.71931,-27.81627],[-65.77001,-27.74127],[-65.74154,-27.67925],[-65.75269,-27.65699],[-65.73236,-27.61141],[-65.71024,-27.60972],[-65.67211,-27.63618],[-65.54759,-27.6092]]]}},{"type":"Feature","properties":{"code":"90056","name":"Leales"},"geometry":{"type":"Polygon","coordinates":[[[-65.29459,-26.92257],[-65.25108,-26.97326],[-65.26917,-27.02097],[-65.2565,-27.0223],[-65.2496,-26.99696],[-65.12131,-27.02595],[-65.11907,-27.01622],[-65.04965,-27.02945],[-65.04655,-27.01512],[-64.78117,-27.07661],[-64.85426,-27.3183],[-64.93399,-27.34495],[-64.93709,-27.35809],[-64.97437,-27.35092],[-65.00887,-27.48371],[-65.00125,-27.49456],[-65.04044,-27.47767],[-65.06313,-27.44233],[-65.06329,-27.46163],[-65.10422,-27.44691],[-65.08864,-27.43857],[-65.09271,-27.421],[-65.11145,-27.42643],[-65.15724,-27.37196],[-65.19343,-27.36184],[-65.21967,-27.33306],[-65.21737,-27.31529],[-65.30081,-27.26727],[-65.3013,-27.22412],[-65.33501,-27.21651],[-65.36887,-27.16207],[-65.41429,-27.14579],[-65.40938,-27.1375],[-65.42652,-27.12774],[-65.42194,-27.11215],[-65.4027,-27.11563],[-65.39,-27.08871],[-65.3528,-27.10918],[-65.343,-27.1031],[-65.35135,-27.08739],[-65.31066,-27.02748],[-65.31475,-27.01001],[-65.30053,-27.02012],[-65.28382,-26.98636],[-65.31403,-26.98648],[-65.29459,-26.92257]]]}},{"type":"Feature","properties":{"code":"90063","name":"Lules"},"geometry":{"type":"Polygon","coordinates":[[[-65.60975,-26.72846],[-65.54779,-26.76367],[-65.51582,-26.7481],[-65.48289,-26.75954],[-65.45841,-26.77339],[-65.43237,-26.8153],[-65.27058,-26.83611],[-65.27068,-26.85725],[-65.23003,-26.86845],[-65.20797,-26.92839],[-65.2565,-27.0223],[-65.26999,-27.01961],[-65.25108,-26.97326],[-65.2948,-26.92127],[-65.31403,-26.98648],[-65.28382,-26.98636],[-65.30053,-27.02012],[-65.29858,-27.01126],[-65.31475,-27.01001],[-65.30931,-27.02438],[-65.3242,-27.03314],[-65.36485,-27.00096],[-65.375,-26.96617],[-65.44179,-26.92892],[-65.46617,-26.88251],[-65.61189,-26.84103],[-65.63384,-26.81131],[-65.68001,-26.81289],[-65.71085,-26.73878],[-65.65139,-26.75676],[-65.60975,-26.72846]]]}},{"type":"Feature","properties":{"code":"90070","name":"Monteros"},"geometry":{"type":"Polygon","coordinates":[[[-65.6355,-26.92399],[-65.59236,-26.93354],[-65.54343,-26.96832],[-65.52758,-27.00178],[-65.4904,-27.01965],[-65.4786,-27.04363],[-65.48504,-27.09576],[-65.36221,-27.17574],[-65.40006,-27.17459],[-65.42257,-27.21727],[-65.44605,-27.21693],[-65.47007,-27.29998],[-65.51731,-27.29243],[-65.53288,-27.2758],[-65.54313,-27.28546],[-65.58209,-27.27735],[-65.6836,-27.22645],[-65.69691,-27.20156],[-65.79595,-27.19506],[-65.79756,-27.16408],[-65.82307,-27.13689],[-65.9229,-27.09565],[-65.97281,-27.05404],[-65.96431,-27.0331],[-65.91712,-27.01488],[-65.9138,-26.98264],[-65.88983,-26.96978],[-65.86073,-26.98405],[-65.85418,-27.01645],[-65.78104,-27.09972],[-65.77054,-27.09238],[-65.78011,-27.04724],[-65.74243,-27.03523],[-65.71242,-26.97218],[-65.66153,-26.95244],[-65.65622,-26.92784],[-65.6355,-26.92399]]]}},{"type":"Feature","properties":{"code":"90077","name":"Río Chico"},"geometry":{"type":"Polygon","coordinates":[[[-65.79287,-27.35621],[-65.71971,-27.35697],[-65.65504,-27.40753],[-65.644,-27.40151],[-65.64207,-27.41355],[-65.61832,-27.42008],[-65.61231,-27.40918],[-65.60973,-27.42117],[-65.60466,-27.41],[-65.55413,-27.41663],[-65.55843,-27.47997],[-65.53219,-27.48494],[-65.54509,-27.54151],[-65.59317,-27.51642],[-65.66273,-27.52027],[-65.72667,-27.54154],[-65.75857,-27.52679],[-65.8787,-27.51459],[-65.92682,-27.47667],[-65.93157,-27.43844],[-65.9724,-27.42522],[-65.96753,-27.39908],[-65.93439,-27.4032],[-65.93034,-27.38335],[-65.90115,-27.3674],[-65.79287,-27.35621]]]}},{"type":"Feature","properties":{"code":"90084","name":"Capital"},"geometry":{"type":"Polygon","coordinates":[[[-65.16097,-26.79094],[-65.15955,-26.81493],[-65.20925,-26.91421],[-65.23003,-26.86845],[-65.27449,-26.85223],[-65.25695,-26.79224],[-65.16097,-26.79094]]]}},{"type":"Feature","properties":{"code":"90091","name":"Simoca"},"geometry":{"type":"Polygon","coordinates":[[[-65.39827,-27.17426],[-65.35398,-27.18034],[-65.33501,-27.21651],[-65.3013,-27.22412],[-65.30081,-27.26727],[-65.21756,-27.31513],[-65.21344,-27.34241],[-65.15724,-27.37196],[-65.11145,-27.42643],[-65.09286,-27.42086],[-65.08864,-27.43857],[-65.1032,-27.44778],[-65.06329,-27.46163],[-65.06313,-27.44233],[-65.03793,-27.47927],[-64.97264,-27.4987],[-64.97359,-27.56271],[-64.99168,-27.57128],[-65.02425,-27.55954],[-65.03072,-27.58222],[-65.05732,-27.57447],[-65.07106,-27.58697],[-65.11506,-27.56819],[-65.15238,-27.58783],[-65.16871,-27.56559],[-65.25981,-27.56402],[-65.28193,-27.54607],[-65.34167,-27.53712],[-65.34807,-27.52432],[-65.40726,-27.54037],[-65.54509,-27.54151],[-65.53219,-27.48494],[-65.55843,-27.47997],[-65.54893,-27.43083],[-65.49818,-27.43273],[-65.48719,-27.40463],[-65.47146,-27.42167],[-65.46167,-27.39386],[-65.4783,-27.38168],[-65.46092,-27.32703],[-65.47007,-27.29998],[-65.46068,-27.24595],[-65.44605,-27.21693],[-65.41669,-27.21105],[-65.39827,-27.17426]]]}},{"type":"Feature","properties":{"code":"90098","name":"Tafí del Valle"},"geometry":{"type":"Polygon","coordinates":[[[-66.04011,-26.2509],[-65.71092,-26.3565],[-65.72532,-26.38697],[-65.70181,-26.50331],[-65.72234,-26.5214],[-65.74646,-26.50642],[-65.72154,-26.54242],[-65.73035,-26.60276],[-65.75559,-26.60106],[-65.77567,-26.63994],[-65.75854,-26.66791],[-65.70481,-26.69738],[-65.69499,-26.71777],[-65.71085,-26.73878],[-65.68001,-26.81289],[-65.63384,-26.81131],[-65.62307,-26.82684],[-65.62871,-26.87629],[-65.66315,-26.91021],[-65.65188,-26.94495],[-65.71242,-26.97218],[-65.74243,-27.03523],[-65.78011,-27.04724],[-65.77054,-27.09238],[-65.78106,-27.09973],[-65.85418,-27.01645],[-65.86073,-26.98405],[-65.88983,-26.96978],[-65.8749,-26.93291],[-65.85779,-26.9292],[-65.85717,-26.90424],[-65.90047,-26.86379],[-65.87442,-26.81822],[-65.88145,-26.80617],[-65.83266,-26.73792],[-66.04219,-26.60037],[-66.17231,-26.62895],[-66.16389,-26.50181],[-66.17693,-26.47245],[-66.15484,-26.44367],[-66.15827,-26.40136],[-66.11913,-26.37697],[-66.11907,-26.26736],[-66.09409,-26.24859],[-66.09976,-26.22049],[-66.04011,-26.2509]]]}},{"type":"Feature","properties":{"code":"90105","name":"Tafí Viejo"},"geometry":{"type":"Polygon","coordinates":[[[-65.73986,-26.50851],[-65.72234,-26.5214],[-65.65099,-26.5245],[-65.62205,-26.55513],[-65.55989,-26.53477],[-65.50259,-26.54803],[-65.49707,-26.5243],[-65.4659,-26.51917],[-65.49578,-26.56631],[-65.47338,-26.60327],[-65.45895,-26.58495],[-65.39253,-26.61988],[-65.35117,-26.62445],[-65.3305,-26.61028],[-65.22629,-26.60117],[-65.23404,-26.58062],[-65.22124,-26.57144],[-65.22109,-26.52354],[-65.18341,-26.53329],[-65.19142,-26.58073],[-65.1719,-26.57842],[-65.16544,-26.59974],[-65.1918,-26.64097],[-65.17322,-26.65615],[-65.17631,-26.68659],[-65.15455,-26.72673],[-65.16097,-26.79094],[-65.26714,-26.77937],[-65.2586,-26.75137],[-65.27008,-26.74363],[-65.35972,-26.7255],[-65.35547,-26.76345],[-65.39631,-26.78662],[-65.42955,-26.70556],[-65.42716,-26.7676],[-65.44431,-26.79984],[-65.45997,-26.77202],[-65.51582,-26.7481],[-65.54518,-26.76415],[-65.60821,-26.72847],[-65.65139,-26.75676],[-65.70599,-26.74105],[-65.69499,-26.71777],[-65.70481,-26.69738],[-65.75854,-26.66791],[-65.77567,-26.63994],[-65.75559,-26.60106],[-65.73165,-26.60779],[-65.72154,-26.54242],[-65.73986,-26.50851]]]}},{"type":"Feature","properties":{"code":"90112","name":"Trancas"},"geometry":{"type":"Polygon","coordinates":[[[-65.35915,-26.05944],[-65.29791,-26.08174],[-65.27207,-26.17315],[-65.03627,-26.23275],[-65.04724,-26.25575],[-65.03224,-26.27218],[-65.04401,-26.31879],[-65.10305,-26.40005],[-65.11445,-26.50875],[-65.14783,-26.5128],[-65.16733,-26.55363],[-65.19116,-26.55368],[-65.18341,-26.53329],[-65.22104,-26.52349],[-65.22124,-26.57144],[-65.23404,-26.58062],[-65.22631,-26.60118],[-65.3305,-26.61028],[-65.35104,-26.62445],[-65.39253,-26.61988],[-65.45895,-26.58495],[-65.47338,-26.60327],[-65.49578,-26.56631],[-65.4659,-26.51917],[-65.49707,-26.5243],[-65.50259,-26.54803],[-65.55989,-26.53477],[-65.62179,-26.55514],[-65.65099,-26.5245],[-65.70894,-26.51753],[-65.69958,-26.48319],[-65.72532,-26.38697],[-65.71092,-26.3565],[-65.72303,-26.31271],[-65.70718,-26.29744],[-65.72275,-26.2798],[-65.70283,-26.24164],[-65.7119,-26.20836],[-65.69519,-26.18587],[-65.68852,-26.11726],[-65.64006,-26.11104],[-65.61363,-26.12347],[-65.54815,-26.08753],[-65.4654,-26.09128],[-65.42456,-26.10901],[-65.35915,-26.05944]]]}},{"type":"Feature","properties":{"code":"90119","name":"Yerba Buena"},"geometry":{"type":"Polygon","coordinates":[[[-65.42743,-26.71029],[-65.39631,-26.78662],[-65.35547,-26.76345],[-65.35972,-26.7255],[-65.2586,-26.75137],[-65.27047,-26.77611],[-65.24866,-26.78289],[-65.27058,-26.83611],[-65.43237,-26.8153],[-65.44431,-26.79984],[-65.42716,-26.7676],[-65.42743,-26.71029]]]}},{"type":"Feature","properties":{"code":"94008","name":"Río Grande"},"geometry":{"type":"Polygon","coordinates":[[[-68.56935,-52.70694],[-68.28767,-52.95143],[-68.2015,-53.14196],[-68.21464,-53.15281],[-68.21121,-53.1263],[-68.26867,-53.04252],[-68.26675,-53.01611],[-68.35955,-53.01789],[-68.39031,-53.03717],[-68.39096,-53.05073],[-68.41887,-53.05144],[-68.41651,-53.06386],[-68.44778,-53.07993],[-68.44613,-53.09185],[-68.50131,-53.10527],[-68.49389,-53.11605],[-68.53815,-53.14441],[-68.55606,-53.19565],[-68.54844,-53.24752],[-68.46375,-53.29368],[-68.38706,-53.31197],[-68.30787,-53.32125],[-68.2066,-53.30669],[-68.13707,-53.33134],[-68.08291,-53.38968],[-68.04418,-53.50804],[-67.99016,-53.58451],[-67.91133,-53.65267],[-67.72614,-53.75407],[-67.68174,-53.79717],[-67.7363,-53.80533],[-67.77843,-53.83379],[-67.72722,-53.80976],[-67.68144,-53.80622],[-67.67309,-53.79333],[-67.68359,-53.7879],[-67.67432,-53.78525],[-67.54424,-53.8414],[-67.57746,-53.85677],[-67.56604,-53.89965],[-67.43969,-53.98279],[-67.33585,-54.0162],[-67.34504,-54.02457],[-67.32971,-54.04137],[-67.15882,-54.11161],[-67.16439,-54.1198],[-67.0813,-54.13198],[-66.949,-54.18849],[-68.60794,-54.18855],[-68.60623,-52.65827],[-68.56935,-52.70694]]]}},{"type":"Feature","properties":{"code":"94011","name":"Tolhuin"},"geometry":{"type":"Polygon","coordinates":[[[-65.97724,-54.59842],[-67.00258,-54.59843],[-67.00627,-54.74797],[-67.38777,-54.7442],[-67.39245,-54.61981],[-68.36977,-54.61981],[-68.36823,-54.4575],[-68.40279,-54.44549],[-68.44735,-54.45827],[-68.55781,-54.45513],[-68.53128,-54.44057],[-68.54544,-54.42795],[-68.60895,-54.4241],[-68.60794,-54.18855],[-66.949,-54.18849],[-66.89996,-54.21751],[-66.75248,-54.2524],[-66.73344,-54.26096],[-66.7421,-54.26596],[-66.73239,-54.27724],[-66.69094,-54.2829],[-66.7046,-54.2909],[-66.69247,-54.29894],[-66.70027,-54.30275],[-66.68433,-54.30608],[-66.66101,-54.34344],[-66.54413,-54.4024],[-66.55222,-54.42053],[-66.46895,-54.47716],[-66.38404,-54.48701],[-65.97724,-54.59842]]]}},{"type":"Feature","properties":{"code":"94015","name":"Ushuaia"},"geometry":{"type":"MultiPolygon","coordinates":[[[[-68.57394,-54.42581],[-68.53128,-54.44057],[-68.55781,-54.45513],[-68.44735,-54.45827],[-68.40279,-54.44549],[-68.36823,-54.4575],[-68.36977,-54.61981],[-67.39245,-54.61981],[-67.38777,-54.7442],[-67.00627,-54.74797],[-67.00258,-54.59843],[-65.97724,-54.59842],[-65.80278,-54.65191],[-65.68418,-54.66343],[-65.55117,-54.64734],[-65.5199,-54.67756],[-65.51119,-54.65586],[-65.43081,-54.64215],[-65.44823,-54.65524],[-65.42853,-54.66319],[-65.42077,-54.64506],[-65.40188,-54.64035],[-65.23488,-54.61883],[-65.24544,-54.63053],[-65.23397,-54.63672],[-65.26148,-54.65295],[-65.25453,-54.66332],[-65.23435,-54.64138],[-65.11676,-54.65823],[-65.19347,-54.69525],[-65.192,-54.72052],[-65.21827,-54.74565],[-65.19775,-54.76278],[-65.21293,-54.77411],[-65.20384,-54.78011],[-65.26387,-54.79591],[-65.22281,-54.81732],[-65.23229,-54.82926],[-65.31327,-54.87311],[-65.30898,-54.90298],[-65.32948,-54.92074],[-65.38214,-54.94107],[-65.4184,-54.93753],[-65.42862,-54.89356],[-65.46828,-54.88859],[-65.49941,-54.90177],[-65.49417,-54.92566],[-65.51102,-54.93494],[-65.55785,-54.9485],[-65.56456,-54.93642],[-65.60363,-54.94384],[-65.63684,-54.97002],[-65.71901,-54.97136],[-65.71182,-54.93429],[-65.73911,-54.90985],[-65.98239,-54.9026],[-65.99575,-54.91842],[-65.95813,-54.94101],[-65.97136,-54.96837],[-66.10766,-54.99493],[-66.3013,-54.99122],[-66.36949,-55.00925],[-66.35907,-55.02862],[-66.37216,-55.03957],[-66.44145,-55.05675],[-66.52159,-55.05675],[-66.71867,-55.00534],[-66.76447,-54.96074],[-66.93402,-54.94178],[-67.15388,-54.89292],[-67.28219,-54.87936],[-67.276,-54.88775],[-67.28974,-54.87567],[-67.27202,-54.88013],[-67.27845,-54.86999],[-67.29518,-54.87205],[-67.28718,-54.87839],[-67.30266,-54.88735],[-67.35269,-54.86611],[-67.34224,-54.87496],[-67.36673,-54.87148],[-67.34144,-54.88273],[-67.35942,-54.87976],[-67.40951,-54.88941],[-67.41642,-54.88113],[-67.44086,-54.88119],[-67.45052,-54.86564],[-67.49506,-54.86721],[-67.49192,-54.86978],[-67.50631,-54.87463],[-67.49488,-54.86692],[-67.50576,-54.85349],[-67.60547,-54.88136],[-67.70346,-54.88603],[-67.82583,-54.85974],[-68.03331,-54.85021],[-68.26359,-54.79517],[-68.31528,-54.81152],[-68.29879,-54.8158],[-68.30464,-54.83208],[-68.26531,-54.83522],[-68.2606,-54.84071],[-68.31035,-54.84892],[-68.32477,-54.84136],[-68.31292,-54.83336],[-68.33027,-54.82979],[-68.44434,-54.85838],[-68.48178,-54.84668],[-68.52313,-54.8582],[-68.56983,-54.84391],[-68.57713,-54.85443],[-68.55564,-54.86281],[-68.501,-54.86691],[-68.56368,-54.89132],[-68.60942,-54.89396],[-68.59641,-54.87298],[-68.59513,-54.79962],[-68.60895,-54.4241],[-68.57394,-54.42581]]],[[[-64.32925,-54.73391],[-64.27866,-54.72896],[-64.24235,-54.74523],[-64.21632,-54.73386],[-64.13851,-54.77041],[-64.14541,-54.74509],[-64.16492,-54.74019],[-64.1495,-54.73034],[-64.10944,-54.73798],[-64.10611,-54.7497],[-64.12645,-54.75755],[-64.10843,-54.76433],[-64.08321,-54.75184],[-64.07292,-54.7284],[-64.04728,-54.73036],[-64.04984,-54.74208],[-64.03032,-54.75136],[-64.05097,-54.77409],[-64.04258,-54.77813],[-63.98987,-54.73566],[-63.95805,-54.74125],[-63.93919,-54.72567],[-63.87631,-54.7168],[-63.8784,-54.73066],[-63.85484,-54.73173],[-63.88851,-54.7516],[-63.87875,-54.75523],[-63.82593,-54.72061],[-63.79589,-54.72715],[-63.81028,-54.73685],[-63.80148,-54.75101],[-63.82902,-54.76058],[-63.84568,-54.7892],[-63.88601,-54.79324],[-63.8828,-54.77968],[-63.95341,-54.81335],[-63.95674,-54.80056],[-63.94508,-54.79592],[-63.96751,-54.79366],[-63.9549,-54.76683],[-64.03657,-54.80172],[-64.05216,-54.80098],[-64.0612,-54.77974],[-64.08458,-54.7908],[-64.07113,-54.79497],[-64.07524,-54.80805],[-64.10986,-54.83328],[-64.12062,-54.81436],[-64.14817,-54.83006],[-64.17232,-54.82328],[-64.17964,-54.83893],[-64.20057,-54.8284],[-64.22076,-54.85768],[-64.22371,-54.84197],[-64.23913,-54.84036],[-64.23109,-54.8355],[-64.2379,-54.82422],[-64.22747,-54.8208],[-64.23468,-54.78196],[-64.26365,-54.80454],[-64.27016,-54.79057],[-64.30613,-54.7881],[-64.29909,-54.80644],[-64.33345,-54.83002],[-64.39442,-54.82733],[-64.41251,-54.85874],[-64.44967,-54.87569],[-64.44863,-54.86464],[-64.4846,-54.87464],[-64.49431,-54.85812],[-64.47818,-54.85165],[-64.48594,-54.84766],[-64.44434,-54.83895],[-64.47147,-54.83519],[-64.46614,-54.82343],[-64.51823,-54.85463],[-64.52667,-54.86783],[-64.51561,-54.87021],[-64.53905,-54.88842],[-64.56627,-54.88277],[-64.60615,-54.91085],[-64.62096,-54.90295],[-64.70424,-54.91546],[-64.64387,-54.88915],[-64.68366,-54.86108],[-64.66438,-54.85055],[-64.68633,-54.84276],[-64.73904,-54.85916],[-64.74863,-54.85648],[-64.73824,-54.84414],[-64.75657,-54.83649],[-64.72493,-54.81165],[-64.73784,-54.80451],[-64.67502,-54.8008],[-64.69615,-54.7843],[-64.68713,-54.78058],[-64.64789,-54.77681],[-64.63961,-54.79714],[-64.5865,-54.82081],[-64.55687,-54.79592],[-64.51142,-54.79806],[-64.52674,-54.7883],[-64.52146,-54.77312],[-64.5415,-54.76855],[-64.54464,-54.72525],[-64.48991,-54.76375],[-64.43223,-54.76103],[-64.43923,-54.76417],[-64.41243,-54.78273],[-64.40315,-54.76441],[-64.42152,-54.75489],[-64.3914,-54.74914],[-64.3954,-54.7825],[-64.36661,-54.78483],[-64.36737,-54.81091],[-64.35761,-54.78511],[-64.37574,-54.75147],[-64.35276,-54.74433],[-64.3418,-54.71466],[-64.32925,-54.73391]]],[[[-67.50708,-54.87736],[-67.47161,-54.8844],[-67.44712,-54.87906],[-67.4361,-54.89293],[-67.40792,-54.90004],[-67.42203,-54.89949],[-67.41428,-54.91225],[-67.46207,-54.9016],[-67.48765,-54.91797],[-67.53614,-54.90192],[-67.54033,-54.87979],[-67.50708,-54.87736]]],[[[-64.131,-54.6462],[-64.10911,-54.65119],[-64.13968,-54.6688],[-64.16241,-54.65066],[-64.131,-54.6462]]],[[[-67.46993,-54.8694],[-67.45717,-54.87118],[-67.44608,-54.87585],[-67.46958,-54.8803],[-67.47877,-54.87308],[-67.46993,-54.8694]]],[[[-64.26132,-54.67279],[-64.24747,-54.67607],[-64.25656,-54.68745],[-64.27169,-54.67926],[-64.26132,-54.67279]]],[[[-68.24642,-54.86885],[-68.23288,-54.87037],[-68.26704,-54.86966],[-68.25021,-54.86592],[-68.24642,-54.86885]]],[[[-64.23917,-54.6962],[-64.2367,-54.70505],[-64.24869,-54.70391],[-64.24769,-54.69981],[-64.23917,-54.6962]]],[[[-67.40097,-54.90206],[-67.37469,-54.90361],[-67.37387,-54.90802],[-67.39174,-54.90776],[-67.40097,-54.90206]]],[[[-67.33749,-54.90028],[-67.34304,-54.89901],[-67.34917,-54.89279],[-67.33582,-54.89663],[-67.33749,-54.90028]]],[[[-68.48441,-54.86047],[-68.47971,-54.86084],[-68.47495,-54.86559],[-68.4864,-54.86656],[-68.48441,-54.86047]]],[[[-64.15655,-54.85154],[-64.16304,-54.85582],[-64.16191,-54.8513],[-64.15061,-54.84636],[-64.15655,-54.85154]]],[[[-68.23854,-54.86181],[-68.24251,-54.85826],[-68.2317,-54.85957],[-68.23341,-54.86158],[-68.23854,-54.86181]]],[[[-64.38479,-54.84905],[-64.38507,-54.85315],[-64.39188,-54.85248],[-64.39036,-54.84625],[-64.38479,-54.84905]]],[[[-67.03016,-54.9539],[-67.03487,-54.95082],[-67.03342,-54.94728],[-67.0275,-54.9514],[-67.03016,-54.9539]]],[[[-64.25023,-54.6914],[-64.25156,-54.69458],[-64.25627,-54.69825],[-64.25641,-54.6922],[-64.25023,-54.6914]]],[[[-68.24611,-54.87772],[-68.25304,-54.8749],[-68.23821,-54.87603],[-68.23827,-54.87623],[-68.24611,-54.87772]]],[[[-66.30147,-55.01727],[-66.30455,-55.01662],[-66.30672,-55.01062],[-66.30199,-55.01162],[-66.30147,-55.01727]]],[[[-68.168,-54.86075],[-68.17303,-54.86081],[-68.17402,-54.85942],[-68.16817,-54.85703],[-68.168,-54.86075]]],[[[-68.45067,-54.86296],[-68.45456,-54.86537],[-68.46009,-54.86526],[-68.45575,-54.86207],[-68.45067,-54.86296]]],[[[-67.38272,-54.8916],[-67.3847,-54.89291],[-67.394,-54.89235],[-67.38255,-54.88865],[-67.38272,-54.8916]]],[[[-67.00718,-54.95805],[-67.01045,-54.95629],[-67.00535,-54.95381],[-67.00421,-54.95568],[-67.00718,-54.95805]]],[[[-64.33931,-54.71128],[-64.34018,-54.70382],[-64.33697,-54.70299],[-64.33727,-54.70801],[-64.33931,-54.71128]]],[[[-68.25601,-54.84694],[-68.25029,-54.84684],[-68.24786,-54.84821],[-68.25813,-54.84829],[-68.25601,-54.84694]]],[[[-64.50137,-54.86076],[-64.49739,-54.8601],[-64.50471,-54.86272],[-64.50703,-54.86086],[-64.50137,-54.86076]]],[[[-67.39732,-54.89734],[-67.40154,-54.89505],[-67.40114,-54.89393],[-67.39577,-54.89394],[-67.39732,-54.89734]]],[[[-68.24682,-54.86106],[-68.2452,-54.86204],[-68.25375,-54.86258],[-68.25303,-54.86092],[-68.24682,-54.86106]]],[[[-68.17542,-54.87134],[-68.16969,-54.87141],[-68.16855,-54.87176],[-68.17807,-54.87314],[-68.1816,-54.87094],[-68.17542,-54.87134]]],[[[-67.42838,-54.88484],[-67.43108,-54.88881],[-67.43504,-54.88565],[-67.43418,-54.885],[-67.42838,-54.88484]]],[[[-64.17079,-54.8748],[-64.16833,-54.8744],[-64.16591,-54.87521],[-64.17463,-54.87645],[-64.17079,-54.8748]]],[[[-64.03495,-54.80598],[-64.0372,-54.80373],[-64.0334,-54.802],[-64.03192,-54.80434],[-64.03495,-54.80598]]],[[[-64.09798,-54.74618],[-64.09507,-54.74648],[-64.10316,-54.74922],[-64.10149,-54.74535],[-64.09798,-54.74618]]],[[[-64.70961,-54.79504],[-64.71061,-54.79091],[-64.70856,-54.78985],[-64.707,-54.79335],[-64.70961,-54.79504]]],[[[-64.23927,-54.83985],[-64.24088,-54.84068],[-64.24416,-54.83945],[-64.23686,-54.83705],[-64.23927,-54.83985]]],[[[-64.66502,-54.89013],[-64.66624,-54.89091],[-64.67128,-54.89136],[-64.66364,-54.88839],[-64.66502,-54.89013]]],[[[-64.74909,-54.85391],[-64.7487,-54.855],[-64.75565,-54.85668],[-64.75296,-54.85386],[-64.74909,-54.85391]]],[[[-67.431,-54.88147],[-67.42793,-54.88243],[-67.43929,-54.88213],[-67.43734,-54.88143],[-67.431,-54.88147]]],[[[-68.23844,-54.87927],[-68.24326,-54.87917],[-68.24645,-54.87847],[-68.24237,-54.87757],[-68.23844,-54.87927]]],[[[-64.32777,-54.84343],[-64.33069,-54.84397],[-64.33318,-54.84321],[-64.32817,-54.84164],[-64.32777,-54.84343]]],[[[-65.57899,-54.9496],[-65.57311,-54.95065],[-65.57287,-54.9521],[-65.57978,-54.94997],[-65.57899,-54.9496]]],[[[-68.26151,-54.86827],[-68.2654,-54.86798],[-68.26627,-54.86748],[-68.26248,-54.86636],[-68.26151,-54.86827]]],[[[-64.3224,-54.84144],[-64.32091,-54.84376],[-64.32721,-54.84159],[-64.32365,-54.84122],[-64.3224,-54.84144]]],[[[-64.61793,-54.92158],[-64.61778,-54.91927],[-64.61365,-54.91839],[-64.61716,-54.92134],[-64.61793,-54.92158]]],[[[-64.09691,-54.73952],[-64.09263,-54.73982],[-64.09126,-54.74071],[-64.09412,-54.74202],[-64.09691,-54.73952]]],[[[-64.52311,-54.87965],[-64.52287,-54.87763],[-64.51957,-54.87745],[-64.52036,-54.87894],[-64.52311,-54.87965]]],[[[-64.59261,-54.81065],[-64.59254,-54.80893],[-64.58938,-54.80785],[-64.58939,-54.80923],[-64.59261,-54.81065]]],[[[-64.48327,-54.87859],[-64.48527,-54.87711],[-64.48023,-54.87635],[-64.48137,-54.87768],[-64.48327,-54.87859]]],[[[-65.58744,-54.94893],[-65.58837,-54.95039],[-65.59251,-54.94987],[-65.59102,-54.94899],[-65.58744,-54.94893]]],[[[-64.32891,-54.84844],[-64.3312,-54.84768],[-64.33066,-54.84495],[-64.32801,-54.84737],[-64.32891,-54.84844]]],[[[-64.17056,-54.8776],[-64.1701,-54.87962],[-64.17384,-54.88027],[-64.17269,-54.8781],[-64.17056,-54.8776]]],[[[-64.3251,-54.84365],[-64.32632,-54.84643],[-64.32896,-54.84489],[-64.32757,-54.84402],[-64.3251,-54.84365]]],[[[-64.44467,-54.87937],[-64.44701,-54.87868],[-64.4434,-54.87695],[-64.44508,-54.87878],[-64.44467,-54.87937]]],[[[-68.20424,-54.87137],[-68.20536,-54.87214],[-68.20849,-54.87161],[-68.20695,-54.87084],[-68.20424,-54.87137]]],[[[-68.25779,-54.87387],[-68.2613,-54.8737],[-68.2615,-54.87321],[-68.25708,-54.87315],[-68.25779,-54.87387]]],[[[-64.61271,-54.91706],[-64.61276,-54.91596],[-64.60986,-54.91511],[-64.60986,-54.91611],[-64.61271,-54.91706]]],[[[-64.27855,-54.8265],[-64.27962,-54.82589],[-64.27766,-54.8233],[-64.27669,-54.82418],[-64.27855,-54.8265]]],[[[-64.55789,-54.79309],[-64.55884,-54.79242],[-64.55454,-54.79138],[-64.55552,-54.79258],[-64.55789,-54.79309]]],[[[-64.24247,-54.83104],[-64.24287,-54.83267],[-64.24489,-54.83171],[-64.24385,-54.83104],[-64.24247,-54.83104]]],[[[-64.43003,-54.76697],[-64.43115,-54.76721],[-64.42699,-54.76587],[-64.42799,-54.76666],[-64.43003,-54.76697]]],[[[-64.02766,-54.80371],[-64.02925,-54.80287],[-64.02953,-54.80181],[-64.02711,-54.80222],[-64.02766,-54.80371]]],[[[-68.25565,-54.83559],[-68.25439,-54.83552],[-68.25238,-54.8363],[-68.25863,-54.83528],[-68.25565,-54.83559]]],[[[-64.35468,-54.84274],[-64.35343,-54.84296],[-64.35647,-54.8442],[-64.35562,-54.84292],[-64.35468,-54.84274]]],[[[-67.35599,-54.88424],[-67.35804,-54.88407],[-67.35869,-54.88355],[-67.35476,-54.88387],[-67.35599,-54.88424]]],[[[-64.3619,-54.83107],[-64.36099,-54.83149],[-64.36418,-54.8324],[-64.36347,-54.83107],[-64.3619,-54.83107]]],[[[-68.19799,-54.87314],[-68.19859,-54.87309],[-68.20069,-54.87207],[-68.19714,-54.87217],[-68.19799,-54.87314]]],[[[-66.54755,-55.06351],[-66.54889,-55.06259],[-66.54601,-55.06291],[-66.54639,-55.06325],[-66.54755,-55.06351]]],[[[-68.18495,-54.85487],[-68.18616,-54.8545],[-68.18291,-54.85425],[-68.18324,-54.85473],[-68.18495,-54.85487]]],[[[-64.42795,-54.75996],[-64.42961,-54.75994],[-64.42641,-54.75892],[-64.42664,-54.75944],[-64.42795,-54.75996]]],[[[-64.45843,-54.8764],[-64.46023,-54.87586],[-64.46035,-54.87548],[-64.45733,-54.87518],[-64.45843,-54.8764]]],[[[-64.39532,-54.74875],[-64.39607,-54.74889],[-64.39697,-54.74815],[-64.39523,-54.74741],[-64.39532,-54.74875]]],[[[-64.09441,-54.74285],[-64.09453,-54.74357],[-64.09757,-54.74315],[-64.09608,-54.74261],[-64.09441,-54.74285]]],[[[-64.60543,-54.91344],[-64.60662,-54.91444],[-64.60872,-54.91387],[-64.60819,-54.91335],[-64.60543,-54.91344]]],[[[-64.17449,-54.83637],[-64.17554,-54.83622],[-64.1755,-54.8356],[-64.17354,-54.83555],[-64.17449,-54.83637]]],[[[-68.08518,-54.87303],[-68.0862,-54.87243],[-68.08404,-54.87232],[-68.08437,-54.87285],[-68.08518,-54.87303]]],[[[-64.37861,-54.74563],[-64.37991,-54.74644],[-64.38067,-54.74621],[-64.38052,-54.74566],[-64.37861,-54.74563]]],[[[-64.192,-54.8434],[-64.19209,-54.84257],[-64.19081,-54.84276],[-64.19116,-54.84319],[-64.192,-54.8434]]],[[[-64.02525,-54.75144],[-64.02446,-54.75176],[-64.02609,-54.75208],[-64.02574,-54.75145],[-64.02525,-54.75144]]],[[[-64.25901,-54.80343],[-64.25961,-54.80305],[-64.25886,-54.80233],[-64.25835,-54.80311],[-64.25901,-54.80343]]],[[[-63.80901,-54.71729],[-63.80829,-54.71737],[-63.80798,-54.71794],[-63.80954,-54.7179],[-63.80901,-54.71729]]],[[[-64.42349,-54.75704],[-64.42424,-54.75705],[-64.4243,-54.75623],[-64.42343,-54.75629],[-64.42349,-54.75704]]],[[[-64.26054,-54.66921],[-64.26044,-54.6696],[-64.26181,-54.66999],[-64.26152,-54.66917],[-64.26054,-54.66921]]],[[[-64.36191,-54.83543],[-64.36263,-54.83548],[-64.36299,-54.83521],[-64.36212,-54.83458],[-64.36191,-54.83543]]],[[[-64.16726,-54.87689],[-64.16783,-54.87683],[-64.16596,-54.87648],[-64.16633,-54.87681],[-64.16726,-54.87689]]],[[[-64.34948,-54.84396],[-64.34986,-54.84444],[-64.35062,-54.84401],[-64.3501,-54.84363],[-64.34948,-54.84396]]]]}},{"type":"Feature","properties":{"code":"94021","name":"Islas del Atlántico Sur"},"geometry":{"type":"MultiPolygon","coordinates":[[[[-60.91165,-52.17098],[-60.93143,-52.17228],[-60.94003,-52.16911],[-60.92236,-52.16186],[-60.91165,-52.17098]]],[[[-60.98251,-52.02134],[-60.9832,-52.024],[-60.98687,-52.02586],[-60.98619,-52.02431],[-60.98251,-52.02134]]],[[[-60.97806,-52.02147],[-60.97938,-52.02356],[-60.98022,-52.02352],[-60.9786,-52.0208],[-60.97806,-52.02147]]],[[[-60.9545,-52.02127],[-60.9615,-52.02003],[-60.97586,-52.02267],[-60.96542,-52.01084],[-60.9545,-52.02127]]],[[[-60.98863,-52.01586],[-60.99809,-52.02431],[-61.00522,-52.01295],[-60.99588,-52.00462],[-60.98863,-52.01586]]],[[[-61.03306,-52.00635],[-61.03201,-52.00599],[-61.03187,-52.00676],[-61.0333,-52.00694],[-61.03306,-52.00635]]],[[[-61.09,-52.00312],[-61.09856,-52.00823],[-61.10451,-52.00426],[-61.0979,-52.00283],[-61.09,-52.00312]]],[[[-60.96143,-51.98158],[-60.9667,-51.98783],[-60.97374,-51.98518],[-60.9685,-51.98177],[-60.96143,-51.98158]]],[[[-61.08385,-51.94198],[-61.08483,-51.94344],[-61.08905,-51.9446],[-61.08712,-51.94257],[-61.08385,-51.94198]]],[[[-61.11367,-51.94087],[-61.11462,-51.9415],[-61.11527,-51.94127],[-61.11438,-51.94052],[-61.11367,-51.94087]]],[[[-61.14632,-51.89552],[-61.15841,-51.90866],[-61.19425,-51.90979],[-61.16469,-51.89112],[-61.16501,-51.90561],[-61.14632,-51.89552]]],[[[-61.16304,-51.87514],[-61.19623,-51.90546],[-61.21585,-51.91086],[-61.18909,-51.87525],[-61.16304,-51.87514]]],[[[-61.13669,-51.88549],[-61.13818,-51.88959],[-61.1405,-51.89018],[-61.13971,-51.88615],[-61.13669,-51.88549]]],[[[-60.85688,-51.78796],[-60.86525,-51.8161],[-60.88165,-51.82215],[-60.88123,-51.87715],[-60.89774,-51.88353],[-60.87185,-51.89024],[-60.91554,-51.89633],[-60.90944,-51.91125],[-60.87011,-51.90109],[-60.87045,-51.91677],[-60.8883,-51.92146],[-60.89109,-51.93723],[-60.9255,-51.93673],[-60.89683,-51.95181],[-60.9666,-51.96474],[-60.97519,-51.98384],[-60.99499,-51.98935],[-61.03131,-51.96552],[-61.05704,-51.96663],[-61.03788,-51.9582],[-61.07381,-51.9418],[-61.03894,-51.92563],[-61.06712,-51.93584],[-61.08016,-51.91566],[-61.09851,-51.93187],[-61.11045,-51.92354],[-61.10101,-51.90099],[-61.13752,-51.90407],[-61.1183,-51.88046],[-61.1364,-51.88088],[-61.13383,-51.85962],[-61.09915,-51.85912],[-61.09374,-51.84798],[-61.1657,-51.84709],[-61.16605,-51.83079],[-61.15049,-51.83788],[-61.13138,-51.82507],[-61.14071,-51.81903],[-61.10201,-51.80895],[-61.09347,-51.81681],[-61.11708,-51.83695],[-61.09164,-51.82428],[-61.03864,-51.84522],[-61.06384,-51.8256],[-61.04847,-51.81005],[-61.03373,-51.81513],[-61.04446,-51.79955],[-61.02935,-51.77904],[-60.97484,-51.77919],[-60.98834,-51.80541],[-60.93948,-51.80274],[-60.94088,-51.81979],[-60.96308,-51.81534],[-60.96409,-51.82844],[-61.03469,-51.85889],[-61.02873,-51.87226],[-61.04098,-51.87777],[-61.05183,-51.89024],[-61.01315,-51.86976],[-60.95486,-51.86619],[-60.95012,-51.84284],[-60.93507,-51.8513],[-60.91918,-51.83159],[-60.90236,-51.85586],[-60.90554,-51.83086],[-60.8757,-51.8055],[-60.891,-51.81159],[-60.91109,-51.79004],[-60.91045,-51.77192],[-60.89077,-51.77165],[-60.90049,-51.76229],[-60.86292,-51.76424],[-60.85688,-51.78796]]],[[[-61.20235,-51.86924],[-61.20312,-51.87156],[-61.2081,-51.8738],[-61.21614,-51.87317],[-61.20235,-51.86924]]],[[[-61.22195,-51.8713],[-61.22425,-51.87327],[-61.22656,-51.87221],[-61.22482,-51.87053],[-61.22195,-51.8713]]],[[[-61.21928,-51.87066],[-61.22033,-51.87088],[-61.22064,-51.86967],[-61.21878,-51.87009],[-61.21928,-51.87066]]],[[[-61.15461,-51.86939],[-61.15598,-51.86933],[-61.1563,-51.86888],[-61.15484,-51.86829],[-61.15461,-51.86939]]],[[[-61.15647,-51.86771],[-61.16109,-51.86807],[-61.16671,-51.86421],[-61.16073,-51.86339],[-61.15647,-51.86771]]],[[[-60.98001,-51.85701],[-60.98132,-51.86054],[-60.9872,-51.86357],[-60.98526,-51.85688],[-60.98001,-51.85701]]],[[[-61.02106,-51.85544],[-61.02144,-51.85624],[-61.02343,-51.85652],[-61.02251,-51.85577],[-61.02106,-51.85544]]],[[[-61.16783,-51.85483],[-61.18736,-51.8643],[-61.20616,-51.86601],[-61.19006,-51.844],[-61.16783,-51.85483]]],[[[-60.97543,-51.8538],[-60.97893,-51.85563],[-60.98056,-51.85487],[-60.97725,-51.85277],[-60.97543,-51.8538]]],[[[-61.16642,-51.84962],[-61.16765,-51.85004],[-61.16936,-51.84765],[-61.16712,-51.84762],[-61.16642,-51.84962]]],[[[-61.21899,-51.84465],[-61.22014,-51.845],[-61.22083,-51.84463],[-61.21977,-51.84383],[-61.21899,-51.84465]]],[[[-60.95066,-51.8387],[-60.95105,-51.84008],[-60.95434,-51.84092],[-60.95426,-51.83981],[-60.95066,-51.8387]]],[[[-61.20962,-51.83954],[-61.21389,-51.84098],[-61.22084,-51.8369],[-61.21686,-51.83494],[-61.20962,-51.83954]]],[[[-61.19559,-51.82058],[-61.25337,-51.83183],[-61.22967,-51.84297],[-61.26452,-51.86154],[-61.20402,-51.85042],[-61.24004,-51.87876],[-61.34902,-51.8353],[-61.32513,-51.81944],[-61.29762,-51.83055],[-61.30952,-51.80038],[-61.26958,-51.83162],[-61.25534,-51.82179],[-61.2658,-51.80867],[-61.23888,-51.81393],[-61.23897,-51.79576],[-61.19559,-51.82058]]],[[[-61.20307,-51.8321],[-61.20444,-51.83306],[-61.20855,-51.83223],[-61.20567,-51.83113],[-61.20307,-51.8321]]],[[[-61.19072,-51.83044],[-61.19196,-51.83099],[-61.1932,-51.8304],[-61.1919,-51.83014],[-61.19072,-51.83044]]],[[[-61.19108,-51.82699],[-61.1944,-51.8273],[-61.19524,-51.82323],[-61.19254,-51.82343],[-61.19108,-51.82699]]],[[[-61.14795,-51.82468],[-61.14812,-51.82612],[-61.15108,-51.82578],[-61.14972,-51.82426],[-61.14795,-51.82468]]],[[[-61.28233,-51.817],[-61.28258,-51.81767],[-61.28348,-51.81664],[-61.28269,-51.81651],[-61.28233,-51.817]]],[[[-61.13923,-51.81377],[-61.14081,-51.81694],[-61.14822,-51.81111],[-61.14378,-51.81016],[-61.13923,-51.81377]]],[[[-61.31055,-51.8159],[-61.31933,-51.81917],[-61.32706,-51.80809],[-61.32041,-51.806],[-61.31055,-51.8159]]],[[[-61.19093,-51.80289],[-61.19259,-51.80965],[-61.20102,-51.80523],[-61.1962,-51.80466],[-61.19093,-51.80289]]],[[[-61.05421,-51.79948],[-61.06143,-51.81045],[-61.06895,-51.81002],[-61.0646,-51.80482],[-61.05421,-51.79948]]],[[[-61.19819,-51.79946],[-61.20128,-51.8049],[-61.20559,-51.80239],[-61.20418,-51.79788],[-61.19819,-51.79946]]],[[[-61.10841,-51.79724],[-61.11795,-51.80693],[-61.12768,-51.80776],[-61.12119,-51.79299],[-61.10841,-51.79724]]],[[[-61.07935,-51.79965],[-61.08499,-51.80373],[-61.09059,-51.79902],[-61.07773,-51.79481],[-61.07935,-51.79965]]],[[[-61.07286,-51.79913],[-61.0744,-51.79984],[-61.07579,-51.79953],[-61.07177,-51.7973],[-61.07286,-51.79913]]],[[[-61.29529,-51.79782],[-61.29607,-51.79877],[-61.29786,-51.79732],[-61.29656,-51.79695],[-61.29529,-51.79782]]],[[[-61.20508,-51.79522],[-61.20548,-51.7956],[-61.20685,-51.79506],[-61.20571,-51.79491],[-61.20508,-51.79522]]],[[[-61.22204,-51.79077],[-61.22205,-51.79045],[-61.22153,-51.79038],[-61.22152,-51.7907],[-61.22204,-51.79077]]],[[[-61.13735,-51.78493],[-61.13919,-51.79701],[-61.16325,-51.7938],[-61.16179,-51.78497],[-61.13735,-51.78493]]],[[[-61.22204,-51.78994],[-61.222,-51.78958],[-61.22151,-51.78993],[-61.2219,-51.79017],[-61.22204,-51.78994]]],[[[-61.04051,-51.78868],[-61.04027,-51.78957],[-61.04341,-51.79041],[-61.04181,-51.78883],[-61.04051,-51.78868]]],[[[-61.09095,-51.78755],[-61.10157,-51.79385],[-61.1097,-51.78019],[-61.10274,-51.78084],[-61.09095,-51.78755]]],[[[-61.03567,-51.77697],[-61.06397,-51.79424],[-61.07556,-51.78651],[-61.06948,-51.78081],[-61.03567,-51.77697]]],[[[-61.28822,-51.78465],[-61.29124,-51.78369],[-61.29567,-51.78002],[-61.28812,-51.78296],[-61.28822,-51.78465]]],[[[-61.07306,-51.77859],[-61.08557,-51.78414],[-61.09101,-51.78012],[-61.08548,-51.77354],[-61.07306,-51.77859]]],[[[-61.29677,-51.77932],[-61.29771,-51.78001],[-61.30082,-51.77729],[-61.29828,-51.77756],[-61.29677,-51.77932]]],[[[-60.96302,-51.77583],[-60.96446,-51.77836],[-60.96796,-51.77847],[-60.96759,-51.77572],[-60.96302,-51.77583]]],[[[-61.25319,-51.73736],[-61.25465,-51.74418],[-61.26504,-51.7389],[-61.2578,-51.7344],[-61.25319,-51.73736]]],[[[-61.28649,-51.7343],[-61.28714,-51.73455],[-61.2883,-51.73333],[-61.28769,-51.73333],[-61.28649,-51.7343]]],[[[-61.27055,-51.72622],[-61.27275,-51.72973],[-61.27642,-51.72935],[-61.27492,-51.72703],[-61.27055,-51.72622]]],[[[-61.23323,-51.72055],[-61.23337,-51.72194],[-61.23449,-51.72216],[-61.23487,-51.72038],[-61.23323,-51.72055]]],[[[-61.21018,-51.69245],[-61.21357,-51.70427],[-61.25606,-51.69974],[-61.24004,-51.71803],[-61.26986,-51.69848],[-61.29347,-51.70645],[-61.27967,-51.72151],[-61.30016,-51.72152],[-61.29217,-51.7277],[-61.30467,-51.73979],[-61.27519,-51.74534],[-61.2957,-51.76432],[-61.31625,-51.74675],[-61.30964,-51.72249],[-61.3331,-51.69262],[-61.27624,-51.69542],[-61.2611,-51.67623],[-61.24957,-51.69062],[-61.21018,-51.69245]]],[[[-61.27615,-51.70973],[-61.27946,-51.71092],[-61.28194,-51.70947],[-61.2798,-51.70763],[-61.27615,-51.70973]]],[[[-61.23538,-51.66922],[-61.24013,-51.67245],[-61.24735,-51.66795],[-61.23761,-51.66623],[-61.23538,-51.66922]]],[[[-61.22559,-51.66141],[-61.23125,-51.66285],[-61.23714,-51.64829],[-61.22793,-51.65094],[-61.22559,-51.66141]]],[[[-61.12038,-51.06993],[-61.12111,-51.06996],[-61.12131,-51.06942],[-61.12075,-51.06936],[-61.12038,-51.06993]]],[[[-60.97189,-51.0607],[-60.97561,-51.06068],[-60.97603,-51.05766],[-60.97204,-51.05764],[-60.97189,-51.0607]]],[[[-61.1524,-51.05833],[-61.15647,-51.06262],[-61.16313,-51.05868],[-61.15768,-51.05523],[-61.1524,-51.05833]]],[[[-61.07167,-51.05724],[-61.07192,-51.05762],[-61.07225,-51.05725],[-61.07207,-51.05712],[-61.07167,-51.05724]]],[[[-61.06983,-51.05584],[-61.07019,-51.05699],[-61.07158,-51.05678],[-61.0716,-51.05606],[-61.06983,-51.05584]]],[[[-61.07014,-51.0551],[-61.07118,-51.0546],[-61.07055,-51.05357],[-61.06906,-51.05461],[-61.07014,-51.0551]]],[[[-60.97785,-51.05742],[-60.98493,-51.05342],[-60.98117,-51.04809],[-60.97871,-51.04944],[-60.97785,-51.05742]]],[[[-61.04644,-51.07818],[-61.12693,-51.07235],[-61.13743,-51.06178],[-61.10944,-51.0489],[-61.13373,-51.02696],[-61.09088,-51.03453],[-61.07282,-51.06516],[-61.04644,-51.07818]]],[[[-61.07372,-51.05123],[-61.07457,-51.05128],[-61.07482,-51.051],[-61.07372,-51.05066],[-61.07372,-51.05123]]],[[[-61.16543,-51.05514],[-61.17534,-51.05943],[-61.19349,-51.05632],[-61.21348,-51.03597],[-61.25045,-51.02812],[-61.25803,-51.01047],[-61.16543,-51.05514]]],[[[-61.09256,-51.02702],[-61.09657,-51.02821],[-61.09873,-51.02628],[-61.09419,-51.02432],[-61.09256,-51.02702]]],[[[-61.26024,-51.0098],[-61.25971,-51.01004],[-61.2597,-51.01023],[-61.26031,-51.00994],[-61.26024,-51.0098]]],[[[-61.26131,-51.00964],[-61.26213,-51.01002],[-61.26367,-51.00879],[-61.26235,-51.00884],[-61.26131,-51.00964]]],[[[-61.30208,-51.00788],[-61.30673,-51.00561],[-61.3139,-51],[-61.29644,-51.0071],[-61.30208,-51.00788]],[[-61.30125,-51.00666],[-61.30143,-51.00655],[-61.30169,-51.00662],[-61.30101,-51.00683],[-61.30125,-51.00666]],[[-61.3018,-51.00692],[-61.302,-51.00685],[-61.30223,-51.00677],[-61.30166,-51.00702],[-61.3018,-51.00692]]],[[[-61.44346,-51.00185],[-61.45372,-51.00105],[-61.4589,-50.99726],[-61.44548,-51.00004],[-61.44346,-51.00185]]],[[[-60.61642,-52.248],[-60.61464,-52.24777],[-60.61398,-52.24878],[-60.616,-52.24919],[-60.61642,-52.248]]],[[[-60.50638,-52.23289],[-60.50628,-52.23154],[-60.50536,-52.23182],[-60.50554,-52.23331],[-60.50638,-52.23289]]],[[[-60.50655,-52.22992],[-60.50536,-52.22974],[-60.50542,-52.2304],[-60.50607,-52.23046],[-60.50655,-52.22992]]],[[[-60.47101,-52.22468],[-60.47491,-52.23161],[-60.50013,-52.23423],[-60.49459,-52.22897],[-60.47101,-52.22468]]],[[[-60.50592,-52.22797],[-60.50706,-52.22717],[-60.50679,-52.22552],[-60.50411,-52.22695],[-60.50592,-52.22797]]],[[[-60.64248,-52.21231],[-60.64176,-52.21249],[-60.64176,-52.21297],[-60.64265,-52.21303],[-60.64248,-52.21231]]],[[[-60.64599,-52.21249],[-60.64569,-52.2116],[-60.64468,-52.21166],[-60.64467,-52.21268],[-60.64599,-52.21249]]],[[[-60.50674,-52.21316],[-60.50637,-52.20934],[-60.50133,-52.20959],[-60.50125,-52.21243],[-60.50674,-52.21316]]],[[[-60.64404,-52.20476],[-60.64714,-52.20744],[-60.6536,-52.20321],[-60.65193,-52.20228],[-60.64404,-52.20476]]],[[[-60.6881,-52.20381],[-60.68959,-52.20327],[-60.68959,-52.2025],[-60.68763,-52.2022],[-60.6881,-52.20381]]],[[[-60.68358,-52.2022],[-60.68311,-52.2022],[-60.68251,-52.20291],[-60.68406,-52.20297],[-60.68358,-52.2022]]],[[[-60.65544,-52.20211],[-60.65617,-52.20184],[-60.65626,-52.20111],[-60.65489,-52.20215],[-60.65544,-52.20211]]],[[[-60.67942,-52.19893],[-60.6787,-52.19905],[-60.67906,-52.19976],[-60.68007,-52.19934],[-60.67942,-52.19893]]],[[[-60.73694,-52.19687],[-60.73699,-52.196],[-60.73563,-52.19625],[-60.73589,-52.19692],[-60.73694,-52.19687]]],[[[-60.66478,-52.19658],[-60.66601,-52.19641],[-60.66611,-52.19561],[-60.66488,-52.19573],[-60.66478,-52.19658]]],[[[-60.68865,-52.19538],[-60.68896,-52.19664],[-60.69241,-52.19595],[-60.6916,-52.19458],[-60.68865,-52.19538]]],[[[-60.74269,-52.19589],[-60.75329,-52.20059],[-60.75488,-52.19029],[-60.75223,-52.19006],[-60.74269,-52.19589]]],[[[-60.69673,-52.19453],[-60.69786,-52.19441],[-60.6981,-52.19405],[-60.69578,-52.19369],[-60.69673,-52.19453]]],[[[-60.75853,-52.19058],[-60.7611,-52.19375],[-60.76537,-52.1923],[-60.76487,-52.18995],[-60.75853,-52.19058]]],[[[-60.76672,-52.18976],[-60.77132,-52.19389],[-60.77662,-52.19202],[-60.77581,-52.19077],[-60.76672,-52.18976]]],[[[-60.68713,-52.18832],[-60.69185,-52.19097],[-60.71114,-52.18503],[-60.70785,-52.1834],[-60.68713,-52.18832]]],[[[-60.4747,-52.18369],[-60.4795,-52.18609],[-60.4847,-52.18118],[-60.4795,-52.17987],[-60.4747,-52.18369]]],[[[-60.77177,-52.14584],[-60.78035,-52.13997],[-60.76799,-52.13524],[-60.76179,-52.14526],[-60.77177,-52.14584]]],[[[-60.78321,-52.12974],[-60.7835,-52.1312],[-60.7865,-52.13153],[-60.78585,-52.12982],[-60.78321,-52.12974]]],[[[-60.84586,-52.00611],[-60.85791,-52.01394],[-60.95075,-51.99587],[-60.8869,-51.9845],[-60.88108,-51.96315],[-60.85632,-51.974],[-60.86664,-51.98265],[-60.85379,-51.99382],[-60.87062,-52.0008],[-60.84586,-52.00611]]],[[[-60.57178,-51.98017],[-60.57725,-51.98268],[-60.57917,-51.98133],[-60.57656,-51.97941],[-60.57178,-51.98017]]],[[[-60.57003,-51.97918],[-60.57069,-51.9795],[-60.57282,-51.97823],[-60.57085,-51.97846],[-60.57003,-51.97918]]],[[[-60.55962,-51.97619],[-60.56462,-51.97874],[-60.56665,-51.97524],[-60.56309,-51.97612],[-60.55962,-51.97619]]],[[[-60.59169,-51.97534],[-60.59233,-51.97555],[-60.59326,-51.97448],[-60.59158,-51.97458],[-60.59169,-51.97534]]],[[[-60.87404,-51.93134],[-60.87529,-51.93862],[-60.87782,-51.93918],[-60.87917,-51.93419],[-60.87404,-51.93134]]],[[[-60.8709,-51.87195],[-60.87362,-51.87339],[-60.87645,-51.86915],[-60.87159,-51.87023],[-60.8709,-51.87195]]],[[[-60.50775,-51.86573],[-60.50822,-51.86983],[-60.51134,-51.8694],[-60.51083,-51.86444],[-60.50775,-51.86573]]],[[[-60.87745,-51.86766],[-60.87808,-51.86508],[-60.87639,-51.86476],[-60.87577,-51.86651],[-60.87745,-51.86766]]],[[[-60.52189,-51.86206],[-60.52539,-51.86679],[-60.53063,-51.86516],[-60.52496,-51.86116],[-60.52189,-51.86206]]],[[[-60.49956,-51.85442],[-60.50248,-51.85588],[-60.50226,-51.85172],[-60.50046,-51.8518],[-60.49956,-51.85442]]],[[[-60.52544,-51.84061],[-60.5279,-51.84549],[-60.53015,-51.84431],[-60.52883,-51.84124],[-60.52544,-51.84061]]],[[[-60.46919,-51.83575],[-60.47858,-51.84236],[-60.47092,-51.85166],[-60.49294,-51.85852],[-60.5109,-51.83325],[-60.49966,-51.81989],[-60.49368,-51.83373],[-60.46919,-51.83575]]],[[[-60.8972,-51.82255],[-60.89822,-51.82462],[-60.89939,-51.82413],[-60.89821,-51.8219],[-60.8972,-51.82255]]],[[[-60.54853,-51.81455],[-60.54928,-51.8179],[-60.55503,-51.82048],[-60.55582,-51.8172],[-60.54853,-51.81455]]],[[[-60.51377,-51.78579],[-60.51634,-51.78642],[-60.5165,-51.78408],[-60.51542,-51.78408],[-60.51377,-51.78579]]],[[[-60.65774,-51.65831],[-60.68913,-51.67541],[-60.68453,-51.62529],[-60.70017,-51.60374],[-60.65774,-51.65831]]],[[[-60.7251,-51.58904],[-60.72654,-51.59069],[-60.72992,-51.58992],[-60.72859,-51.58874],[-60.7251,-51.58904]]],[[[-60.48044,-51.58939],[-60.4825,-51.58495],[-60.48178,-51.584],[-60.47884,-51.58709],[-60.48044,-51.58939]]],[[[-60.48073,-51.58159],[-60.48301,-51.58164],[-60.48238,-51.57592],[-60.4808,-51.57743],[-60.48073,-51.58159]]],[[[-60.73137,-51.58649],[-60.80297,-51.58302],[-60.8186,-51.57076],[-60.76339,-51.57083],[-60.73137,-51.58649]]],[[[-60.8314,-51.57426],[-60.84819,-51.57679],[-60.84826,-51.56832],[-60.83563,-51.56562],[-60.8314,-51.57426]]],[[[-60.85578,-51.56356],[-60.87531,-51.56805],[-60.89069,-51.55675],[-60.86806,-51.55869],[-60.85578,-51.56356]]],[[[-60.48294,-51.55483],[-60.49143,-51.56988],[-60.50725,-51.55584],[-60.48972,-51.54776],[-60.48294,-51.55483]]],[[[-60.51278,-51.49092],[-60.52803,-51.50089],[-60.53292,-51.49481],[-60.52359,-51.48783],[-60.51278,-51.49092]]],[[[-60.49858,-51.48644],[-60.51297,-51.48728],[-60.52011,-51.48407],[-60.51405,-51.48219],[-60.49858,-51.48644]]],[[[-60.56269,-51.48016],[-60.56584,-51.47952],[-60.5684,-51.47595],[-60.56141,-51.47643],[-60.56269,-51.48016]]],[[[-60.69127,-51.47604],[-60.69707,-51.48279],[-60.70351,-51.48387],[-60.73146,-51.46477],[-60.69127,-51.47604]]],[[[-60.55249,-51.47348],[-60.55328,-51.47416],[-60.55423,-51.47355],[-60.55405,-51.47325],[-60.55249,-51.47348]]],[[[-60.66372,-51.35139],[-60.70514,-51.381],[-60.71752,-51.3694],[-60.71396,-51.35084],[-60.73591,-51.33564],[-60.72581,-51.327],[-60.68221,-51.34228],[-60.68272,-51.354],[-60.66372,-51.35139]]],[[[-60.50849,-51.32709],[-60.51019,-51.32765],[-60.5156,-51.32642],[-60.51178,-51.32615],[-60.50849,-51.32709]]],[[[-60.51629,-51.32579],[-60.51688,-51.3263],[-60.52049,-51.32561],[-60.51997,-51.32521],[-60.51629,-51.32579]]],[[[-60.52127,-51.32478],[-60.52127,-51.32548],[-60.52371,-51.32485],[-60.5222,-51.32463],[-60.52127,-51.32478]]],[[[-60.74287,-51.3233],[-60.74351,-51.32408],[-60.74789,-51.3228],[-60.74598,-51.32174],[-60.74287,-51.3233]]],[[[-60.76192,-51.32028],[-60.76538,-51.32325],[-60.76984,-51.31954],[-60.76811,-51.31647],[-60.76192,-51.32028]]],[[[-60.54238,-51.30434],[-60.54381,-51.30465],[-60.54497,-51.3033],[-60.54372,-51.30328],[-60.54238,-51.30434]]],[[[-60.88344,-51.28231],[-60.88452,-51.28317],[-60.88619,-51.28273],[-60.8854,-51.28184],[-60.88344,-51.28231]]],[[[-60.50962,-51.3057],[-60.52409,-51.3185],[-60.53643,-51.29642],[-60.58486,-51.28972],[-60.6064,-51.27026],[-60.59491,-51.25135],[-60.60278,-51.24307],[-60.50962,-51.3057]]],[[[-60.84075,-51.26083],[-60.84657,-51.26136],[-60.85072,-51.25911],[-60.85336,-51.25397],[-60.84075,-51.26083]]],[[[-60.63789,-51.24638],[-60.63798,-51.24725],[-60.64119,-51.24766],[-60.6418,-51.24967],[-60.64693,-51.24407],[-60.63789,-51.24638]]],[[[-60.64633,-51.2355],[-60.65105,-51.23929],[-60.65329,-51.23902],[-60.65025,-51.23481],[-60.64633,-51.2355]]],[[[-60.6364,-51.231],[-60.63577,-51.2314],[-60.63982,-51.23241],[-60.63778,-51.23093],[-60.6364,-51.231]]],[[[-60.84086,-51.19407],[-60.88013,-51.20923],[-60.94134,-51.21472],[-60.8815,-51.19911],[-60.84086,-51.19407]]],[[[-60.88032,-51.17133],[-60.88972,-51.17284],[-60.89465,-51.17219],[-60.89067,-51.17111],[-60.88032,-51.17133]]],[[[-60.8987,-51.17095],[-60.90102,-51.17151],[-60.90414,-51.17034],[-60.9014,-51.17004],[-60.8987,-51.17095]]],[[[-60.82654,-51.1569],[-60.85505,-51.16964],[-60.87936,-51.17107],[-60.8559,-51.15197],[-60.82654,-51.1569]]],[[[-60.73579,-51.12511],[-60.75162,-51.13394],[-60.7627,-51.12831],[-60.75516,-51.12953],[-60.73579,-51.12511]]],[[[-60.78448,-51.12239],[-60.78427,-51.12278],[-60.78587,-51.12177],[-60.78562,-51.12164],[-60.78448,-51.12239]]],[[[-60.78653,-51.12124],[-60.78816,-51.12198],[-60.79318,-51.11991],[-60.78831,-51.12025],[-60.78653,-51.12124]]],[[[-60.79378,-51.11979],[-60.79495,-51.1198],[-60.79818,-51.11784],[-60.79526,-51.11832],[-60.79378,-51.11979]]],[[[-60.79975,-51.1169],[-60.80016,-51.11762],[-60.81531,-51.1125],[-60.81931,-51.10858],[-60.79975,-51.1169]]],[[[-60.86006,-51.11327],[-60.87242,-51.12387],[-60.92016,-51.08792],[-60.904,-51.08665],[-60.86006,-51.11327]]],[[[-60.38349,-52.21732],[-60.383,-52.2182],[-60.38454,-52.22188],[-60.38605,-52.22216],[-60.38349,-52.21732]]],[[[-60.46925,-52.2179],[-60.47016,-52.21758],[-60.47037,-52.21648],[-60.46949,-52.21701],[-60.46925,-52.2179]]],[[[-60.41508,-52.19994],[-60.45115,-52.22213],[-60.46156,-52.21006],[-60.43663,-52.2107],[-60.41508,-52.19994]]],[[[-60.47163,-52.21174],[-60.47139,-52.20749],[-60.47172,-52.20421],[-60.46608,-52.21047],[-60.47163,-52.21174]]],[[[-60.27295,-52.10911],[-60.27303,-52.10843],[-60.27351,-52.10758],[-60.27249,-52.10819],[-60.27295,-52.10911]]],[[[-60.27514,-52.10584],[-60.27384,-52.10466],[-60.27254,-52.10513],[-60.27372,-52.10619],[-60.27514,-52.10584]]],[[[-60.27491,-52.03031],[-60.2755,-52.03102],[-60.27616,-52.03086],[-60.27539,-52.03004],[-60.27491,-52.03031]]],[[[-60.29455,-52.0097],[-60.29525,-52.00995],[-60.29553,-52.00999],[-60.29421,-52.00916],[-60.29455,-52.0097]]],[[[-60.08242,-51.97358],[-60.08223,-51.973],[-60.08143,-51.9739],[-60.08166,-51.97392],[-60.08242,-51.97358]]],[[[-60.08329,-51.95598],[-60.08456,-51.95725],[-60.08549,-51.95624],[-60.08418,-51.95546],[-60.08329,-51.95598]]],[[[-60.07935,-51.94696],[-60.08095,-51.94743],[-60.08071,-51.9446],[-60.07935,-51.94573],[-60.07935,-51.94696]]],[[[-60.45759,-51.8544],[-60.46083,-51.85583],[-60.46569,-51.85387],[-60.4603,-51.85175],[-60.45759,-51.8544]]],[[[-60.4652,-51.84512],[-60.46607,-51.8456],[-60.46664,-51.84529],[-60.46556,-51.84445],[-60.4652,-51.84512]]],[[[-60.33144,-51.80097],[-60.33136,-51.80023],[-60.33038,-51.80197],[-60.33113,-51.80164],[-60.33144,-51.80097]]],[[[-60.39196,-51.79772],[-60.39283,-51.79848],[-60.3945,-51.79819],[-60.394,-51.79696],[-60.39196,-51.79772]]],[[[-59.18964,-51.39898],[-59.29296,-51.43145],[-59.26661,-51.44517],[-59.28936,-51.45026],[-59.27192,-51.45812],[-59.28605,-51.45743],[-59.29343,-51.46079],[-59.29224,-51.46478],[-59.26673,-51.46214],[-59.20108,-51.43421],[-59.19892,-51.43537],[-59.33508,-51.52511],[-59.34403,-51.51836],[-59.33044,-51.49296],[-59.36722,-51.4861],[-59.35381,-51.50769],[-59.37321,-51.49826],[-59.41684,-51.51278],[-59.45924,-51.52006],[-59.47931,-51.52646],[-59.48073,-51.52],[-59.4864,-51.51782],[-59.49665,-51.52021],[-59.47659,-51.5282],[-59.37688,-51.50254],[-59.35387,-51.50972],[-59.40273,-51.53636],[-59.36805,-51.52761],[-59.38745,-51.54996],[-59.34643,-51.52104],[-59.33856,-51.52851],[-59.38578,-51.57963],[-59.38973,-51.60522],[-59.44027,-51.63411],[-59.48078,-51.63341],[-59.44146,-51.58529],[-59.5363,-51.64779],[-59.5334,-51.63297],[-59.49952,-51.60878],[-59.50224,-51.60195],[-59.59131,-51.66088],[-59.60385,-51.68717],[-59.54347,-51.64668],[-59.60751,-51.73095],[-59.63316,-51.74138],[-59.63683,-51.73186],[-59.6655,-51.74433],[-59.61949,-51.74381],[-59.63082,-51.75537],[-59.72655,-51.81352],[-59.72629,-51.80489],[-59.75377,-51.80558],[-59.76548,-51.81246],[-59.77269,-51.82011],[-59.7469,-51.81613],[-59.83585,-51.89841],[-59.85881,-51.96356],[-59.9003,-51.97965],[-59.91977,-51.96672],[-60.00509,-52.00518],[-60.01867,-52],[-59.99672,-51.98183],[-60.01774,-51.96753],[-60.01042,-51.96632],[-60.00304,-51.97043],[-59.99814,-51.96931],[-60.01579,-51.95977],[-60.03846,-51.96957],[-60.0767,-51.96151],[-60.05589,-51.95163],[-60.05245,-51.94184],[-60.06656,-51.95008],[-60.07918,-51.93805],[-60.09175,-51.95508],[-60.08747,-51.96453],[-60.10343,-51.95952],[-60.10937,-51.96044],[-60.11338,-51.96548],[-60.11716,-51.96524],[-60.08782,-51.97079],[-60.09978,-51.9851],[-60.0871,-51.99674],[-60.10007,-52.00828],[-60.23905,-52.01676],[-60.15924,-51.96476],[-60.22053,-51.99451],[-60.20729,-51.9803],[-60.24217,-51.99374],[-60.23549,-51.9837],[-60.22261,-51.98015],[-60.20775,-51.96801],[-60.2065,-51.96655],[-60.20572,-51.96271],[-60.26663,-51.99808],[-60.28495,-51.99119],[-60.27371,-52.00206],[-60.2905,-52.01508],[-60.29375,-52.00655],[-60.3267,-51.99741],[-60.33053,-51.9794],[-60.33067,-51.9943],[-60.33462,-51.99252],[-60.34233,-51.99495],[-60.35762,-52.00737],[-60.33492,-51.99351],[-60.32802,-52.00006],[-60.29728,-52.00997],[-60.31154,-52.00847],[-60.29512,-52.02637],[-60.2845,-52.01762],[-60.27872,-52.03678],[-60.28873,-52.04636],[-60.2739,-52.0413],[-60.28251,-52.08201],[-60.26963,-52.07889],[-60.25803,-52.0239],[-60.24235,-52.01859],[-60.25651,-52.0286],[-60.26693,-52.09085],[-60.35496,-52.16212],[-60.38085,-52.15426],[-60.37619,-52.14181],[-60.3825,-52.1184],[-60.37554,-52.11891],[-60.37003,-52.11643],[-60.37662,-52.10752],[-60.34739,-52.11411],[-60.32789,-52.10138],[-60.40739,-52.09195],[-60.38091,-52.11251],[-60.3931,-52.13643],[-60.40859,-52.12022],[-60.4583,-52.10277],[-60.50439,-52.11287],[-60.40458,-52.12485],[-60.4036,-52.13029],[-60.38415,-52.14331],[-60.38849,-52.15869],[-60.36556,-52.16612],[-60.37803,-52.17746],[-60.40725,-52.17321],[-60.41447,-52.14463],[-60.46519,-52.15977],[-60.44321,-52.16965],[-60.46628,-52.17857],[-60.47837,-52.1724],[-60.47336,-52.14966],[-60.49102,-52.1557],[-60.48583,-52.16634],[-60.5084,-52.15812],[-60.54349,-52.13084],[-60.54341,-52.11247],[-60.58597,-52.12608],[-60.55771,-52.13798],[-60.57651,-52.16447],[-60.54471,-52.13651],[-60.52415,-52.15513],[-60.53891,-52.15788],[-60.53513,-52.16721],[-60.51932,-52.15922],[-60.49003,-52.18064],[-60.51278,-52.17913],[-60.50577,-52.1879],[-60.52219,-52.1912],[-60.551,-52.18418],[-60.50311,-52.20272],[-60.57252,-52.23657],[-60.59501,-52.2349],[-60.60442,-52.25153],[-60.62247,-52.23234],[-60.61643,-52.25877],[-60.65275,-52.25907],[-60.68143,-52.23545],[-60.66648,-52.22275],[-60.69639,-52.21311],[-60.67319,-52.19981],[-60.63193,-52.21464],[-60.64207,-52.2078],[-60.63383,-52.2078],[-60.63126,-52.20493],[-60.66508,-52.19297],[-60.63255,-52.18318],[-60.62931,-52.17539],[-60.67209,-52.19242],[-60.69694,-52.17924],[-60.66786,-52.16426],[-60.66141,-52.15433],[-60.70444,-52.1735],[-60.70157,-52.1417],[-60.7175,-52.16044],[-60.74691,-52.1441],[-60.71568,-52.12979],[-60.66341,-52.14102],[-60.71282,-52.1179],[-60.71587,-52.10311],[-60.7473,-52.12468],[-60.76495,-52.11001],[-60.81101,-52.11234],[-60.81467,-52.09794],[-60.85052,-52.10762],[-60.84458,-52.12754],[-60.79534,-52.14071],[-60.76979,-52.16784],[-60.71934,-52.17672],[-60.73118,-52.18125],[-60.71993,-52.18643],[-60.79948,-52.18943],[-60.82584,-52.17336],[-60.81156,-52.1627],[-60.81785,-52.1514],[-60.8594,-52.14608],[-60.85886,-52.12431],[-60.93366,-52.11671],[-60.947,-52.09025],[-60.97863,-52.08743],[-60.97361,-52.07804],[-60.99778,-52.07345],[-60.99869,-52.05726],[-61.02283,-52.04302],[-61.01279,-52.07535],[-61.04763,-52.07297],[-61.04309,-52.01361],[-61.07987,-52.01485],[-61.02408,-52.00761],[-61.00433,-52.0186],[-61.00449,-52.03995],[-60.97592,-52.0494],[-60.8967,-52.03709],[-60.89329,-52.05875],[-60.91752,-52.06779],[-60.8823,-52.07328],[-60.92014,-52.08329],[-60.87668,-52.0734],[-60.85655,-52.08517],[-60.80497,-52.0582],[-60.87052,-52.0709],[-60.89628,-52.02842],[-60.85963,-52.04203],[-60.7455,-52.01771],[-60.74802,-52.00105],[-60.79116,-52.00041],[-60.79119,-51.98979],[-60.82511,-52.00008],[-60.82103,-51.9872],[-60.83855,-51.98464],[-60.82676,-51.98333],[-60.82844,-51.97609],[-60.85646,-51.96462],[-60.84604,-51.95403],[-60.7453,-51.96172],[-60.75519,-51.97904],[-60.73129,-51.96259],[-60.70432,-51.96421],[-60.72835,-51.98556],[-60.70753,-51.98558],[-60.73215,-52.00211],[-60.71226,-52.0051],[-60.72184,-52.01237],[-60.69181,-52.00413],[-60.70248,-51.97485],[-60.69051,-51.96995],[-60.68131,-52.01365],[-60.69675,-52.02018],[-60.67538,-52.03723],[-60.68979,-52.03941],[-60.68345,-52.04697],[-60.68619,-52.0405],[-60.64494,-52.04164],[-60.63907,-52.03776],[-60.67685,-52.03227],[-60.65366,-52.02256],[-60.6712,-52.01538],[-60.65395,-52.00904],[-60.66964,-52.004],[-60.67331,-51.97528],[-60.64928,-51.96883],[-60.624,-51.97868],[-60.63135,-51.98036],[-60.6401,-51.99399],[-60.63443,-51.99943],[-60.62805,-51.98116],[-60.57758,-51.98691],[-60.58802,-52.00549],[-60.60744,-52.00479],[-60.59494,-52.00827],[-60.60786,-52.0265],[-60.58542,-52.0093],[-60.56775,-52.02315],[-60.5558,-52.02592],[-60.58085,-52.00592],[-60.57078,-51.98948],[-60.53663,-52.00265],[-60.54955,-52.00787],[-60.54499,-52.02727],[-60.53364,-52.00728],[-60.50736,-52.02418],[-60.52746,-52.00604],[-60.51912,-52.00347],[-60.57033,-51.98433],[-60.46124,-51.97204],[-60.43642,-51.95716],[-60.43564,-51.96697],[-60.39714,-51.92587],[-60.5428,-51.95426],[-60.56286,-51.93822],[-60.64835,-51.92627],[-60.62908,-51.91825],[-60.54891,-51.94141],[-60.50575,-51.93605],[-60.48485,-51.91162],[-60.49798,-51.90841],[-60.44998,-51.87599],[-60.47777,-51.87238],[-60.44567,-51.85113],[-60.47773,-51.82536],[-60.45244,-51.79527],[-60.46031,-51.78787],[-60.41565,-51.77017],[-60.43732,-51.79038],[-60.42064,-51.79276],[-60.40735,-51.77264],[-60.40313,-51.78073],[-60.37463,-51.76495],[-60.38667,-51.77887],[-60.37253,-51.77073],[-60.37212,-51.78597],[-60.41777,-51.80238],[-60.41866,-51.82338],[-60.39942,-51.79902],[-60.40367,-51.80798],[-60.39107,-51.81154],[-60.37068,-51.79741],[-60.35671,-51.81528],[-60.37295,-51.81648],[-60.38635,-51.84149],[-60.4092,-51.84132],[-60.39738,-51.84551],[-60.41746,-51.86816],[-60.38333,-51.84577],[-60.38373,-51.85588],[-60.3598,-51.85488],[-60.35053,-51.86675],[-60.35784,-51.86666],[-60.36402,-51.87599],[-60.36855,-51.89042],[-60.36228,-51.87523],[-60.33791,-51.86913],[-60.34447,-51.85978],[-60.32696,-51.86535],[-60.34395,-51.85461],[-60.32731,-51.83273],[-60.33389,-51.81913],[-60.30416,-51.84042],[-60.27647,-51.83106],[-60.32848,-51.8047],[-60.29445,-51.77925],[-60.31872,-51.77932],[-60.32044,-51.76834],[-60.33141,-51.77974],[-60.32384,-51.76079],[-60.26729,-51.74896],[-60.28449,-51.76074],[-60.27249,-51.76568],[-60.28082,-51.77171],[-60.25564,-51.76522],[-60.26954,-51.77862],[-60.25852,-51.78783],[-60.22749,-51.77296],[-60.22195,-51.77695],[-60.21819,-51.78857],[-60.21372,-51.79288],[-60.18167,-51.74586],[-60.18992,-51.7208],[-60.18119,-51.70937],[-60.19472,-51.70068],[-60.24752,-51.69631],[-60.2894,-51.72107],[-60.31081,-51.71515],[-60.31805,-51.69646],[-60.34266,-51.71714],[-60.36084,-51.71088],[-60.38232,-51.71745],[-60.38851,-51.73139],[-60.37152,-51.73122],[-60.37585,-51.74329],[-60.35847,-51.75608],[-60.41088,-51.74512],[-60.44285,-51.77114],[-60.47591,-51.77474],[-60.47968,-51.75972],[-60.49932,-51.77003],[-60.52167,-51.7607],[-60.55035,-51.77837],[-60.53523,-51.78451],[-60.55292,-51.79777],[-60.52462,-51.79403],[-60.53966,-51.80748],[-60.57112,-51.79931],[-60.5614,-51.77222],[-60.59165,-51.77527],[-60.64124,-51.72826],[-60.66325,-51.68471],[-60.65021,-51.66725],[-60.61091,-51.69637],[-60.61647,-51.67615],[-60.52114,-51.7125],[-60.36767,-51.67146],[-60.28696,-51.68063],[-60.23123,-51.65664],[-60.16947,-51.69204],[-60.1003,-51.70668],[-60.08667,-51.72322],[-60.08191,-51.71781],[-60.05733,-51.72959],[-60.02496,-51.7355],[-59.99163,-51.7338],[-59.98164,-51.74125],[-59.97415,-51.7419],[-59.98966,-51.73226],[-60.08634,-51.71363],[-60.09408,-51.69996],[-60.0426,-51.70518],[-60.02551,-51.69925],[-60.07077,-51.68872],[-60.07256,-51.70073],[-60.09425,-51.69841],[-60.07545,-51.6951],[-60.0779,-51.68084],[-60.08936,-51.69137],[-60.09442,-51.68174],[-60.08568,-51.67194],[-60.08398,-51.66036],[-60.09248,-51.67779],[-60.09925,-51.67127],[-60.10572,-51.67034],[-60.13573,-51.6835],[-60.18353,-51.66536],[-60.22296,-51.63073],[-60.25881,-51.62561],[-60.22143,-51.62003],[-60.23164,-51.60882],[-60.27385,-51.61013],[-60.30499,-51.59772],[-60.30822,-51.58002],[-60.28489,-51.57915],[-60.26561,-51.57356],[-60.25884,-51.56055],[-60.2694,-51.57368],[-60.3138,-51.57742],[-60.29697,-51.56095],[-60.29985,-51.55888],[-60.29391,-51.55904],[-60.28998,-51.55344],[-60.321,-51.54516],[-60.32811,-51.52533],[-60.32598,-51.54162],[-60.34679,-51.54],[-60.3498,-51.54443],[-60.30201,-51.5615],[-60.33292,-51.58106],[-60.39797,-51.5676],[-60.3862,-51.54904],[-60.39042,-51.54401],[-60.406,-51.56213],[-60.43255,-51.54155],[-60.49503,-51.54007],[-60.51371,-51.52671],[-60.5031,-51.52275],[-60.50864,-51.50014],[-60.48208,-51.4906],[-60.38717,-51.50488],[-60.38247,-51.48655],[-60.42098,-51.45664],[-60.44829,-51.45388],[-60.45508,-51.4377],[-60.52073,-51.45169],[-60.6001,-51.43956],[-60.6166,-51.42001],[-60.65036,-51.41448],[-60.62837,-51.40377],[-60.6313,-51.37641],[-60.66475,-51.36082],[-60.61031,-51.36031],[-60.66434,-51.3402],[-60.56482,-51.36529],[-60.57095,-51.37327],[-60.5231,-51.37361],[-60.45114,-51.40169],[-60.45458,-51.41194],[-60.44607,-51.40316],[-60.40553,-51.41958],[-60.35793,-51.45431],[-60.24438,-51.49402],[-60.20043,-51.49828],[-60.16469,-51.48298],[-60.15555,-51.487],[-60.17135,-51.49014],[-60.16771,-51.50006],[-60.13095,-51.50724],[-60.12333,-51.49766],[-60.13407,-51.49504],[-60.11343,-51.49696],[-60.10654,-51.50466],[-60.08118,-51.48408],[-60.0524,-51.49346],[-60.03941,-51.47952],[-59.97242,-51.47556],[-60.01536,-51.45383],[-60.09142,-51.45086],[-60.10005,-51.43822],[-60.06763,-51.42096],[-60.08119,-51.408],[-60.03045,-51.41598],[-60.05164,-51.38821],[-60.00893,-51.38057],[-59.983,-51.38838],[-60.02005,-51.40337],[-60.00221,-51.42158],[-59.97974,-51.42617],[-59.98372,-51.41051],[-59.9647,-51.4111],[-59.95958,-51.3953],[-59.91622,-51.39661],[-59.90245,-51.3916],[-59.91634,-51.38381],[-59.89113,-51.38183],[-59.85991,-51.39152],[-59.9006,-51.39544],[-59.87354,-51.40057],[-59.90849,-51.4029],[-59.8883,-51.40697],[-59.90053,-51.41496],[-59.89888,-51.4235],[-59.89066,-51.41074],[-59.8208,-51.39524],[-59.81024,-51.3962],[-59.8752,-51.41349],[-59.77063,-51.42049],[-59.76965,-51.41489],[-59.75769,-51.40556],[-59.76031,-51.41446],[-59.73027,-51.42093],[-59.77047,-51.43079],[-59.77694,-51.44817],[-59.77835,-51.43062],[-59.84145,-51.44354],[-59.81363,-51.44352],[-59.8165,-51.45542],[-59.75767,-51.4498],[-59.73342,-51.46062],[-59.63488,-51.43709],[-59.62664,-51.46859],[-59.61895,-51.43476],[-59.57357,-51.43433],[-59.52153,-51.39981],[-59.4902,-51.39564],[-59.48244,-51.41477],[-59.54192,-51.44],[-59.5478,-51.43705],[-59.58849,-51.44471],[-59.60121,-51.44208],[-59.6068,-51.445],[-59.52042,-51.48081],[-59.5416,-51.4531],[-59.54288,-51.44216],[-59.46749,-51.46465],[-59.43943,-51.44706],[-59.38466,-51.43945],[-59.39908,-51.42112],[-59.4768,-51.40467],[-59.43629,-51.38879],[-59.44952,-51.35215],[-59.39808,-51.36757],[-59.41483,-51.33776],[-59.38124,-51.33798],[-59.35832,-51.35939],[-59.22842,-51.40206],[-59.18964,-51.39898]]],[[[-60.33106,-51.79695],[-60.33232,-51.79727],[-60.3326,-51.79595],[-60.3311,-51.79576],[-60.33106,-51.79695]]],[[[-60.21769,-51.78724],[-60.21787,-51.78673],[-60.21787,-51.78655],[-60.21736,-51.7874],[-60.21769,-51.78724]]],[[[-60.21834,-51.78526],[-60.21844,-51.78484],[-60.21825,-51.7848],[-60.21794,-51.78534],[-60.21834,-51.78526]]],[[[-60.2185,-51.78385],[-60.21928,-51.78324],[-60.21908,-51.78217],[-60.21856,-51.78335],[-60.2185,-51.78385]]],[[[-60.41439,-51.77204],[-60.41429,-51.77152],[-60.41369,-51.77162],[-60.41397,-51.77198],[-60.41439,-51.77204]]],[[[-60.21443,-51.77698],[-60.22869,-51.76892],[-60.22355,-51.75655],[-60.21658,-51.76566],[-60.21443,-51.77698]]],[[[-60.3926,-51.76542],[-60.39294,-51.76633],[-60.39588,-51.76719],[-60.39504,-51.76623],[-60.3926,-51.76542]]],[[[-60.38666,-51.76253],[-60.39171,-51.76493],[-60.39338,-51.76376],[-60.39041,-51.76139],[-60.38666,-51.76253]]],[[[-60.378,-51.75693],[-60.38214,-51.759],[-60.38297,-51.75854],[-60.38185,-51.75674],[-60.378,-51.75693]]],[[[-60.26736,-51.75582],[-60.27028,-51.75796],[-60.27162,-51.75805],[-60.27162,-51.75682],[-60.26736,-51.75582]]],[[[-60.25775,-51.75676],[-60.25983,-51.75686],[-60.2592,-51.75349],[-60.25697,-51.75558],[-60.25775,-51.75676]]],[[[-60.21964,-51.75166],[-60.2217,-51.75184],[-60.22333,-51.7507],[-60.22157,-51.75054],[-60.21964,-51.75166]]],[[[-60.03817,-51.69921],[-60.03915,-51.69997],[-60.04361,-51.69917],[-60.04085,-51.69828],[-60.03817,-51.69921]]],[[[-60.04429,-51.69897],[-60.044,-51.69936],[-60.04801,-51.69873],[-60.04761,-51.69844],[-60.04429,-51.69897]]],[[[-60.05459,-51.69693],[-60.05566,-51.69682],[-60.05566,-51.69626],[-60.05469,-51.6963],[-60.05459,-51.69693]]],[[[-60.05894,-51.69299],[-60.05939,-51.69306],[-60.05949,-51.69261],[-60.05886,-51.69257],[-60.05894,-51.69299]]],[[[-60.06264,-51.69236],[-60.06266,-51.6919],[-60.06234,-51.69179],[-60.06233,-51.69232],[-60.06264,-51.69236]]],[[[-60.13867,-51.68637],[-60.13908,-51.68586],[-60.1388,-51.68562],[-60.13821,-51.686],[-60.13867,-51.68637]]],[[[-60.11387,-51.6876],[-60.11448,-51.68856],[-60.11854,-51.68679],[-60.12212,-51.68203],[-60.11387,-51.6876]]],[[[-60.11294,-51.68428],[-60.11454,-51.68525],[-60.11514,-51.68358],[-60.11353,-51.6836],[-60.11294,-51.68428]]],[[[-60.11223,-51.68312],[-60.11204,-51.68314],[-60.11189,-51.68345],[-60.11233,-51.68346],[-60.11223,-51.68312]]],[[[-60.09704,-51.68197],[-60.09703,-51.68225],[-60.09745,-51.68227],[-60.09737,-51.68193],[-60.09704,-51.68197]]],[[[-60.11725,-51.68073],[-60.11775,-51.68099],[-60.11799,-51.68082],[-60.11751,-51.68037],[-60.11725,-51.68073]]],[[[-60.10905,-51.67997],[-60.11027,-51.68061],[-60.11121,-51.67749],[-60.11013,-51.67731],[-60.10905,-51.67997]]],[[[-60.09959,-51.67404],[-60.10018,-51.67432],[-60.1008,-51.67358],[-60.09986,-51.67336],[-60.09959,-51.67404]]],[[[-60.18321,-51.6699],[-60.18337,-51.67031],[-60.18403,-51.67003],[-60.18343,-51.66949],[-60.18321,-51.6699]]],[[[-60.25857,-51.65917],[-60.26218,-51.6611],[-60.26346,-51.65998],[-60.26155,-51.65894],[-60.25857,-51.65917]]],[[[-60.24763,-51.65572],[-60.247,-51.65553],[-60.24671,-51.65629],[-60.24742,-51.65625],[-60.24763,-51.65572]]],[[[-60.29892,-51.64962],[-60.30425,-51.65159],[-60.3077,-51.64729],[-60.30158,-51.64547],[-60.29892,-51.64962]]],[[[-60.33773,-51.63483],[-60.34076,-51.64232],[-60.36175,-51.63689],[-60.34893,-51.63029],[-60.33773,-51.63483]]],[[[-60.41852,-51.6254],[-60.44487,-51.62414],[-60.46136,-51.60714],[-60.43378,-51.6054],[-60.41852,-51.6254]]],[[[-60.46504,-51.59973],[-60.4659,-51.60124],[-60.46917,-51.59854],[-60.4673,-51.5982],[-60.46504,-51.59973]]],[[[-60.29931,-51.59902],[-60.29984,-51.59879],[-60.29909,-51.59804],[-60.2985,-51.59847],[-60.29931,-51.59902]]],[[[-60.31485,-51.57769],[-60.31634,-51.57991],[-60.32084,-51.57896],[-60.3177,-51.57725],[-60.31485,-51.57769]]],[[[-60.10533,-51.49748],[-60.10714,-51.49816],[-60.10795,-51.49741],[-60.10592,-51.49629],[-60.10533,-51.49748]]],[[[-60.14289,-51.48138],[-60.14348,-51.48207],[-60.14469,-51.48132],[-60.14351,-51.48092],[-60.14289,-51.48138]]],[[[-60.13606,-51.44238],[-60.1367,-51.4426],[-60.13773,-51.44184],[-60.13718,-51.44143],[-60.13606,-51.44238]]],[[[-60.1092,-51.43053],[-60.11289,-51.43217],[-60.11572,-51.43036],[-60.11429,-51.42997],[-60.1092,-51.43053]]],[[[-60.10684,-51.42756],[-60.11403,-51.42888],[-60.15896,-51.4136],[-60.12513,-51.41402],[-60.10684,-51.42756]]],[[[-60.0842,-51.41648],[-60.08581,-51.4168],[-60.08703,-51.41621],[-60.08646,-51.416],[-60.0842,-51.41648]]],[[[-60.09989,-51.40711],[-60.09968,-51.40782],[-60.1021,-51.4072],[-60.10186,-51.40688],[-60.09989,-51.40711]]],[[[-60.08662,-51.40604],[-60.08786,-51.40616],[-60.0884,-51.40569],[-60.08746,-51.40522],[-60.08662,-51.40604]]],[[[-60.20211,-51.40506],[-60.20853,-51.40814],[-60.21213,-51.40734],[-60.20755,-51.40223],[-60.20211,-51.40506]]],[[[-60.17871,-51.4056],[-60.18051,-51.40583],[-60.18101,-51.40558],[-60.17899,-51.40417],[-60.17871,-51.4056]]],[[[-60.08972,-51.401],[-60.09083,-51.40262],[-60.09428,-51.40169],[-60.09298,-51.40092],[-60.08972,-51.401]]],[[[-60.10858,-51.40142],[-60.11079,-51.40176],[-60.11435,-51.39878],[-60.11367,-51.39863],[-60.10858,-51.40142]]],[[[-60.08908,-51.38813],[-60.09182,-51.38893],[-60.09405,-51.38686],[-60.09256,-51.38648],[-60.08908,-51.38813]]],[[[-59.99336,-51.38126],[-59.99414,-51.38245],[-59.99934,-51.38116],[-59.99551,-51.37888],[-59.99336,-51.38126]]],[[[-60.0085,-51.37579],[-60.00877,-51.37816],[-60.01088,-51.3782],[-60.01142,-51.37654],[-60.0085,-51.37579]]],[[[-60.36962,-51.37036],[-60.38797,-51.37074],[-60.41277,-51.35732],[-60.38848,-51.35807],[-60.36962,-51.37036]]],[[[-60.1598,-51.36168],[-60.15951,-51.36282],[-60.16466,-51.36222],[-60.16391,-51.36154],[-60.1598,-51.36168]]],[[[-60.44774,-51.344],[-60.44901,-51.34203],[-60.44861,-51.34164],[-60.44583,-51.34321],[-60.44774,-51.344]]],[[[-60.04479,-51.33801],[-60.0823,-51.3623],[-60.07601,-51.37216],[-60.08915,-51.37615],[-60.07972,-51.38234],[-60.10735,-51.37939],[-60.09891,-51.38446],[-60.12714,-51.39569],[-60.10828,-51.40444],[-60.17125,-51.3981],[-60.19745,-51.40581],[-60.1995,-51.39611],[-60.26524,-51.41305],[-60.31609,-51.38921],[-60.27506,-51.39709],[-60.28492,-51.3694],[-60.24062,-51.35964],[-60.23469,-51.33761],[-60.1686,-51.38095],[-60.18422,-51.38341],[-60.17589,-51.39653],[-60.13842,-51.39148],[-60.14658,-51.38121],[-60.12832,-51.38764],[-60.12111,-51.36221],[-60.20045,-51.34362],[-60.24102,-51.30785],[-60.28559,-51.30432],[-60.31938,-51.28364],[-60.32603,-51.2635],[-60.28596,-51.26219],[-60.26511,-51.27083],[-60.24807,-51.30051],[-60.1851,-51.31506],[-60.0857,-51.30375],[-60.09094,-51.31086],[-60.06127,-51.31631],[-60.09529,-51.32807],[-60.04479,-51.33801]]],[[[-60.45584,-51.33734],[-60.47028,-51.34184],[-60.47382,-51.33353],[-60.46107,-51.32858],[-60.45584,-51.33734]]],[[[-60.02515,-51.2063],[-60.02691,-51.20709],[-60.03188,-51.2049],[-60.02973,-51.20463],[-60.02515,-51.2063]]],[[[-60.04171,-51.19963],[-60.04321,-51.20125],[-60.04592,-51.19825],[-60.04369,-51.19801],[-60.04171,-51.19963]]],[[[-60.24126,-51.16048],[-60.24613,-51.16086],[-60.25134,-51.15929],[-60.24275,-51.15926],[-60.24126,-51.16048]]],[[[-60.25291,-51.15872],[-60.25868,-51.15945],[-60.25952,-51.15845],[-60.25923,-51.15811],[-60.25291,-51.15872]]],[[[-60.26372,-51.15843],[-60.26729,-51.15822],[-60.26873,-51.15727],[-60.26812,-51.15642],[-60.26372,-51.15843]]],[[[-60.37489,-51.14608],[-60.38359,-51.15277],[-60.39469,-51.1545],[-60.44566,-51.15113],[-60.37489,-51.14608]]],[[[-59.71819,-52.36507],[-59.71813,-52.36657],[-59.72205,-52.36592],[-59.72012,-52.36475],[-59.71819,-52.36507]]],[[[-59.67899,-52.30174],[-59.75377,-52.34857],[-59.73562,-52.35957],[-59.76003,-52.38327],[-59.78678,-52.37722],[-59.78658,-52.36365],[-59.81646,-52.36141],[-59.78458,-52.34062],[-59.76365,-52.34378],[-59.7644,-52.31776],[-59.75114,-52.30872],[-59.74032,-52.31736],[-59.67899,-52.30174]]],[[[-59.74066,-52.31009],[-59.74249,-52.30944],[-59.74217,-52.30603],[-59.74147,-52.30928],[-59.74066,-52.31009]]],[[[-59.67237,-52.22063],[-59.68948,-52.22906],[-59.68316,-52.24584],[-59.7176,-52.26666],[-59.73053,-52.26171],[-59.73604,-52.29267],[-59.74713,-52.29605],[-59.76214,-52.2667],[-59.76067,-52.24978],[-59.73962,-52.24481],[-59.75401,-52.22908],[-59.73973,-52.22284],[-59.74165,-52.19134],[-59.76133,-52.17911],[-59.78625,-52.1853],[-59.79155,-52.17051],[-59.80826,-52.16858],[-59.77941,-52.13964],[-59.77001,-52.17328],[-59.69916,-52.16751],[-59.6853,-52.18137],[-59.69381,-52.21772],[-59.67237,-52.22063]]],[[[-59.82472,-52.16196],[-59.82855,-52.16621],[-59.83192,-52.16244],[-59.82573,-52.15986],[-59.82472,-52.16196]]],[[[-59.8243,-52.15886],[-59.82563,-52.15699],[-59.82535,-52.156],[-59.82317,-52.15905],[-59.8243,-52.15886]]],[[[-59.83609,-52.15474],[-59.83954,-52.15989],[-59.8434,-52.16095],[-59.83983,-52.15453],[-59.83609,-52.15474]]],[[[-59.83332,-52.15109],[-59.83403,-52.1496],[-59.83109,-52.15002],[-59.83249,-52.1507],[-59.83332,-52.15109]]],[[[-59.83865,-52.14696],[-59.8382,-52.14627],[-59.8376,-52.14632],[-59.83777,-52.14696],[-59.83865,-52.14696]]],[[[-59.86707,-52.12945],[-59.86839,-52.13571],[-59.87826,-52.13163],[-59.8776,-52.12895],[-59.86707,-52.12945]]],[[[-59.84472,-52.13095],[-59.85517,-52.13677],[-59.85933,-52.13033],[-59.855,-52.12461],[-59.84472,-52.13095]]],[[[-59.79474,-52.12794],[-59.79783,-52.12598],[-59.79416,-52.12381],[-59.79242,-52.12603],[-59.79474,-52.12794]]],[[[-59.74308,-52.10304],[-59.74773,-52.106],[-59.74893,-52.10485],[-59.74522,-52.10148],[-59.74308,-52.10304]]],[[[-59.7153,-52.05727],[-59.73131,-52.09392],[-59.74905,-52.0884],[-59.73883,-52.0594],[-59.71816,-52.0444],[-59.7153,-52.05727]]],[[[-59.85651,-52.03598],[-59.86188,-52.03171],[-59.85604,-52.02122],[-59.85147,-52.03487],[-59.85651,-52.03598]]],[[[-59.75507,-52.02577],[-59.75702,-52.02556],[-59.75254,-52.02388],[-59.75291,-52.02463],[-59.75507,-52.02577]]],[[[-59.82645,-52.01312],[-59.82591,-52.01679],[-59.8306,-52.01679],[-59.82948,-52.01445],[-59.82645,-52.01312]]],[[[-59.72404,-52.01383],[-59.72386,-52.01411],[-59.72406,-52.01419],[-59.72422,-52.01371],[-59.72404,-52.01383]]],[[[-59.72261,-52.01231],[-59.72254,-52.01288],[-59.7244,-52.01361],[-59.72422,-52.01309],[-59.72261,-52.01231]]],[[[-59.8243,-52.00926],[-59.82637,-52.01002],[-59.82678,-52.00957],[-59.82392,-52.00885],[-59.8243,-52.00926]]],[[[-59.79842,-52.00401],[-59.79979,-52.00017],[-59.79746,-51.99873],[-59.79639,-52.00257],[-59.79842,-52.00401]]],[[[-59.83572,-51.97219],[-59.83753,-51.97582],[-59.84,-51.97593],[-59.83972,-51.97485],[-59.83572,-51.97219]]],[[[-59.7508,-51.82978],[-59.75129,-51.83408],[-59.76788,-51.84879],[-59.77652,-51.85199],[-59.7508,-51.82978]]],[[[-59.73098,-51.43734],[-59.73823,-51.43963],[-59.74458,-51.4387],[-59.7378,-51.43627],[-59.73098,-51.43734]]],[[[-59.7102,-51.42843],[-59.71008,-51.43782],[-59.71536,-51.43819],[-59.71838,-51.43001],[-59.7102,-51.42843]]],[[[-59.81877,-51.40858],[-59.82083,-51.41044],[-59.82257,-51.40788],[-59.82201,-51.40765],[-59.81877,-51.40858]]],[[[-59.68631,-51.40967],[-59.72216,-51.42269],[-59.74007,-51.40666],[-59.71708,-51.38848],[-59.68758,-51.3903],[-59.69656,-51.39887],[-59.68495,-51.39827],[-59.68631,-51.40967]]],[[[-59.87705,-51.40293],[-59.88254,-51.40563],[-59.8875,-51.4058],[-59.88457,-51.4046],[-59.87705,-51.40293]]],[[[-59.88596,-51.39836],[-59.88624,-51.39952],[-59.89073,-51.3984],[-59.88894,-51.39773],[-59.88596,-51.39836]]],[[[-59.86878,-51.39836],[-59.87157,-51.39884],[-59.87288,-51.39877],[-59.87123,-51.398],[-59.86878,-51.39836]]],[[[-59.74456,-51.39353],[-59.75124,-51.39518],[-59.75534,-51.40501],[-59.75905,-51.39525],[-59.74456,-51.39353]]],[[[-59.77983,-51.39693],[-59.78136,-51.39764],[-59.78914,-51.39673],[-59.78682,-51.39593],[-59.77983,-51.39693]]],[[[-59.78037,-51.39388],[-59.77945,-51.39463],[-59.79002,-51.39413],[-59.78976,-51.39363],[-59.78037,-51.39388]]],[[[-59.81225,-51.39302],[-59.8222,-51.39493],[-59.83245,-51.39502],[-59.8276,-51.39359],[-59.81225,-51.39302]]],[[[-59.80389,-51.39301],[-59.80558,-51.39446],[-59.80757,-51.3925],[-59.80605,-51.39227],[-59.80389,-51.39301]]],[[[-59.75565,-51.39031],[-59.76386,-51.3944],[-59.77683,-51.39335],[-59.76063,-51.38832],[-59.75565,-51.39031]]],[[[-59.98756,-51.38513],[-59.98625,-51.38468],[-59.98571,-51.38622],[-59.98644,-51.38565],[-59.98756,-51.38513]]],[[[-59.97558,-51.38423],[-59.98057,-51.38526],[-59.98094,-51.38334],[-59.98016,-51.38218],[-59.97558,-51.38423]]],[[[-59.67393,-51.37804],[-59.67778,-51.38671],[-59.75419,-51.3881],[-59.67736,-51.37561],[-59.67393,-51.37804]]],[[[-59.76351,-51.38181],[-59.76342,-51.38011],[-59.75856,-51.38054],[-59.76255,-51.38263],[-59.76351,-51.38181]]],[[[-59.87337,-51.37492],[-59.87321,-51.37663],[-59.87608,-51.37957],[-59.88625,-51.38002],[-59.87337,-51.37492]]],[[[-59.75527,-51.37646],[-59.76184,-51.37838],[-59.76317,-51.37734],[-59.7581,-51.37604],[-59.75527,-51.37646]]],[[[-59.95753,-51.37403],[-59.96379,-51.37942],[-59.97335,-51.37766],[-59.96515,-51.37096],[-59.95753,-51.37403]]],[[[-59.75497,-51.37367],[-59.75488,-51.37613],[-59.75626,-51.37469],[-59.76736,-51.37595],[-59.75497,-51.37367]]],[[[-59.71644,-51.37502],[-59.72121,-51.37475],[-59.72273,-51.37285],[-59.71493,-51.37419],[-59.71644,-51.37502]]],[[[-59.90859,-51.37547],[-59.90879,-51.37638],[-59.91132,-51.37638],[-59.91469,-51.37494],[-59.92069,-51.36999],[-59.90859,-51.37547]]],[[[-59.82429,-51.36961],[-59.83424,-51.37922],[-59.87126,-51.37325],[-59.8614,-51.3664],[-59.82429,-51.36961]]],[[[-59.88468,-51.36879],[-59.89683,-51.37855],[-59.90717,-51.37359],[-59.89194,-51.36541],[-59.88468,-51.36879]]],[[[-59.70192,-51.37261],[-59.71413,-51.37251],[-59.71848,-51.37089],[-59.70193,-51.37165],[-59.70192,-51.37261]]],[[[-59.9078,-51.3709],[-59.91007,-51.37244],[-59.91215,-51.37181],[-59.90924,-51.37031],[-59.9078,-51.3709]]],[[[-59.77226,-51.36748],[-59.77188,-51.36815],[-59.77425,-51.36934],[-59.77439,-51.36865],[-59.77226,-51.36748]]],[[[-59.93255,-51.36729],[-59.93557,-51.36976],[-59.93831,-51.36988],[-59.93543,-51.36643],[-59.93255,-51.36729]]],[[[-59.91195,-51.36612],[-59.91097,-51.36727],[-59.91448,-51.36717],[-59.91304,-51.36559],[-59.91195,-51.36612]]],[[[-59.78603,-51.36553],[-59.78778,-51.36737],[-59.79087,-51.36629],[-59.78892,-51.36505],[-59.78603,-51.36553]]],[[[-59.89549,-51.3647],[-59.90715,-51.36915],[-59.90917,-51.36789],[-59.89782,-51.3627],[-59.89549,-51.3647]]],[[[-59.79113,-51.36342],[-59.7912,-51.36628],[-59.79441,-51.36561],[-59.79394,-51.36436],[-59.79113,-51.36342]]],[[[-59.76724,-51.36327],[-59.76715,-51.3665],[-59.77514,-51.36614],[-59.77376,-51.36338],[-59.76724,-51.36327]]],[[[-59.72335,-51.36391],[-59.7227,-51.36188],[-59.72022,-51.36313],[-59.72202,-51.36444],[-59.72335,-51.36391]]],[[[-59.79652,-51.35875],[-59.79675,-51.35808],[-59.79588,-51.35802],[-59.79581,-51.35825],[-59.79652,-51.35875]]],[[[-59.88653,-51.35508],[-59.89084,-51.35824],[-59.89355,-51.35769],[-59.88909,-51.35484],[-59.88653,-51.35508]]],[[[-59.82617,-51.3527],[-59.82695,-51.35291],[-59.82774,-51.35263],[-59.82656,-51.35213],[-59.82617,-51.3527]]],[[[-59.82397,-51.35195],[-59.82459,-51.3528],[-59.82607,-51.35236],[-59.82569,-51.35156],[-59.82397,-51.35195]]],[[[-59.66213,-51.36714],[-59.68428,-51.3707],[-59.72227,-51.35662],[-59.74475,-51.38188],[-59.74616,-51.37117],[-59.7663,-51.36566],[-59.74396,-51.36407],[-59.783,-51.3521],[-59.81493,-51.36029],[-59.79504,-51.36243],[-59.80039,-51.37408],[-59.83189,-51.3594],[-59.78119,-51.34377],[-59.74964,-51.34824],[-59.78159,-51.32224],[-59.75177,-51.33346],[-59.75338,-51.32442],[-59.75027,-51.31867],[-59.74505,-51.33627],[-59.70039,-51.36096],[-59.66213,-51.36714]]],[[[-59.8305,-51.35238],[-59.83852,-51.35674],[-59.85513,-51.34877],[-59.83765,-51.34342],[-59.8305,-51.35238]]],[[[-59.86698,-51.34252],[-59.87112,-51.34498],[-59.87403,-51.34506],[-59.86959,-51.34237],[-59.86698,-51.34252]]],[[[-59.84619,-51.33665],[-59.8562,-51.34192],[-59.86161,-51.34063],[-59.85452,-51.33621],[-59.84619,-51.33665]]],[[[-59.82785,-51.33302],[-59.82973,-51.33502],[-59.83417,-51.33511],[-59.83372,-51.33455],[-59.82785,-51.33302]]],[[[-59.73262,-51.33269],[-59.73522,-51.3306],[-59.7338,-51.3274],[-59.73109,-51.33086],[-59.73233,-51.33521],[-59.73262,-51.33269]]],[[[-59.82611,-51.33195],[-59.82583,-51.33136],[-59.82725,-51.33016],[-59.82499,-51.33026],[-59.82611,-51.33195]]],[[[-59.90004,-51.31214],[-59.91655,-51.32652],[-59.93005,-51.31623],[-59.94974,-51.31725],[-59.92028,-51.33676],[-59.92877,-51.35591],[-59.94407,-51.35771],[-59.98873,-51.34518],[-60.04522,-51.30488],[-59.95585,-51.28161],[-59.9228,-51.31513],[-59.90004,-51.31214]]],[[[-59.73952,-51.3157],[-59.74021,-51.32025],[-59.74486,-51.31962],[-59.74233,-51.31634],[-59.73952,-51.3157]]],[[[-59.71428,-51.30744],[-59.72995,-51.31447],[-59.7339,-51.31321],[-59.72907,-51.30169],[-59.71428,-51.30744]]],[[[-59.89082,-51.27089],[-59.89276,-51.27226],[-59.89963,-51.26841],[-59.89756,-51.26756],[-59.89082,-51.27089]]],[[[-59.84087,-51.26089],[-59.88863,-51.25806],[-59.90179,-51.23996],[-59.87437,-51.24213],[-59.84087,-51.26089]]],[[[-59.77373,-51.23206],[-59.77955,-51.23208],[-59.77972,-51.23089],[-59.77684,-51.23051],[-59.77373,-51.23206]]],[[[-59.90165,-51.22365],[-59.92609,-51.21572],[-59.93658,-51.21541],[-59.9176,-51.20843],[-59.90165,-51.22365]]],[[[-59.6477,-52.36745],[-59.68539,-52.37636],[-59.7054,-52.39801],[-59.74442,-52.3834],[-59.71992,-52.37934],[-59.7178,-52.36823],[-59.69234,-52.37587],[-59.66132,-52.34964],[-59.6644,-52.35977],[-59.6477,-52.36745]]],[[[-59.70558,-52.36192],[-59.70675,-52.36391],[-59.71153,-52.36409],[-59.71072,-52.36165],[-59.70558,-52.36192]]],[[[-59.37196,-52.35782],[-59.37288,-52.35832],[-59.37417,-52.35695],[-59.37231,-52.35687],[-59.37196,-52.35782]]],[[[-59.39359,-52.34881],[-59.39589,-52.35134],[-59.39902,-52.35061],[-59.39855,-52.3493],[-59.39359,-52.34881]]],[[[-59.39344,-52.3399],[-59.39557,-52.34184],[-59.39813,-52.34095],[-59.3974,-52.33864],[-59.39344,-52.3399]]],[[[-59.29558,-52.32945],[-59.29581,-52.32928],[-59.29626,-52.32898],[-59.29545,-52.32901],[-59.29558,-52.32945]]],[[[-59.69206,-52.31897],[-59.69063,-52.319],[-59.69135,-52.31962],[-59.69412,-52.3192],[-59.69206,-52.31897]]],[[[-59.33947,-52.29026],[-59.33864,-52.28988],[-59.33749,-52.29036],[-59.33847,-52.29088],[-59.33947,-52.29026]]],[[[-59.48578,-52.28621],[-59.48595,-52.28754],[-59.49175,-52.2869],[-59.48878,-52.28542],[-59.48578,-52.28621]]],[[[-59.50212,-52.28482],[-59.50518,-52.28717],[-59.50938,-52.28691],[-59.50766,-52.28419],[-59.50212,-52.28482]]],[[[-59.53029,-52.27472],[-59.54834,-52.28245],[-59.56101,-52.26305],[-59.53839,-52.26733],[-59.53029,-52.27472]]],[[[-59.67566,-52.2647],[-59.6776,-52.26986],[-59.69421,-52.26944],[-59.68758,-52.26474],[-59.67566,-52.2647]]],[[[-59.26742,-52.25456],[-59.26803,-52.255],[-59.26913,-52.25461],[-59.26875,-52.25417],[-59.26742,-52.25456]]],[[[-59.30509,-52.24773],[-59.30532,-52.2493],[-59.30937,-52.24971],[-59.30923,-52.24875],[-59.30509,-52.24773]]],[[[-59.29622,-52.2489],[-59.29985,-52.24985],[-59.30217,-52.2481],[-59.29855,-52.24639],[-59.29622,-52.2489]]],[[[-59.30871,-52.2392],[-59.31616,-52.25247],[-59.3269,-52.2519],[-59.31941,-52.23802],[-59.30871,-52.2392]]],[[[-59.6277,-52.23957],[-59.63199,-52.23996],[-59.63301,-52.23649],[-59.62918,-52.23714],[-59.6277,-52.23957]]],[[[-59.58699,-52.22773],[-59.59191,-52.23141],[-59.59766,-52.22839],[-59.59208,-52.22573],[-59.58699,-52.22773]]],[[[-59.68628,-52.20985],[-59.68959,-52.20804],[-59.68433,-52.2062],[-59.68432,-52.20782],[-59.68628,-52.20985]]],[[[-59.36144,-52.20683],[-59.36173,-52.20771],[-59.36261,-52.20797],[-59.36199,-52.20593],[-59.36144,-52.20683]]],[[[-59.39915,-52.20399],[-59.39984,-52.20451],[-59.40196,-52.20486],[-59.40157,-52.20448],[-59.39915,-52.20399]]],[[[-59.25667,-52.20624],[-59.26763,-52.20758],[-59.27094,-52.20332],[-59.25691,-52.20079],[-59.25667,-52.20624]]],[[[-59.6355,-52.20434],[-59.63758,-52.20445],[-59.63848,-52.2031],[-59.63532,-52.20276],[-59.6355,-52.20434]]],[[[-59.37303,-52.16767],[-59.37405,-52.16829],[-59.37478,-52.16787],[-59.37381,-52.1672],[-59.37303,-52.16767]]],[[[-59.37437,-52.16193],[-59.37617,-52.16383],[-59.3784,-52.16265],[-59.37719,-52.16146],[-59.37437,-52.16193]]],[[[-59.65162,-52.02795],[-59.65991,-52.03781],[-59.66808,-52.03771],[-59.66027,-52.03037],[-59.65162,-52.02795]]],[[[-59.68858,-52.03244],[-59.69041,-52.03301],[-59.69268,-52.03263],[-59.68712,-52.02945],[-59.68858,-52.03244]]],[[[-59.66099,-52.02844],[-59.66083,-52.02863],[-59.66136,-52.02848],[-59.66129,-52.0284],[-59.66099,-52.02844]]],[[[-59.6658,-52.02045],[-59.67593,-52.02813],[-59.68859,-52.02175],[-59.68199,-52.01625],[-59.6658,-52.02045]]],[[[-59.67089,-52.01188],[-59.67368,-52.01464],[-59.67594,-52.01546],[-59.67254,-52.01168],[-59.67089,-52.01188]]],[[[-59.25034,-52.00435],[-59.25183,-52.00602],[-59.25517,-52.00763],[-59.25378,-52.00622],[-59.25034,-52.00435]]],[[[-59.64474,-51.99415],[-59.66356,-51.99804],[-59.6638,-51.98976],[-59.64755,-51.98738],[-59.64474,-51.99415]]],[[[-59.66713,-51.97323],[-59.69709,-51.99184],[-59.69869,-51.97992],[-59.72436,-51.97504],[-59.70899,-51.96488],[-59.71486,-51.94198],[-59.69421,-51.9337],[-59.68124,-51.9452],[-59.70135,-51.95982],[-59.66713,-51.97323]]],[[[-59.63641,-51.92454],[-59.65149,-51.92735],[-59.6572,-51.91393],[-59.65,-51.91365],[-59.63641,-51.92454]]],[[[-59.53779,-51.91934],[-59.53827,-51.92125],[-59.54012,-51.92045],[-59.53962,-51.91844],[-59.53779,-51.91934]]],[[[-59.66885,-51.9101],[-59.67276,-51.91145],[-59.67858,-51.91045],[-59.67514,-51.90987],[-59.66885,-51.9101]]],[[[-59.64993,-51.90836],[-59.6531,-51.91027],[-59.66105,-51.91011],[-59.65714,-51.90634],[-59.64993,-51.90836]]],[[[-59.66572,-51.886],[-59.66693,-51.89703],[-59.68651,-51.89721],[-59.676,-51.88915],[-59.66572,-51.886]]],[[[-59.6284,-51.88044],[-59.62954,-51.88602],[-59.63609,-51.88848],[-59.63707,-51.87945],[-59.6284,-51.88044]]],[[[-59.64595,-51.87503],[-59.65008,-51.87765],[-59.65855,-51.87659],[-59.65252,-51.87256],[-59.64595,-51.87503]]],[[[-59.58747,-51.85688],[-59.60461,-51.87671],[-59.62274,-51.86894],[-59.61726,-51.86218],[-59.58747,-51.85688]]],[[[-59.49058,-51.82889],[-59.49103,-51.8291],[-59.49229,-51.82892],[-59.49197,-51.82858],[-59.49058,-51.82889]]],[[[-59.50359,-51.82611],[-59.50522,-51.82827],[-59.50848,-51.82646],[-59.50682,-51.82444],[-59.50359,-51.82611]]],[[[-59.4876,-51.82642],[-59.48862,-51.82618],[-59.48873,-51.82591],[-59.48752,-51.82577],[-59.4876,-51.82642]]],[[[-59.47769,-51.81941],[-59.47782,-51.82064],[-59.48363,-51.82433],[-59.48066,-51.81812],[-59.47769,-51.81941]]],[[[-59.48014,-51.80758],[-59.4825,-51.80979],[-59.48516,-51.80882],[-59.48371,-51.80774],[-59.48014,-51.80758]]],[[[-59.30904,-51.78805],[-59.30933,-51.78947],[-59.3136,-51.79287],[-59.312,-51.78883],[-59.30904,-51.78805]]],[[[-59.68105,-51.7862],[-59.6815,-51.78693],[-59.68314,-51.78768],[-59.6821,-51.78713],[-59.68105,-51.7862]]],[[[-59.3551,-51.78738],[-59.35631,-51.78821],[-59.35912,-51.78736],[-59.3562,-51.78472],[-59.3551,-51.78738]]],[[[-59.53884,-51.75757],[-59.55671,-51.77591],[-59.55916,-51.80613],[-59.62447,-51.80937],[-59.62581,-51.79019],[-59.57895,-51.78331],[-59.53884,-51.75757]]],[[[-59.62491,-51.76861],[-59.63553,-51.78481],[-59.6639,-51.799],[-59.66469,-51.79061],[-59.62491,-51.76861]]],[[[-59.35829,-51.78087],[-59.36214,-51.78085],[-59.36188,-51.77779],[-59.35658,-51.7791],[-59.35829,-51.78087]]],[[[-59.5049,-51.73363],[-59.51045,-51.74052],[-59.52882,-51.75123],[-59.51473,-51.73131],[-59.5049,-51.73363]]],[[[-59.53843,-51.65885],[-59.55103,-51.66964],[-59.5571,-51.67129],[-59.55446,-51.66823],[-59.53843,-51.65885]]],[[[-59.24878,-51.44934],[-59.24759,-51.44991],[-59.25947,-51.45379],[-59.25903,-51.45284],[-59.24878,-51.44934]]],[[[-59.24784,-51.4429],[-59.24778,-51.44338],[-59.2543,-51.44547],[-59.25288,-51.44466],[-59.24784,-51.4429]]],[[[-59.69928,-51.43801],[-59.69922,-51.43679],[-59.69643,-51.43735],[-59.69707,-51.4379],[-59.69928,-51.43801]]],[[[-59.66399,-51.43452],[-59.6796,-51.43773],[-59.68043,-51.42821],[-59.66951,-51.4279],[-59.66399,-51.43452]]],[[[-59.6813,-51.42532],[-59.68093,-51.42194],[-59.67717,-51.42183],[-59.67722,-51.42455],[-59.6813,-51.42532]]],[[[-59.64306,-51.40966],[-59.64839,-51.42065],[-59.6618,-51.41684],[-59.65702,-51.412],[-59.64306,-51.40966]]],[[[-59.59217,-51.4241],[-59.59803,-51.42674],[-59.62328,-51.41598],[-59.64229,-51.41773],[-59.60551,-51.40438],[-59.59217,-51.4241]]],[[[-59.61248,-51.39593],[-59.61546,-51.39807],[-59.61777,-51.397],[-59.61452,-51.39488],[-59.61248,-51.39593]]],[[[-59.64198,-51.38714],[-59.66765,-51.39161],[-59.66611,-51.39955],[-59.67481,-51.40468],[-59.67037,-51.3893],[-59.64198,-51.38714]]],[[[-59.67647,-51.39164],[-59.68229,-51.39551],[-59.68471,-51.39524],[-59.6836,-51.39351],[-59.67647,-51.39164]]],[[[-59.67891,-51.38878],[-59.67988,-51.3899],[-59.68301,-51.3897],[-59.68287,-51.38915],[-59.67891,-51.38878]]],[[[-59.59209,-51.37172],[-59.66641,-51.38514],[-59.67229,-51.37417],[-59.65213,-51.36829],[-59.59209,-51.37172]]],[[[-59.66167,-51.35869],[-59.66223,-51.35642],[-59.65868,-51.35592],[-59.65857,-51.35908],[-59.66167,-51.35869]]],[[[-59.6578,-51.35416],[-59.66198,-51.35022],[-59.65893,-51.34729],[-59.65529,-51.34975],[-59.6578,-51.35416]]],[[[-59.61398,-51.34644],[-59.61451,-51.34821],[-59.61955,-51.34607],[-59.61832,-51.3453],[-59.61398,-51.34644]]],[[[-59.63423,-51.34782],[-59.64949,-51.35856],[-59.65085,-51.34407],[-59.6778,-51.34966],[-59.6654,-51.35755],[-59.69055,-51.35436],[-59.70512,-51.34988],[-59.71438,-51.33539],[-59.69724,-51.33221],[-59.70621,-51.34419],[-59.69315,-51.35011],[-59.67545,-51.3358],[-59.63423,-51.34782]]],[[[-59.62097,-51.3446],[-59.62682,-51.34814],[-59.63351,-51.34479],[-59.62576,-51.33761],[-59.62097,-51.3446]]],[[[-59.63176,-51.33227],[-59.6354,-51.33882],[-59.63742,-51.33991],[-59.63708,-51.33817],[-59.63176,-51.33227]]],[[[-59.65666,-51.33483],[-59.66062,-51.33777],[-59.67098,-51.33413],[-59.6631,-51.33239],[-59.65666,-51.33483]]],[[[-59.69081,-51.32705],[-59.69124,-51.3278],[-59.69539,-51.32869],[-59.69371,-51.32709],[-59.69081,-51.32705]]],[[[-59.68695,-51.32566],[-59.69044,-51.32488],[-59.68128,-51.32424],[-59.68134,-51.3247],[-59.68695,-51.32566]]],[[[-59.42504,-51.33402],[-59.45942,-51.32777],[-59.4793,-51.30267],[-59.47207,-51.31934],[-59.48534,-51.33258],[-59.46142,-51.35109],[-59.58626,-51.34378],[-59.61949,-51.30509],[-59.68036,-51.29415],[-59.71814,-51.30254],[-59.72094,-51.28939],[-59.72752,-51.30054],[-59.83788,-51.26435],[-59.76505,-51.24804],[-59.7437,-51.2649],[-59.72648,-51.25703],[-59.72573,-51.26843],[-59.69613,-51.27273],[-59.60317,-51.2613],[-59.58753,-51.26975],[-59.601,-51.27622],[-59.60121,-51.28969],[-59.58808,-51.28341],[-59.60053,-51.30534],[-59.58245,-51.31174],[-59.54365,-51.2998],[-59.54941,-51.27807],[-59.51532,-51.2858],[-59.51777,-51.27504],[-59.49872,-51.27399],[-59.42504,-51.33402]]],[[[-59.18731,-52.89183],[-59.18233,-52.90211],[-59.19555,-52.91999],[-59.19699,-52.90013],[-59.18731,-52.89183]]],[[[-59.07936,-52.4464],[-59.08361,-52.44863],[-59.08482,-52.44714],[-59.07645,-52.44404],[-59.07936,-52.4464]]],[[[-58.89121,-52.44],[-58.89742,-52.45002],[-58.91291,-52.44886],[-58.89412,-52.43892],[-58.89121,-52.44]]],[[[-58.98247,-52.44275],[-58.98336,-52.44584],[-58.99148,-52.44305],[-58.99002,-52.44235],[-58.98247,-52.44275]]],[[[-58.99678,-52.44191],[-59.00371,-52.44633],[-59.00677,-52.44135],[-59.00271,-52.44039],[-58.99678,-52.44191]]],[[[-59.03653,-52.43192],[-59.12365,-52.44946],[-59.15254,-52.43757],[-59.0743,-52.41984],[-59.03653,-52.43192]]],[[[-59.00891,-52.26448],[-59.01021,-52.26767],[-59.01405,-52.26833],[-59.01039,-52.26442],[-59.00891,-52.26448]]],[[[-59.02599,-52.25979],[-59.02348,-52.25962],[-59.02156,-52.26196],[-59.02628,-52.26153],[-59.02599,-52.25979]]],[[[-59.06236,-52.25452],[-59.06302,-52.25508],[-59.0636,-52.25461],[-59.06288,-52.25403],[-59.06236,-52.25452]]],[[[-58.87876,-52.20369],[-58.8772,-52.20276],[-58.87536,-52.20434],[-58.87765,-52.20428],[-58.87876,-52.20369]]],[[[-59.00241,-52.19902],[-59.00397,-52.19919],[-59.00477,-52.19815],[-59.00323,-52.19762],[-59.00241,-52.19902]]],[[[-59.03096,-52.19064],[-59.0364,-52.19395],[-59.03884,-52.19308],[-59.03463,-52.18868],[-59.03096,-52.19064]]],[[[-58.82433,-52.15092],[-58.85034,-52.17049],[-58.82625,-52.19916],[-58.83545,-52.2107],[-58.93579,-52.24319],[-59.00449,-52.24725],[-58.99015,-52.22272],[-58.96898,-52.23643],[-58.94903,-52.22435],[-58.93663,-52.23491],[-58.91474,-52.21377],[-58.85658,-52.2142],[-58.86318,-52.17745],[-58.82618,-52.13308],[-58.82433,-52.15092]]],[[[-58.8773,-52.19235],[-58.88156,-52.18748],[-58.8815,-52.18543],[-58.87752,-52.18729],[-58.8773,-52.19235]]],[[[-58.9919,-52.18717],[-58.99321,-52.188],[-58.99518,-52.18818],[-58.99366,-52.1863],[-58.9919,-52.18717]]],[[[-58.98708,-52.18588],[-58.98741,-52.18603],[-58.9876,-52.18571],[-58.98735,-52.18568],[-58.98708,-52.18588]]],[[[-58.98688,-52.17852],[-58.98701,-52.1791],[-58.98741,-52.17915],[-58.98741,-52.17843],[-58.98688,-52.17852]]],[[[-59.03041,-52.17028],[-59.0327,-52.17084],[-59.03684,-52.16825],[-59.03109,-52.16664],[-59.03041,-52.17028]]],[[[-58.9752,-52.14449],[-58.97263,-52.1427],[-58.96882,-52.14176],[-58.97287,-52.1441],[-58.9752,-52.14449]]],[[[-58.98828,-52.13514],[-59.00059,-52.14923],[-59.01368,-52.15048],[-59.01463,-52.1437],[-58.98828,-52.13514]]],[[[-59.0151,-52.13183],[-59.01626,-52.13222],[-59.01725,-52.13127],[-59.01427,-52.1299],[-59.0151,-52.13183]]],[[[-58.92084,-52.1278],[-58.92308,-52.12818],[-58.92364,-52.12677],[-58.92197,-52.127],[-58.92084,-52.1278]]],[[[-58.91265,-52.1246],[-58.91986,-52.1259],[-58.92404,-52.12053],[-58.92123,-52.11898],[-58.91265,-52.1246]]],[[[-58.94695,-52.1016],[-58.9477,-52.10205],[-58.9482,-52.10163],[-58.94761,-52.10121],[-58.94695,-52.1016]]],[[[-59.00047,-52.08195],[-59.00517,-52.0875],[-59.01065,-52.08166],[-59.00569,-52.08033],[-59.00047,-52.08195]]],[[[-59.05728,-52.07903],[-59.05856,-52.07962],[-59.05847,-52.07784],[-59.05675,-52.07777],[-59.05728,-52.07903]]],[[[-59.07858,-52.07483],[-59.08154,-52.08027],[-59.09239,-52.07642],[-59.07776,-52.06716],[-59.07858,-52.07483]]],[[[-59.09187,-52.03649],[-59.09487,-52.03437],[-59.09356,-52.03277],[-59.09117,-52.03335],[-59.09187,-52.03649]]],[[[-59.18344,-52.02754],[-59.1859,-52.02932],[-59.18674,-52.02926],[-59.18642,-52.02775],[-59.18344,-52.02754]]],[[[-59.13846,-52.00658],[-59.13893,-52.00973],[-59.14506,-52.01182],[-59.14511,-52.007],[-59.13846,-52.00658]]],[[[-58.87581,-51.89404],[-58.87635,-51.8947],[-58.87875,-51.8943],[-58.87723,-51.89342],[-58.87581,-51.89404]]],[[[-58.88244,-51.88952],[-58.88542,-51.89197],[-58.88761,-51.89125],[-58.8863,-51.88921],[-58.88244,-51.88952]]],[[[-58.89351,-51.8891],[-58.89819,-51.8913],[-58.90259,-51.88765],[-58.89715,-51.8869],[-58.89351,-51.8891]]],[[[-58.89989,-51.87292],[-58.91574,-51.87003],[-58.91735,-51.86758],[-58.90879,-51.86852],[-58.89989,-51.87292]]],[[[-58.91886,-51.87154],[-58.9264,-51.87072],[-58.94453,-51.8603],[-58.92713,-51.86657],[-58.91886,-51.87154]]],[[[-58.92984,-51.85699],[-58.94221,-51.85511],[-58.94276,-51.85089],[-58.9332,-51.85314],[-58.92984,-51.85699]]],[[[-58.93581,-51.8482],[-58.93653,-51.84817],[-58.93766,-51.84577],[-58.93549,-51.84746],[-58.93581,-51.8482]]],[[[-58.95816,-51.84691],[-58.97169,-51.84781],[-58.97365,-51.84688],[-58.95886,-51.84503],[-58.95846,-51.84185],[-58.95816,-51.84691]]],[[[-58.94615,-51.84471],[-58.94711,-51.84664],[-58.95491,-51.84235],[-58.95284,-51.84166],[-58.94615,-51.84471]]],[[[-58.95988,-51.8429],[-58.96067,-51.844],[-58.96318,-51.84243],[-58.9618,-51.84211],[-58.95988,-51.8429]]],[[[-58.95849,-51.84115],[-58.95955,-51.84138],[-58.96008,-51.84047],[-58.95915,-51.84035],[-58.95849,-51.84115]]],[[[-58.93715,-51.83798],[-58.93878,-51.84515],[-58.94375,-51.84339],[-58.94673,-51.83378],[-58.93715,-51.83798]]],[[[-58.94873,-51.83483],[-58.95115,-51.83982],[-58.9607,-51.83636],[-58.95267,-51.8327],[-58.94873,-51.83483]]],[[[-58.95739,-51.82443],[-58.95809,-51.8249],[-58.95865,-51.82456],[-58.95802,-51.82369],[-58.95739,-51.82443]]],[[[-58.95713,-51.82131],[-58.95709,-51.82088],[-58.95645,-51.82133],[-58.9569,-51.82142],[-58.95713,-51.82131]]],[[[-58.95934,-51.81995],[-58.95927,-51.82015],[-58.96052,-51.81989],[-58.96021,-51.81935],[-58.95934,-51.81995]]],[[[-59.03595,-51.81311],[-59.03692,-51.81402],[-59.03781,-51.81335],[-59.03652,-51.81284],[-59.03595,-51.81311]]],[[[-59.014,-51.81108],[-59.0168,-51.81228],[-59.02624,-51.80714],[-59.02392,-51.80417],[-59.014,-51.81108]]],[[[-59.02806,-51.80397],[-59.02892,-51.80559],[-59.03179,-51.80362],[-59.03092,-51.80276],[-59.02806,-51.80397]]],[[[-59.02025,-51.78505],[-59.02088,-51.78513],[-59.02098,-51.78498],[-59.02021,-51.78492],[-59.02,-51.78509],[-59.02025,-51.78505]]],[[[-59.01884,-51.78384],[-59.0194,-51.7842],[-59.01951,-51.78414],[-59.01863,-51.78364],[-59.01884,-51.78384]]],[[[-59.03017,-51.78037],[-59.02993,-51.78083],[-59.03123,-51.78123],[-59.03114,-51.77996],[-59.03017,-51.78037]]],[[[-59.01284,-51.78],[-59.01766,-51.7783],[-59.0187,-51.77503],[-59.01624,-51.77552],[-59.01284,-51.78]]],[[[-59.02661,-51.77628],[-59.02758,-51.77634],[-59.0278,-51.77602],[-59.02709,-51.77565],[-59.02661,-51.77628]]],[[[-59.04346,-51.75222],[-59.04394,-51.75243],[-59.04434,-51.75206],[-59.04268,-51.75204],[-59.04346,-51.75222]]],[[[-59.01821,-51.75068],[-59.02033,-51.751],[-59.02393,-51.75024],[-59.02082,-51.74683],[-59.01821,-51.75068]]],[[[-59.00965,-51.74826],[-59.00874,-51.74725],[-59.00847,-51.74905],[-59.00958,-51.74914],[-59.00965,-51.74826]]],[[[-59.019,-51.74065],[-59.01925,-51.74139],[-59.02081,-51.73699],[-59.01888,-51.73766],[-59.019,-51.74065]]],[[[-59.0184,-51.73297],[-59.02183,-51.73427],[-59.02275,-51.73061],[-59.01808,-51.73025],[-59.0184,-51.73297]]],[[[-59.01231,-51.72528],[-59.01232,-51.72239],[-59.01148,-51.72207],[-59.01104,-51.7252],[-59.01231,-51.72528]]],[[[-59.19933,-51.72008],[-59.20051,-51.71899],[-59.20046,-51.71387],[-59.19852,-51.71614],[-59.19933,-51.72008]]],[[[-59.01321,-51.72108],[-59.01432,-51.7141],[-59.014,-51.71282],[-59.01132,-51.71958],[-59.01321,-51.72108]]],[[[-59.03492,-51.69119],[-59.0356,-51.69057],[-59.03569,-51.68992],[-59.0343,-51.69005],[-59.03492,-51.69119]]],[[[-59.03771,-51.68885],[-59.03723,-51.6891],[-59.03716,-51.68925],[-59.03804,-51.68874],[-59.03771,-51.68885]]],[[[-59.0769,-51.69053],[-59.08214,-51.6872],[-59.08108,-51.68373],[-59.07661,-51.6864],[-59.0769,-51.69053]]],[[[-59.05906,-51.68784],[-59.065,-51.68641],[-59.06987,-51.6802],[-59.06731,-51.67934],[-59.05906,-51.68784]]],[[[-59.13206,-51.62071],[-59.13399,-51.6199],[-59.13529,-51.61947],[-59.13132,-51.6191],[-59.13206,-51.62071]]],[[[-59.13141,-51.61732],[-59.13206,-51.61656],[-59.13082,-51.61598],[-59.13061,-51.61671],[-59.13141,-51.61732]]],[[[-59.14674,-51.60387],[-59.14575,-51.60393],[-59.14991,-51.60483],[-59.14943,-51.60351],[-59.14674,-51.60387]]],[[[-59.1872,-51.59476],[-59.18978,-51.59507],[-59.19062,-51.59427],[-59.18841,-51.59338],[-59.1872,-51.59476]]],[[[-59.2043,-51.58378],[-59.21114,-51.59199],[-59.21882,-51.59178],[-59.21608,-51.58348],[-59.2043,-51.58378]]],[[[-59.18311,-51.58967],[-59.1935,-51.58697],[-59.19509,-51.579],[-59.19388,-51.58223],[-59.18311,-51.58967]]],[[[-59.15347,-51.53619],[-59.15539,-51.53876],[-59.15639,-51.53876],[-59.15563,-51.53575],[-59.15347,-51.53619]]],[[[-59.04794,-51.4895],[-59.04925,-51.49034],[-59.05105,-51.48905],[-59.05075,-51.48884],[-59.04794,-51.4895]]],[[[-59.05956,-51.48424],[-59.08058,-51.48934],[-59.09397,-51.48867],[-59.07568,-51.48287],[-59.05956,-51.48424]]],[[[-59.05814,-51.19012],[-59.05827,-51.18916],[-59.05703,-51.18979],[-59.05757,-51.19037],[-59.05814,-51.19012]]],[[[-58.86047,-52.21048],[-58.86095,-52.21116],[-58.86364,-52.20999],[-58.86179,-52.20916],[-58.86047,-52.21048]]],[[[-58.867,-52.20634],[-58.86858,-52.20732],[-58.87039,-52.20589],[-58.8691,-52.20506],[-58.867,-52.20634]]],[[[-58.80033,-52.193],[-58.80009,-52.19588],[-58.80707,-52.19719],[-58.80334,-52.19006],[-58.80033,-52.193]]],[[[-58.83065,-52.19063],[-58.83139,-52.1908],[-58.83316,-52.19063],[-58.83128,-52.18829],[-58.83065,-52.19063]]],[[[-58.59934,-52.15594],[-58.60121,-52.15831],[-58.60474,-52.15601],[-58.60309,-52.15418],[-58.59934,-52.15594]]],[[[-58.70177,-52.15562],[-58.70472,-52.15845],[-58.7064,-52.15918],[-58.70424,-52.15334],[-58.70177,-52.15562]]],[[[-58.70697,-52.14602],[-58.70666,-52.1497],[-58.71026,-52.15182],[-58.71039,-52.14737],[-58.70697,-52.14602]]],[[[-58.85145,-52.14239],[-58.86013,-52.14371],[-58.86232,-52.14223],[-58.85921,-52.13906],[-58.85145,-52.14239]]],[[[-58.70509,-52.13291],[-58.72064,-52.13948],[-58.73482,-52.12987],[-58.71314,-52.12575],[-58.70509,-52.13291]]],[[[-58.59632,-52.14233],[-58.61544,-52.15024],[-58.62465,-52.11267],[-58.61568,-52.13161],[-58.59632,-52.14233]]],[[[-58.46003,-52.10414],[-58.46164,-52.10426],[-58.46176,-52.1035],[-58.45984,-52.10291],[-58.46003,-52.10414]]],[[[-58.54409,-52.0652],[-58.545,-52.06443],[-58.54349,-52.06403],[-58.54321,-52.06491],[-58.54409,-52.0652]]],[[[-58.53302,-52.06443],[-58.53518,-52.06654],[-58.53653,-52.06474],[-58.53392,-52.06231],[-58.53302,-52.06443]]],[[[-58.40328,-52.00455],[-58.42044,-52.02428],[-58.45867,-52.00917],[-58.44584,-52.01456],[-58.45962,-52.01742],[-58.44576,-52.03343],[-58.47017,-52.02722],[-58.46565,-52.04023],[-58.44626,-52.04096],[-58.43477,-52.02327],[-58.42302,-52.02661],[-58.44207,-52.0476],[-58.42549,-52.06695],[-58.43382,-52.08812],[-58.41383,-52.09709],[-58.42928,-52.10277],[-58.46693,-52.09441],[-58.44428,-52.087],[-58.44619,-52.07542],[-58.47443,-52.08481],[-58.48101,-52.07065],[-58.52927,-52.05889],[-58.51332,-52.05547],[-58.52476,-52.03625],[-58.5542,-52.02706],[-58.49062,-51.99674],[-58.4698,-52.00305],[-58.48414,-51.98942],[-58.4465,-52.00553],[-58.41756,-52.00299],[-58.42488,-51.99307],[-58.40328,-52.00455]]],[[[-58.59554,-52.03501],[-58.60005,-52.03956],[-58.60929,-52.03699],[-58.59726,-52.03384],[-58.59554,-52.03501]]],[[[-58.45225,-52.03482],[-58.45222,-52.03565],[-58.45958,-52.03151],[-58.45566,-52.03179],[-58.45225,-52.03482]]],[[[-58.40643,-52.01711],[-58.40517,-52.01761],[-58.40473,-52.01824],[-58.40676,-52.01814],[-58.40643,-52.01711]]],[[[-58.35104,-52.01586],[-58.37606,-52.01803],[-58.38268,-52.01097],[-58.38165,-52.00935],[-58.38047,-52.01164],[-58.35104,-52.01586]]],[[[-58.38992,-52.01273],[-58.39024,-52.01306],[-58.39073,-52.01264],[-58.39048,-52.01237],[-58.38992,-52.01273]]],[[[-58.54615,-52.01169],[-58.54572,-52.01153],[-58.54486,-52.01177],[-58.54572,-52.0121],[-58.54615,-52.01169]]],[[[-58.52616,-52.00913],[-58.52699,-52.0101],[-58.52799,-52.00849],[-58.52676,-52.00843],[-58.52616,-52.00913]]],[[[-58.37696,-52.00919],[-58.37836,-52.01029],[-58.38435,-52.00664],[-58.3817,-52.00674],[-58.37696,-52.00919]]],[[[-58.38753,-52.00794],[-58.39118,-52.0103],[-58.39126,-52.00538],[-58.38722,-52.00499],[-58.38753,-52.00794]]],[[[-58.39619,-52.00553],[-58.39628,-52.00508],[-58.3955,-52.00517],[-58.3957,-52.00557],[-58.39619,-52.00553]]],[[[-58.60757,-52.0035],[-58.60733,-52.00155],[-58.60277,-52.00261],[-58.60323,-52.00351],[-58.60757,-52.0035]]],[[[-58.35316,-52.00482],[-58.36936,-52.00902],[-58.39226,-51.99594],[-58.35456,-51.99679],[-58.35316,-52.00482]]],[[[-58.52235,-51.99811],[-58.53058,-51.99808],[-58.53252,-51.99425],[-58.52368,-51.99408],[-58.52235,-51.99811]]],[[[-58.46508,-51.98761],[-58.46728,-51.99044],[-58.47468,-51.98762],[-58.46895,-51.98697],[-58.46508,-51.98761]]],[[[-58.48224,-51.98653],[-58.48283,-51.98712],[-58.48722,-51.98627],[-58.4858,-51.98538],[-58.48224,-51.98653]]],[[[-58.47979,-51.98286],[-58.47991,-51.98305],[-58.48082,-51.98288],[-58.47952,-51.98242],[-58.47979,-51.98286]]],[[[-58.4825,-51.98229],[-58.48353,-51.9833],[-58.49267,-51.98362],[-58.50021,-51.98153],[-58.4825,-51.98229]]],[[[-58.43151,-51.98423],[-58.46937,-51.98514],[-58.4992,-51.97369],[-58.45071,-51.9824],[-58.44038,-51.97734],[-58.43151,-51.98423]]],[[[-58.45487,-51.97699],[-58.45898,-51.97778],[-58.45928,-51.97705],[-58.45742,-51.97623],[-58.45487,-51.97699]]],[[[-58.59402,-51.97363],[-58.59856,-51.97611],[-58.60866,-51.97207],[-58.59798,-51.97174],[-58.59402,-51.97363]]],[[[-58.61108,-51.97163],[-58.61451,-51.97401],[-58.61843,-51.9743],[-58.61597,-51.97171],[-58.61108,-51.97163]]],[[[-58.50026,-51.97229],[-58.50239,-51.97438],[-58.50774,-51.97359],[-58.50349,-51.97143],[-58.50026,-51.97229]]],[[[-58.61768,-51.96455],[-58.61965,-51.96754],[-58.62269,-51.96695],[-58.62164,-51.9651],[-58.61768,-51.96455]]],[[[-58.50629,-51.96231],[-58.50767,-51.96333],[-58.5174,-51.96243],[-58.51,-51.96143],[-58.50629,-51.96231]]],[[[-58.68054,-51.95674],[-58.6812,-51.95795],[-58.68908,-51.95677],[-58.6875,-51.9554],[-58.68054,-51.95674]]],[[[-58.45192,-51.95112],[-58.46429,-51.96211],[-58.4934,-51.95451],[-58.45689,-51.95048],[-58.45192,-51.95112]]],[[[-58.76438,-51.95399],[-58.7655,-51.95503],[-58.76665,-51.95467],[-58.76578,-51.95389],[-58.76438,-51.95399]]],[[[-58.65202,-51.95415],[-58.6603,-51.95522],[-58.67101,-51.9519],[-58.66844,-51.94901],[-58.65202,-51.95415]]],[[[-58.43368,-51.95092],[-58.43427,-51.95141],[-58.43617,-51.95052],[-58.43475,-51.95021],[-58.43368,-51.95092]]],[[[-58.44474,-51.94985],[-58.4455,-51.95008],[-58.44902,-51.95008],[-58.44765,-51.94953],[-58.44474,-51.94985]]],[[[-58.75437,-51.94573],[-58.76296,-51.9492],[-58.78311,-51.94715],[-58.78095,-51.94501],[-58.75437,-51.94573]]],[[[-58.56621,-51.94476],[-58.56737,-51.9461],[-58.56972,-51.94482],[-58.56721,-51.94415],[-58.56621,-51.94476]]],[[[-58.6926,-51.94309],[-58.69486,-51.94256],[-58.69462,-51.94143],[-58.69093,-51.94317],[-58.6926,-51.94309]]],[[[-58.64887,-51.94486],[-58.67463,-51.94643],[-58.68586,-51.94387],[-58.67595,-51.9377],[-58.64887,-51.94486]]],[[[-58.7012,-51.92554],[-58.7209,-51.93065],[-58.7096,-51.93627],[-58.73592,-51.93289],[-58.72469,-51.92939],[-58.73363,-51.92199],[-58.7012,-51.92554]]],[[[-58.38996,-51.92359],[-58.39102,-51.92384],[-58.39194,-51.92286],[-58.39104,-51.9228],[-58.38996,-51.92359]]],[[[-58.50366,-51.91671],[-58.50447,-51.9181],[-58.50825,-51.91731],[-58.50692,-51.91644],[-58.50366,-51.91671]]],[[[-58.77483,-51.90756],[-58.78016,-51.90896],[-58.79784,-51.90589],[-58.78377,-51.90642],[-58.77483,-51.90756]]],[[[-58.85791,-51.90589],[-58.85723,-51.90671],[-58.86448,-51.90502],[-58.86162,-51.90478],[-58.85791,-51.90589]]],[[[-58.5073,-51.90697],[-58.52301,-51.91393],[-58.55438,-51.89787],[-58.51951,-51.89784],[-58.53675,-51.90058],[-58.5073,-51.90697]]],[[[-58.80169,-51.90439],[-58.80387,-51.90503],[-58.80535,-51.90389],[-58.80228,-51.90385],[-58.80169,-51.90439]]],[[[-58.61008,-51.90401],[-58.6094,-51.90523],[-58.62353,-51.90343],[-58.61455,-51.90251],[-58.61008,-51.90401]]],[[[-58.58862,-51.90145],[-58.58725,-51.90164],[-58.59634,-51.90047],[-58.59008,-51.9002],[-58.58862,-51.90145]]],[[[-58.81223,-51.89657],[-58.81086,-51.89817],[-58.81572,-51.89621],[-58.81389,-51.89571],[-58.81223,-51.89657]]],[[[-58.35117,-51.89672],[-58.35205,-51.89711],[-58.35273,-51.89652],[-58.35194,-51.89576],[-58.35117,-51.89672]]],[[[-58.84523,-51.89437],[-58.84698,-51.89769],[-58.85214,-51.89543],[-58.84919,-51.89355],[-58.84523,-51.89437]]],[[[-58.87023,-51.89398],[-58.87323,-51.89492],[-58.87394,-51.89374],[-58.87312,-51.89304],[-58.87023,-51.89398]]],[[[-58.84633,-51.89081],[-58.85195,-51.89055],[-58.85603,-51.88842],[-58.85007,-51.88891],[-58.84633,-51.89081]]],[[[-58.32583,-51.83166],[-58.32831,-51.83185],[-58.33064,-51.8312],[-58.32806,-51.83083],[-58.32583,-51.83166]]],[[[-58.46505,-51.30963],[-58.41119,-51.31566],[-58.37604,-51.33248],[-58.38138,-51.34726],[-58.34057,-51.35368],[-58.34711,-51.36597],[-58.33177,-51.38688],[-58.35115,-51.38439],[-58.37756,-51.39389],[-58.33495,-51.39233],[-58.31468,-51.41544],[-58.32983,-51.42814],[-58.32054,-51.43287],[-58.35539,-51.43101],[-58.35317,-51.44107],[-58.3305,-51.43844],[-58.36311,-51.46598],[-58.35854,-51.45245],[-58.37245,-51.44949],[-58.36504,-51.44411],[-58.36442,-51.43551],[-58.3694,-51.43293],[-58.37784,-51.44606],[-58.45545,-51.45565],[-58.48286,-51.39856],[-58.49502,-51.39798],[-58.50605,-51.42427],[-58.51768,-51.42135],[-58.52039,-51.40711],[-58.48933,-51.38601],[-58.50451,-51.38079],[-58.52739,-51.40499],[-58.55452,-51.40163],[-58.53039,-51.41216],[-58.53774,-51.42111],[-58.59613,-51.43928],[-58.52721,-51.42369],[-58.52305,-51.42915],[-58.54239,-51.43062],[-58.55998,-51.43825],[-58.56695,-51.44795],[-58.57176,-51.44359],[-58.58265,-51.44602],[-58.62641,-51.46739],[-58.59189,-51.46126],[-58.58094,-51.44691],[-58.55887,-51.45083],[-58.55827,-51.43945],[-58.51698,-51.42891],[-58.54128,-51.44453],[-58.50712,-51.43646],[-58.51408,-51.44903],[-58.50274,-51.45345],[-58.53818,-51.45545],[-58.52301,-51.47105],[-58.55182,-51.46927],[-58.55891,-51.47977],[-58.51768,-51.47517],[-58.53781,-51.48946],[-58.5274,-51.51159],[-58.51219,-51.5006],[-58.52565,-51.49493],[-58.52015,-51.48611],[-58.5093,-51.49214],[-58.49135,-51.46833],[-58.46648,-51.47742],[-58.47285,-51.49101],[-58.44275,-51.46853],[-58.42459,-51.46844],[-58.43573,-51.47412],[-58.42267,-51.49184],[-58.43709,-51.50135],[-58.40922,-51.49028],[-58.43311,-51.52334],[-58.42084,-51.5344],[-58.46054,-51.54739],[-58.417,-51.56291],[-58.40387,-51.52784],[-58.3771,-51.53015],[-58.39268,-51.54923],[-58.36787,-51.55142],[-58.37719,-51.55473],[-58.38275,-51.56562],[-58.32782,-51.5671],[-58.34544,-51.55479],[-58.32631,-51.55134],[-58.32598,-51.53756],[-58.30818,-51.55636],[-58.27542,-51.55581],[-58.27924,-51.56463],[-58.26279,-51.57065],[-58.28321,-51.57214],[-58.26353,-51.59454],[-58.28507,-51.59173],[-58.30412,-51.60456],[-58.30851,-51.61507],[-58.28319,-51.59747],[-58.25144,-51.61443],[-58.27438,-51.62171],[-58.25555,-51.62168],[-58.26557,-51.63772],[-58.25613,-51.64596],[-58.27854,-51.66157],[-58.24107,-51.65416],[-58.25694,-51.65024],[-58.2485,-51.62115],[-58.21875,-51.6602],[-58.21206,-51.64931],[-58.21064,-51.65532],[-58.19871,-51.65849],[-58.22498,-51.63709],[-58.21273,-51.64287],[-58.18931,-51.64576],[-58.18992,-51.64778],[-58.17292,-51.64446],[-58.21145,-51.64151],[-58.21717,-51.63306],[-58.2049,-51.63047],[-58.22818,-51.62629],[-58.20412,-51.62274],[-58.23838,-51.61996],[-58.26044,-51.60036],[-58.24561,-51.59395],[-58.25145,-51.5843],[-58.14554,-51.61187],[-58.21104,-51.58667],[-58.1747,-51.58233],[-58.22513,-51.5795],[-58.24171,-51.57182],[-58.22117,-51.56418],[-58.26256,-51.55345],[-58.21651,-51.54176],[-58.2015,-51.52442],[-58.27695,-51.53273],[-58.26403,-51.51876],[-58.29944,-51.52977],[-58.28366,-51.50265],[-58.29797,-51.48712],[-58.33232,-51.52054],[-58.3373,-51.5101],[-58.37795,-51.51271],[-58.35181,-51.48597],[-58.37581,-51.49155],[-58.38621,-51.4845],[-58.32774,-51.47564],[-58.33871,-51.46678],[-58.29728,-51.43908],[-58.28231,-51.39089],[-58.17515,-51.38666],[-58.16148,-51.3754],[-58.09555,-51.3826],[-58.06239,-51.36887],[-58.01116,-51.38177],[-57.9623,-51.37176],[-57.94443,-51.36088],[-57.85138,-51.41306],[-57.87078,-51.43436],[-57.83981,-51.44836],[-57.83462,-51.47864],[-57.73894,-51.51273],[-57.78461,-51.51802],[-57.79199,-51.50751],[-57.85877,-51.49706],[-57.83739,-51.48474],[-57.8436,-51.47485],[-57.86616,-51.4963],[-57.89671,-51.49854],[-57.80959,-51.50975],[-57.81148,-51.52009],[-57.76486,-51.5262],[-57.7641,-51.54043],[-57.95418,-51.54041],[-57.98849,-51.52671],[-57.99373,-51.50631],[-58.03446,-51.5089],[-58.06157,-51.49363],[-58.07629,-51.49629],[-58.01747,-51.53555],[-58.11504,-51.5117],[-58.09517,-51.53311],[-58.10269,-51.53058],[-58.1169,-51.53695],[-58.12406,-51.52646],[-58.12031,-51.53707],[-58.16496,-51.54703],[-58.10599,-51.56255],[-58.14946,-51.56748],[-58.10585,-51.58503],[-58.07327,-51.57821],[-58.10952,-51.5719],[-58.08521,-51.56487],[-58.05853,-51.59209],[-57.97567,-51.58676],[-57.88738,-51.59937],[-57.78342,-51.61694],[-57.72384,-51.64467],[-57.75961,-51.64264],[-57.78665,-51.6615],[-57.81291,-51.64908],[-57.80638,-51.65992],[-57.86006,-51.67557],[-57.87239,-51.67005],[-57.86708,-51.66108],[-57.89045,-51.67038],[-57.92507,-51.6495],[-57.95891,-51.65253],[-57.92907,-51.65049],[-57.91863,-51.66635],[-57.89599,-51.66857],[-57.90606,-51.67316],[-57.83092,-51.68243],[-57.88148,-51.68239],[-57.9189,-51.68549],[-57.92038,-51.68694],[-57.7856,-51.69908],[-57.82706,-51.68255],[-57.78594,-51.67297],[-57.71688,-51.68308],[-57.80467,-51.70451],[-57.82126,-51.7218],[-57.8496,-51.71742],[-57.86949,-51.73011],[-57.89334,-51.72868],[-57.89268,-51.72171],[-57.89687,-51.72],[-57.91103,-51.71828],[-57.89359,-51.72421],[-57.9524,-51.72566],[-57.95434,-51.73322],[-57.9991,-51.73282],[-58.01123,-51.73786],[-57.8565,-51.73909],[-57.88171,-51.74725],[-58.03561,-51.75881],[-58.05126,-51.75567],[-58.04412,-51.75073],[-58.04606,-51.7368],[-58.08451,-51.74136],[-58.04632,-51.75053],[-58.06732,-51.7644],[-58.06467,-51.77156],[-58.15645,-51.76594],[-58.16541,-51.75315],[-58.15244,-51.74016],[-58.18435,-51.74283],[-58.16358,-51.75656],[-58.18931,-51.75516],[-58.19354,-51.76656],[-58.26635,-51.7482],[-58.29748,-51.7474],[-58.29883,-51.7503],[-58.3045,-51.75238],[-58.30533,-51.75365],[-58.2347,-51.75772],[-58.24454,-51.76416],[-58.20096,-51.77733],[-58.23207,-51.78312],[-58.10911,-51.78888],[-58.13538,-51.79141],[-58.11892,-51.7992],[-58.23915,-51.79021],[-58.22994,-51.79668],[-58.28636,-51.80052],[-58.29822,-51.82226],[-58.33377,-51.81158],[-58.32207,-51.82102],[-58.38722,-51.82438],[-58.339,-51.82622],[-58.32209,-51.8379],[-58.33551,-51.84384],[-58.32083,-51.84385],[-58.32198,-51.83368],[-58.28713,-51.82839],[-58.2952,-51.82255],[-58.28174,-51.80691],[-58.16452,-51.816],[-58.23428,-51.82813],[-58.21426,-51.846],[-58.22429,-51.86709],[-58.25665,-51.86803],[-58.2261,-51.85677],[-58.22579,-51.8449],[-58.26232,-51.85513],[-58.27524,-51.85005],[-58.27009,-51.85712],[-58.28936,-51.85853],[-58.27881,-51.86417],[-58.31679,-51.86846],[-58.31015,-51.88153],[-58.3056,-51.87339],[-58.28312,-51.87902],[-58.30255,-51.88535],[-58.37516,-51.88734],[-58.40816,-51.91636],[-58.40081,-51.92258],[-58.46696,-51.92191],[-58.47067,-51.90614],[-58.42744,-51.91658],[-58.40465,-51.90951],[-58.42882,-51.90561],[-58.40318,-51.9008],[-58.50398,-51.89519],[-58.50775,-51.88522],[-58.53708,-51.87934],[-58.53643,-51.8686],[-58.54155,-51.86492],[-58.51864,-51.8601],[-58.5581,-51.85703],[-58.54874,-51.84754],[-58.56304,-51.8469],[-58.56171,-51.83936],[-58.56953,-51.83606],[-58.56593,-51.82958],[-58.59324,-51.83119],[-58.57985,-51.83138],[-58.56415,-51.84769],[-58.55192,-51.84872],[-58.56869,-51.85003],[-58.5388,-51.87204],[-58.54808,-51.88226],[-58.51238,-51.89263],[-58.59567,-51.88766],[-58.55699,-51.89753],[-58.56069,-51.90737],[-58.62464,-51.89512],[-58.63982,-51.90526],[-58.64143,-51.89439],[-58.67829,-51.9044],[-58.68529,-51.89172],[-58.63894,-51.89312],[-58.62966,-51.88449],[-58.66859,-51.89153],[-58.69483,-51.87673],[-58.71893,-51.87261],[-58.69057,-51.88148],[-58.69158,-51.89405],[-58.74362,-51.88206],[-58.73502,-51.88783],[-58.75649,-51.88708],[-58.75364,-51.89943],[-58.78157,-51.89539],[-58.81161,-51.88215],[-58.7952,-51.88098],[-58.81087,-51.86739],[-58.80534,-51.8757],[-58.85748,-51.85727],[-58.85259,-51.85306],[-58.83639,-51.85873],[-58.8199,-51.85934],[-58.81427,-51.85686],[-58.88297,-51.83626],[-58.87267,-51.83977],[-58.88807,-51.84642],[-58.85658,-51.85276],[-58.8623,-51.86398],[-58.93265,-51.84163],[-58.93715,-51.82236],[-58.92637,-51.8235],[-58.92215,-51.81696],[-58.92104,-51.81268],[-58.93785,-51.82026],[-58.95019,-51.78729],[-58.98592,-51.857],[-59.02148,-51.84917],[-59.08687,-51.85739],[-59.08275,-51.84426],[-59.09218,-51.84027],[-59.11561,-51.83593],[-59.09212,-51.85479],[-59.13428,-51.88208],[-59.11624,-51.88287],[-59.09221,-51.8586],[-59.01899,-51.85362],[-59.00601,-51.86117],[-59.0276,-51.88589],[-59.01344,-51.87937],[-59.00327,-51.85776],[-58.98733,-51.86061],[-58.99135,-51.86801],[-58.98864,-51.87365],[-58.98707,-51.86368],[-58.97481,-51.85495],[-58.97327,-51.86566],[-58.96656,-51.86121],[-58.96504,-51.86428],[-58.95555,-51.86226],[-58.94963,-51.8658],[-58.96248,-51.8674],[-58.95605,-51.87472],[-58.9107,-51.88191],[-58.89416,-51.90195],[-58.76036,-51.93666],[-58.80224,-51.94475],[-58.82783,-51.92195],[-58.88709,-51.91913],[-58.87546,-51.91161],[-58.88285,-51.90627],[-58.89066,-51.90756],[-58.8927,-51.90428],[-58.90655,-51.90249],[-58.90758,-51.89814],[-58.91458,-51.89753],[-58.91181,-51.90319],[-58.89323,-51.91009],[-58.88297,-51.9083],[-58.89422,-51.92677],[-58.8416,-51.93297],[-58.85347,-51.93616],[-58.85516,-51.94076],[-58.86224,-51.94459],[-58.8623,-51.94661],[-58.83289,-51.93428],[-58.80465,-51.94825],[-58.81604,-51.95101],[-58.80102,-51.95524],[-58.80759,-51.95992],[-58.80647,-51.96343],[-58.79537,-51.95303],[-58.76912,-51.95619],[-58.78016,-51.96186],[-58.76306,-51.97092],[-58.76735,-51.98753],[-58.75279,-51.97262],[-58.76256,-51.96197],[-58.74431,-51.95228],[-58.72492,-51.96706],[-58.72565,-51.9515],[-58.6993,-51.95248],[-58.69314,-51.97351],[-58.67648,-51.95956],[-58.65236,-51.96159],[-58.64841,-51.97544],[-58.62625,-51.96554],[-58.62635,-51.98253],[-58.60519,-51.9833],[-58.62285,-51.98925],[-58.60206,-51.99085],[-58.63152,-52.006],[-58.58606,-52.01503],[-58.68801,-52.02376],[-58.67243,-52.04103],[-58.66531,-52.03096],[-58.64597,-52.03608],[-58.63586,-52.05115],[-58.66301,-52.05472],[-58.64471,-52.09115],[-58.65346,-52.10143],[-58.63914,-52.11095],[-58.65547,-52.11714],[-58.65963,-52.14148],[-58.66876,-52.12232],[-58.6935,-52.12305],[-58.67471,-52.09585],[-58.70148,-52.08768],[-58.7053,-52.0687],[-58.72045,-52.06382],[-58.73837,-52.07944],[-58.73622,-52.05011],[-58.78037,-52.04754],[-58.82258,-52.02394],[-58.81373,-52.05678],[-58.85729,-52.05333],[-58.86734,-52.04212],[-58.87832,-52.04657],[-58.8803,-52.04242],[-58.89043,-52.04021],[-58.89564,-52.03449],[-58.89634,-52.03419],[-58.89704,-52.03438],[-58.89024,-52.04879],[-58.86776,-52.05703],[-58.87283,-52.07429],[-58.85975,-52.08456],[-58.88702,-52.07464],[-58.92821,-52.11736],[-58.95284,-52.06051],[-58.98865,-52.09752],[-59.00463,-52.04604],[-58.98486,-52.04513],[-59.01817,-52.04391],[-59.01555,-52.0203],[-59.059,-52.04306],[-59.07336,-52.01548],[-59.1008,-52.03044],[-59.11748,-52.01641],[-59.11043,-52.00177],[-59.13817,-51.99738],[-59.13407,-51.98244],[-59.13677,-51.97714],[-59.15447,-51.99631],[-59.17809,-51.97609],[-59.18954,-51.97225],[-59.15749,-51.9994],[-59.17093,-52.01289],[-59.23892,-52.01098],[-59.24629,-51.9983],[-59.27867,-51.99043],[-59.26998,-52.00349],[-59.28154,-52.0118],[-59.31891,-52.01306],[-59.28602,-52.01357],[-59.29459,-52.02928],[-59.26576,-52.00681],[-59.18845,-52.02822],[-59.19068,-52.04418],[-59.23558,-52.05381],[-59.19877,-52.05262],[-59.19065,-52.06519],[-59.2127,-52.0808],[-59.17126,-52.05648],[-59.16578,-52.06387],[-59.13894,-52.03471],[-59.14476,-52.06333],[-59.13642,-52.05588],[-59.09975,-52.07949],[-59.17843,-52.09176],[-59.1778,-52.10269],[-59.15667,-52.0952],[-59.14925,-52.1086],[-59.13333,-52.09414],[-59.115,-52.10953],[-59.06798,-52.10295],[-59.07359,-52.11768],[-59.116,-52.11817],[-59.13817,-52.13981],[-59.14928,-52.13791],[-59.18008,-52.14513],[-59.16141,-52.14305],[-59.1715,-52.15367],[-59.15965,-52.14432],[-59.14351,-52.14367],[-59.15787,-52.16214],[-59.11047,-52.13547],[-59.10165,-52.14898],[-59.11868,-52.16514],[-59.07339,-52.13712],[-59.02383,-52.14408],[-59.02546,-52.15607],[-59.0465,-52.15823],[-59.04103,-52.16658],[-59.07347,-52.16913],[-59.05955,-52.18105],[-59.08705,-52.18087],[-59.10385,-52.1982],[-59.08922,-52.19667],[-59.09234,-52.21466],[-59.07171,-52.19878],[-59.02311,-52.20455],[-59.05461,-52.2189],[-59.05059,-52.23548],[-59.02649,-52.23115],[-59.05428,-52.2425],[-59.01137,-52.25561],[-59.06817,-52.24372],[-59.06398,-52.23304],[-59.10496,-52.24196],[-59.12846,-52.22219],[-59.15047,-52.22465],[-59.15753,-52.21019],[-59.19979,-52.20328],[-59.22301,-52.22643],[-59.24118,-52.219],[-59.25945,-52.19128],[-59.24615,-52.18836],[-59.24781,-52.17392],[-59.26599,-52.17617],[-59.26774,-52.1636],[-59.29813,-52.16267],[-59.31372,-52.18461],[-59.32556,-52.17947],[-59.29219,-52.14051],[-59.35046,-52.16039],[-59.36785,-52.11097],[-59.37103,-52.1447],[-59.39532,-52.13778],[-59.39189,-52.129],[-59.40472,-52.11616],[-59.41129,-52.11614],[-59.40112,-52.14856],[-59.3825,-52.15805],[-59.41476,-52.16137],[-59.41505,-52.14155],[-59.45508,-52.12477],[-59.43564,-52.15263],[-59.491,-52.16627],[-59.4534,-52.16114],[-59.39858,-52.17987],[-59.40623,-52.18716],[-59.42191,-52.18102],[-59.46627,-52.19608],[-59.42313,-52.19286],[-59.46146,-52.22448],[-59.40849,-52.20422],[-59.405,-52.21325],[-59.43311,-52.22311],[-59.417,-52.2208],[-59.434,-52.24386],[-59.37787,-52.20512],[-59.36361,-52.21454],[-59.33,-52.21127],[-59.38782,-52.22638],[-59.34356,-52.23839],[-59.34181,-52.25372],[-59.41466,-52.28398],[-59.3459,-52.26882],[-59.3389,-52.2875],[-59.37475,-52.29265],[-59.38435,-52.31853],[-59.33544,-52.3352],[-59.33381,-52.34654],[-59.30686,-52.32776],[-59.29782,-52.3325],[-59.30945,-52.35094],[-59.36408,-52.35937],[-59.39179,-52.34596],[-59.3702,-52.34285],[-59.37352,-52.33409],[-59.42591,-52.33115],[-59.40702,-52.32589],[-59.4149,-52.31027],[-59.49771,-52.31189],[-59.47832,-52.2754],[-59.51091,-52.27367],[-59.49278,-52.26426],[-59.51478,-52.25494],[-59.50861,-52.24284],[-59.54654,-52.25985],[-59.56255,-52.25149],[-59.583,-52.26023],[-59.5938,-52.24817],[-59.5532,-52.20411],[-59.63019,-52.20957],[-59.6138,-52.1884],[-59.646,-52.18239],[-59.62422,-52.17439],[-59.64354,-52.15973],[-59.66153,-52.16931],[-59.69126,-52.1368],[-59.70275,-52.1424],[-59.73656,-52.12478],[-59.70706,-52.10756],[-59.73155,-52.09713],[-59.70495,-52.09521],[-59.68517,-52.10898],[-59.66843,-52.10075],[-59.67987,-52.12429],[-59.64044,-52.1117],[-59.63882,-52.12861],[-59.61175,-52.12371],[-59.61364,-52.10647],[-59.64074,-52.08404],[-59.61472,-52.07912],[-59.61619,-52.09123],[-59.60394,-52.093],[-59.55051,-52.0677],[-59.61375,-52.0486],[-59.62005,-52.03409],[-59.59073,-52.02987],[-59.64548,-52.01816],[-59.65394,-52.00582],[-59.54564,-52.00515],[-59.58859,-51.99936],[-59.62357,-51.97955],[-59.62139,-51.96852],[-59.64825,-51.96513],[-59.60954,-51.96886],[-59.59594,-51.98534],[-59.51946,-51.97281],[-59.52766,-51.96908],[-59.51835,-51.96228],[-59.5539,-51.96354],[-59.56194,-51.95138],[-59.57688,-51.96026],[-59.61472,-51.95062],[-59.61034,-51.9181],[-59.59145,-51.90439],[-59.57114,-51.9134],[-59.57396,-51.92293],[-59.52837,-51.92312],[-59.51668,-51.93875],[-59.49772,-51.93763],[-59.50518,-51.92408],[-59.4701,-51.92837],[-59.47477,-51.91638],[-59.52762,-51.90295],[-59.52696,-51.88453],[-59.53804,-51.88197],[-59.52107,-51.87141],[-59.49895,-51.89428],[-59.4421,-51.89162],[-59.48681,-51.88456],[-59.45862,-51.86568],[-59.5154,-51.85765],[-59.49587,-51.84895],[-59.49747,-51.83573],[-59.44862,-51.82387],[-59.45545,-51.84728],[-59.41079,-51.81293],[-59.40351,-51.82472],[-59.41457,-51.84014],[-59.39312,-51.83327],[-59.3987,-51.84257],[-59.37858,-51.85931],[-59.37725,-51.83326],[-59.35369,-51.82732],[-59.36116,-51.80006],[-59.3499,-51.78783],[-59.32702,-51.79564],[-59.32457,-51.81082],[-59.30347,-51.79084],[-59.29052,-51.79299],[-59.30171,-51.80777],[-59.27221,-51.79838],[-59.29153,-51.7766],[-59.30226,-51.78078],[-59.30533,-51.76042],[-59.2693,-51.74334],[-59.25378,-51.75854],[-59.2625,-51.76625],[-59.24888,-51.76666],[-59.23905,-51.75231],[-59.25321,-51.7498],[-59.24887,-51.73548],[-59.21458,-51.71734],[-59.22463,-51.76488],[-59.21613,-51.76312],[-59.1979,-51.72199],[-59.17444,-51.7451],[-59.16707,-51.74359],[-59.18012,-51.73373],[-59.1576,-51.7211],[-59.15848,-51.70754],[-59.12574,-51.69707],[-59.10447,-51.70546],[-59.08661,-51.69094],[-59.05403,-51.69167],[-59.04331,-51.71241],[-59.05907,-51.72244],[-59.04028,-51.74175],[-59.05314,-51.74499],[-59.03422,-51.74524],[-59.05242,-51.75335],[-59.02957,-51.75571],[-59.02532,-51.76793],[-59.07135,-51.78466],[-59.04366,-51.7862],[-59.02921,-51.80942],[-59.04595,-51.81182],[-59.04941,-51.82698],[-59.02181,-51.83078],[-59.02942,-51.8164],[-59.00922,-51.82387],[-59.01348,-51.81416],[-58.98553,-51.80146],[-58.98429,-51.78513],[-58.97645,-51.78841],[-58.94942,-51.77394],[-58.97875,-51.78455],[-59.00508,-51.77447],[-59.00199,-51.76274],[-58.99294,-51.77219],[-58.98658,-51.76819],[-59.00355,-51.75958],[-58.99611,-51.74869],[-59.007,-51.74881],[-59.00852,-51.71113],[-59.02591,-51.71202],[-59.02356,-51.71839],[-59.0241,-51.72722],[-59.04095,-51.69867],[-59.01877,-51.6877],[-59.03502,-51.6783],[-59.03435,-51.67701],[-59.01697,-51.67785],[-59.01949,-51.68129],[-59.01076,-51.68722],[-59.00524,-51.68918],[-59.0066,-51.68141],[-59.02493,-51.67191],[-58.99675,-51.68586],[-58.99807,-51.67613],[-59.04836,-51.6532],[-58.97964,-51.67597],[-58.97718,-51.67065],[-59.04256,-51.6425],[-59.07363,-51.64397],[-59.10827,-51.61286],[-59.17886,-51.5844],[-59.11311,-51.52885],[-59.12833,-51.49622],[-59.08684,-51.52913],[-59.07325,-51.55448],[-59.07976,-51.56812],[-59.06563,-51.57226],[-59.07758,-51.58339],[-59.07737,-51.58817],[-59.05921,-51.57987],[-59.04179,-51.60091],[-59.01434,-51.6059],[-59.03736,-51.59037],[-59.02912,-51.57728],[-59.05033,-51.57446],[-59.03736,-51.57268],[-59.04543,-51.56012],[-59.02674,-51.5611],[-59.06532,-51.51971],[-59.04527,-51.50498],[-58.92493,-51.52184],[-58.94003,-51.54053],[-58.93503,-51.54559],[-58.93015,-51.53209],[-58.91526,-51.53009],[-58.91644,-51.52442],[-58.87821,-51.53202],[-58.85038,-51.52124],[-58.8562,-51.51124],[-58.84346,-51.51559],[-58.85748,-51.51038],[-58.85366,-51.52078],[-58.8796,-51.53038],[-58.8991,-51.52156],[-58.92005,-51.52174],[-58.92015,-51.52745],[-58.92513,-51.51903],[-58.94846,-51.51649],[-58.95174,-51.50814],[-59.00264,-51.50436],[-59.09497,-51.46777],[-59.11488,-51.47912],[-59.14455,-51.46149],[-59.13954,-51.44322],[-59.11567,-51.4369],[-59.09654,-51.40995],[-59.05011,-51.43305],[-58.9799,-51.42648],[-58.98191,-51.44348],[-58.96156,-51.44479],[-58.96973,-51.42298],[-59.0209,-51.41908],[-58.99851,-51.4079],[-59.00559,-51.38522],[-58.86814,-51.37862],[-58.85903,-51.35387],[-58.91826,-51.31337],[-58.91733,-51.29724],[-58.96409,-51.26308],[-58.94769,-51.25602],[-58.97176,-51.23364],[-58.90464,-51.27553],[-58.74425,-51.31732],[-58.75052,-51.32297],[-58.72799,-51.33696],[-58.73013,-51.34828],[-58.72053,-51.3411],[-58.72535,-51.32572],[-58.7433,-51.32265],[-58.73777,-51.31419],[-58.67224,-51.33339],[-58.64101,-51.32294],[-58.62445,-51.35428],[-58.59605,-51.34829],[-58.59521,-51.36027],[-58.57894,-51.34742],[-58.57234,-51.36016],[-58.58165,-51.33996],[-58.56816,-51.32313],[-58.58308,-51.32647],[-58.58502,-51.3423],[-58.61757,-51.35068],[-58.63632,-51.31304],[-58.61038,-51.32132],[-58.58197,-51.29838],[-58.52953,-51.29338],[-58.50711,-51.30914],[-58.4651,-51.29789],[-58.46505,-51.30963]]],[[[-58.42155,-51.55483],[-58.42204,-51.55469],[-58.42255,-51.5544],[-58.42162,-51.55418],[-58.42155,-51.55483]]],[[[-58.4219,-51.55116],[-58.42218,-51.55118],[-58.42248,-51.55111],[-58.4214,-51.55118],[-58.4219,-51.55116]]],[[[-58.34285,-51.54661],[-58.34647,-51.54589],[-58.34733,-51.5432],[-58.34392,-51.54498],[-58.34285,-51.54661]]],[[[-58.34656,-51.53355],[-58.35767,-51.5414],[-58.36321,-51.54063],[-58.35684,-51.53178],[-58.34656,-51.53355]]],[[[-58.3441,-51.52238],[-58.34662,-51.52642],[-58.34907,-51.52546],[-58.34716,-51.52295],[-58.3441,-51.52238]]],[[[-58.53546,-51.4735],[-58.53611,-51.47437],[-58.53795,-51.474],[-58.53757,-51.47337],[-58.53546,-51.4735]]],[[[-58.50941,-51.46901],[-58.51424,-51.46977],[-58.51766,-51.46739],[-58.5132,-51.46712],[-58.50941,-51.46901]]],[[[-58.36439,-51.46912],[-58.36824,-51.46806],[-58.36944,-51.46587],[-58.36525,-51.46738],[-58.36439,-51.46912]]],[[[-58.38116,-51.46851],[-58.38906,-51.46981],[-58.40053,-51.46686],[-58.39678,-51.46426],[-58.38116,-51.46851]]],[[[-58.48567,-51.45648],[-58.49188,-51.45786],[-58.4963,-51.45562],[-58.49211,-51.44942],[-58.48567,-51.45648]]],[[[-58.33125,-51.44806],[-58.33232,-51.44793],[-58.32981,-51.44703],[-58.32984,-51.44765],[-58.33125,-51.44806]]],[[[-58.35004,-51.43734],[-58.34961,-51.43715],[-58.34932,-51.43762],[-58.34991,-51.43758],[-58.35004,-51.43734]]],[[[-27.13218,-59.44466],[-27.15012,-59.46266],[-27.24686,-59.44928],[-27.21208,-59.42104],[-27.13518,-59.4287],[-27.13218,-59.44466]]],[[[-27.29791,-59.45734],[-27.36387,-59.46113],[-27.41799,-59.44242],[-27.33605,-59.41059],[-27.32218,-59.41514],[-27.33706,-59.41783],[-27.34574,-59.43968],[-27.29791,-59.45734]]],[[[-27.06772,-59.40938],[-27.07542,-59.42043],[-27.09476,-59.41744],[-27.08341,-59.403],[-27.06772,-59.40938]]],[[[-26.43066,-59.01054],[-26.47004,-59.0523],[-26.54417,-59.06353],[-26.62711,-59.0107],[-26.61472,-58.99399],[-26.5392,-58.96714],[-26.43066,-59.01054]]],[[[-26.25207,-58.49502],[-26.2758,-58.5147],[-26.33674,-58.49482],[-26.35712,-58.49877],[-26.35387,-58.50446],[-26.36491,-58.50942],[-26.48183,-58.45611],[-26.46623,-58.41444],[-26.32091,-58.40347],[-26.27538,-58.41838],[-26.27835,-58.48144],[-26.25207,-58.49502]]],[[[-26.38447,-57.8049],[-26.42338,-57.82714],[-26.49835,-57.83372],[-26.53438,-57.81851],[-26.53858,-57.79203],[-26.48966,-57.76125],[-26.45737,-57.76895],[-26.45557,-57.78445],[-26.42915,-57.8004],[-26.38447,-57.8049]]],[[[-26.79646,-57.11469],[-26.80715,-57.12618],[-26.83061,-57.11832],[-26.82903,-57.10761],[-26.79646,-57.11469]]],[[[-26.68396,-57.10686],[-26.72267,-57.11179],[-26.75368,-57.08653],[-26.75009,-57.07494],[-26.70485,-57.07556],[-26.68396,-57.10686]]],[[[-27.12956,-56.71153],[-27.19919,-56.73235],[-27.24248,-56.73003],[-27.25728,-56.70638],[-27.20627,-56.68175],[-27.1522,-56.69337],[-27.12956,-56.71153]]],[[[-28.08942,-56.67373],[-28.1008,-56.67632],[-28.10601,-56.67127],[-28.098,-56.66692],[-28.08942,-56.67373]]],[[[-27.54271,-56.29995],[-27.57786,-56.31926],[-27.60989,-56.29903],[-27.57829,-56.27741],[-27.54271,-56.29995]]],[[[-34.69065,-55.0148],[-34.68539,-55.00997],[-34.6697,-55.01774],[-34.67826,-55.02509],[-34.69065,-55.0148]]],[[[-36.02264,-54.88118],[-36.03352,-54.8834],[-36.03515,-54.87729],[-36.03048,-54.87454],[-36.02264,-54.88118]]],[[[-35.77072,-54.80292],[-35.78195,-54.82644],[-35.80438,-54.82408],[-35.79745,-54.81302],[-35.80989,-54.80425],[-35.77072,-54.80292]]],[[[-37.02241,-54.49832],[-37.09713,-54.51458],[-37.07853,-54.49956],[-37.12327,-54.48194],[-37.08001,-54.47366],[-37.02241,-54.49832]]],[[[-36.05323,-54.47139],[-36.04902,-54.46982],[-36.04752,-54.47432],[-36.05181,-54.4741],[-36.05323,-54.47139]]],[[[-35.79153,-54.76594],[-35.80545,-54.76751],[-35.80058,-54.78332],[-35.81978,-54.78173],[-35.82011,-54.79674],[-35.86529,-54.79941],[-35.88222,-54.78542],[-35.88779,-54.80369],[-35.89474,-54.78356],[-35.91407,-54.81519],[-35.93969,-54.81291],[-35.93155,-54.80572],[-35.95099,-54.79177],[-35.93939,-54.80995],[-35.97657,-54.81381],[-36.07948,-54.76833],[-36.10538,-54.77076],[-36.09966,-54.76385],[-36.11943,-54.75161],[-36.10802,-54.77767],[-36.12475,-54.7854],[-36.03596,-54.81196],[-36.07771,-54.81215],[-36.06664,-54.81954],[-35.9951,-54.82556],[-36.01816,-54.83869],[-36.04801,-54.83479],[-36.01657,-54.84363],[-35.9657,-54.83365],[-35.93745,-54.85731],[-35.97792,-54.85585],[-35.96185,-54.86779],[-35.98196,-54.8818],[-35.99053,-54.85979],[-35.99985,-54.87189],[-36.00464,-54.85842],[-36.02879,-54.85359],[-36.00866,-54.86166],[-36.01436,-54.88366],[-36.04262,-54.85448],[-36.05197,-54.88242],[-36.07078,-54.88638],[-36.07674,-54.8728],[-36.09855,-54.89004],[-36.09114,-54.89678],[-36.10721,-54.90035],[-36.10792,-54.88185],[-36.1184,-54.88733],[-36.13175,-54.87383],[-36.10578,-54.85631],[-36.134,-54.86326],[-36.12838,-54.84752],[-36.15987,-54.85035],[-36.14612,-54.84449],[-36.20993,-54.8244],[-36.21354,-54.80352],[-36.23096,-54.81263],[-36.26559,-54.79653],[-36.25966,-54.78775],[-36.27629,-54.7844],[-36.26439,-54.77484],[-36.27564,-54.77143],[-36.25611,-54.7698],[-36.31246,-54.74701],[-36.30801,-54.73306],[-36.3272,-54.72538],[-36.31618,-54.72452],[-36.32197,-54.70637],[-36.30706,-54.70623],[-36.3681,-54.66797],[-36.35503,-54.65483],[-36.41461,-54.61728],[-36.42353,-54.58887],[-36.49947,-54.56892],[-36.46459,-54.53185],[-36.5198,-54.51953],[-36.49988,-54.50799],[-36.58072,-54.50267],[-36.61503,-54.52046],[-36.64139,-54.51795],[-36.66233,-54.50805],[-36.66175,-54.49337],[-36.64464,-54.49162],[-36.65437,-54.48297],[-36.68295,-54.49149],[-36.73834,-54.47882],[-36.74013,-54.46638],[-36.81795,-54.45841],[-36.80302,-54.44891],[-36.81371,-54.43859],[-36.79381,-54.43079],[-36.80474,-54.42698],[-36.78352,-54.41394],[-36.80143,-54.40037],[-36.83998,-54.40816],[-36.84676,-54.38203],[-36.89491,-54.39071],[-36.88477,-54.37287],[-36.90318,-54.37275],[-36.85358,-54.35492],[-36.91611,-54.33494],[-36.94876,-54.35959],[-37.01348,-54.36016],[-37.03042,-54.35388],[-37.01876,-54.34217],[-37.0466,-54.34736],[-37.05717,-54.32523],[-37.06145,-54.32509],[-37.05807,-54.33184],[-37.0624,-54.33779],[-37.06659,-54.33793],[-37.06264,-54.32884],[-37.08582,-54.31785],[-37.08929,-54.32875],[-37.10928,-54.3247],[-37.08148,-54.30924],[-37.08658,-54.28107],[-37.10556,-54.28873],[-37.15182,-54.26379],[-37.17252,-54.27364],[-37.20407,-54.26665],[-37.21216,-54.24799],[-37.22725,-54.25456],[-37.21378,-54.24456],[-37.22094,-54.23897],[-37.25395,-54.23976],[-37.25756,-54.25513],[-37.30344,-54.27478],[-37.33418,-54.2706],[-37.3635,-54.2834],[-37.34941,-54.26874],[-37.37468,-54.27117],[-37.38786,-54.25532],[-37.38463,-54.2658],[-37.40186,-54.27117],[-37.39757,-54.26189],[-37.40695,-54.25722],[-37.40504,-54.27526],[-37.42084,-54.27659],[-37.40885,-54.26988],[-37.41813,-54.25123],[-37.30627,-54.23031],[-37.39174,-54.21194],[-37.41582,-54.18696],[-37.22513,-54.16668],[-37.23141,-54.14931],[-37.4074,-54.1525],[-37.47736,-54.13789],[-37.48026,-54.12685],[-37.511,-54.14199],[-37.56088,-54.13547],[-37.56026,-54.14846],[-37.58134,-54.15212],[-37.54627,-54.15322],[-37.54331,-54.17054],[-37.62955,-54.19134],[-37.62169,-54.18401],[-37.63335,-54.17896],[-37.69394,-54.17773],[-37.67142,-54.15779],[-37.72877,-54.15027],[-37.72244,-54.13975],[-37.7321,-54.13813],[-37.63802,-54.11743],[-37.67371,-54.10382],[-37.68537,-54.11362],[-37.73324,-54.10996],[-37.70183,-54.08493],[-37.64606,-54.07812],[-37.65182,-54.0666],[-37.60761,-54.0558],[-37.61322,-54.04419],[-37.6611,-54.05285],[-37.67304,-54.04681],[-37.66909,-54.03386],[-37.69969,-54.03505],[-37.74781,-54.05756],[-37.79102,-54.04781],[-37.80453,-54.06104],[-37.82195,-54.05356],[-37.80724,-54.04095],[-37.82195,-54.03558],[-37.88477,-54.06265],[-37.95168,-54.04014],[-37.98218,-54.05061],[-37.97571,-54.06118],[-37.99575,-54.07212],[-38.01278,-54.07251],[-38.00426,-54.06161],[-38.04448,-54.06951],[-38.04795,-54.0666],[-38.01397,-54.05552],[-38.01055,-54.03534],[-37.99751,-54.03153],[-38.02116,-54.01659],[-38.00517,-54.00878],[-37.96914,-54.02468],[-37.9532,-54.00659],[-37.87739,-54.00117],[-37.81276,-54.02044],[-37.76498,-54.00395],[-37.72829,-54.00845],[-37.74192,-53.98841],[-37.72921,-53.9809],[-37.71608,-53.99232],[-37.6756,-53.98811],[-37.6866,-54.01573],[-37.59694,-54.00974],[-37.55068,-54.02722],[-37.4718,-54.01202],[-37.45703,-53.9951],[-37.43447,-54.00303],[-37.41213,-53.98546],[-37.36523,-53.99203],[-37.38914,-54.00774],[-37.45624,-54.01487],[-37.43633,-54.02351],[-37.45774,-54.03408],[-37.43975,-54.04179],[-37.50036,-54.06206],[-37.4185,-54.06777],[-37.35748,-54.04945],[-37.31877,-54.06077],[-37.26937,-54.05558],[-37.24527,-54.08339],[-37.25149,-54.09504],[-37.22237,-54.05579],[-37.18994,-54.06954],[-37.18,-54.04481],[-37.13471,-54.04241],[-37.12815,-54.04961],[-37.14579,-54.05377],[-37.13032,-54.05857],[-37.16013,-54.06679],[-37.1045,-54.06685],[-37.15167,-54.08455],[-37.14236,-54.11608],[-37.16487,-54.12693],[-37.15184,-54.13401],[-37.11021,-54.12887],[-37.12027,-54.11391],[-37.07218,-54.07862],[-37.02381,-54.06811],[-37.00451,-54.08044],[-36.99589,-54.07165],[-37.00816,-54.06805],[-36.98922,-54.05562],[-36.96969,-54.06671],[-36.98736,-54.07208],[-36.97366,-54.0864],[-37.03334,-54.11204],[-37.04931,-54.13626],[-37.01348,-54.13513],[-37.01619,-54.12515],[-36.95463,-54.10536],[-36.9414,-54.08581],[-36.89636,-54.07831],[-36.87267,-54.09297],[-36.85656,-54.07914],[-36.80925,-54.09544],[-36.80455,-54.10914],[-36.8259,-54.13133],[-36.80306,-54.15481],[-36.7855,-54.15086],[-36.78563,-54.1159],[-36.76954,-54.10681],[-36.66722,-54.11363],[-36.6684,-54.12738],[-36.64267,-54.12057],[-36.6262,-54.1315],[-36.645,-54.13429],[-36.64371,-54.14609],[-36.68772,-54.13676],[-36.68057,-54.15123],[-36.71072,-54.15774],[-36.7045,-54.16363],[-36.67393,-54.16418],[-36.65307,-54.16846],[-36.7071,-54.17468],[-36.70522,-54.18669],[-36.66457,-54.19288],[-36.6383,-54.17644],[-36.55224,-54.16443],[-36.52701,-54.18462],[-36.49041,-54.18184],[-36.49864,-54.19002],[-36.48657,-54.19734],[-36.5922,-54.18928],[-36.58471,-54.21074],[-36.61407,-54.21611],[-36.62362,-54.23653],[-36.69881,-54.23342],[-36.70467,-54.24984],[-36.65129,-54.27175],[-36.69813,-54.30171],[-36.63146,-54.27475],[-36.61192,-54.28401],[-36.53954,-54.24263],[-36.50937,-54.2382],[-36.51372,-54.24783],[-36.50056,-54.25267],[-36.48813,-54.23887],[-36.46607,-54.24874],[-36.46808,-54.26474],[-36.48489,-54.28365],[-36.50754,-54.28306],[-36.47766,-54.3062],[-36.49459,-54.31198],[-36.48828,-54.33117],[-36.5012,-54.35628],[-36.52188,-54.35581],[-36.48486,-54.36242],[-36.44393,-54.31442],[-36.39265,-54.36433],[-36.34803,-54.37426],[-36.33068,-54.34972],[-36.36241,-54.3186],[-36.35619,-54.31028],[-36.40123,-54.27682],[-36.40015,-54.244],[-36.35539,-54.26511],[-36.32953,-54.26283],[-36.32798,-54.27291],[-36.29484,-54.26937],[-36.30089,-54.28164],[-36.29293,-54.27762],[-36.28549,-54.28153],[-36.30938,-54.29329],[-36.29862,-54.30076],[-36.25092,-54.28723],[-36.26267,-54.29507],[-36.2517,-54.31379],[-36.25981,-54.32333],[-36.2403,-54.32144],[-36.23954,-54.33267],[-36.26786,-54.33904],[-36.20778,-54.34895],[-36.25683,-54.37479],[-36.26417,-54.39099],[-36.18423,-54.38842],[-36.15746,-54.37449],[-36.18569,-54.39448],[-36.16516,-54.41157],[-36.18793,-54.41417],[-36.16959,-54.42291],[-36.18679,-54.43483],[-36.17701,-54.44962],[-36.05599,-54.47258],[-36.03616,-54.50043],[-36.0088,-54.50474],[-36.03946,-54.52011],[-36.08715,-54.51995],[-36.07934,-54.53685],[-36.11241,-54.54738],[-36.09112,-54.57504],[-36.02319,-54.56523],[-35.99567,-54.5765],[-36.00175,-54.59014],[-35.9902,-54.59731],[-35.98266,-54.57787],[-35.89363,-54.54528],[-35.88886,-54.55801],[-35.91211,-54.57487],[-35.90216,-54.59317],[-35.92196,-54.58745],[-35.92803,-54.62023],[-35.96444,-54.62273],[-35.92557,-54.64955],[-35.91617,-54.6975],[-35.97113,-54.70461],[-35.9266,-54.71484],[-35.91853,-54.73144],[-35.87181,-54.7321],[-35.85637,-54.75463],[-35.83685,-54.75015],[-35.83434,-54.76402],[-35.79153,-54.76594]]],[[[-36.66115,-54.15764],[-36.6645,-54.16205],[-36.67024,-54.16071],[-36.66928,-54.15531],[-36.66115,-54.15764]]],[[[-41.80054,-53.64052],[-41.79229,-53.64289],[-41.79783,-53.65405],[-41.80666,-53.65239],[-41.80054,-53.64052]]],[[[-42.03048,-53.54682],[-42.02823,-53.55164],[-42.03581,-53.55491],[-42.03789,-53.54906],[-42.03048,-53.54682]]],[[[-58.19998,-51.87024],[-58.20185,-51.87111],[-58.20429,-51.86984],[-58.20093,-51.86967],[-58.19998,-51.87024]]],[[[-58.25681,-51.87308],[-58.28093,-51.87354],[-58.28614,-51.87125],[-58.27639,-51.86618],[-58.25681,-51.87308]]],[[[-58.29488,-51.86988],[-58.29391,-51.86939],[-58.29374,-51.87007],[-58.29514,-51.87028],[-58.29488,-51.86988]]],[[[-58.26852,-51.86793],[-58.27011,-51.86803],[-58.27038,-51.86787],[-58.26815,-51.8676],[-58.26852,-51.86793]]],[[[-58.26124,-51.86576],[-58.26221,-51.86668],[-58.26516,-51.86631],[-58.26312,-51.86494],[-58.26124,-51.86576]]],[[[-58.19794,-51.86565],[-58.20025,-51.86544],[-58.2005,-51.86512],[-58.19787,-51.86487],[-58.19794,-51.86565]]],[[[-58.26733,-51.85998],[-58.27038,-51.86072],[-58.27248,-51.86045],[-58.26931,-51.85906],[-58.26733,-51.85998]]],[[[-58.25768,-51.85781],[-58.26042,-51.85973],[-58.26455,-51.85969],[-58.26267,-51.85805],[-58.25768,-51.85781]]],[[[-58.24291,-51.85641],[-58.2507,-51.8592],[-58.26097,-51.85593],[-58.24744,-51.85413],[-58.24291,-51.85641]]],[[[-58.1869,-51.85425],[-58.1881,-51.85488],[-58.19238,-51.85464],[-58.18785,-51.85399],[-58.1869,-51.85425]]],[[[-58.22928,-51.85214],[-58.22893,-51.85237],[-58.23052,-51.85473],[-58.23105,-51.85264],[-58.22928,-51.85214]]],[[[-58.23587,-51.85229],[-58.23629,-51.85266],[-58.23801,-51.85232],[-58.23761,-51.852],[-58.23587,-51.85229]]],[[[-58.2306,-51.84888],[-58.23117,-51.84978],[-58.23658,-51.84896],[-58.23606,-51.84873],[-58.2306,-51.84888]]],[[[-58.22893,-51.84923],[-58.22939,-51.84912],[-58.22996,-51.84857],[-58.22926,-51.84845],[-58.22893,-51.84923]]],[[[-58.23755,-51.84639],[-58.23791,-51.8467],[-58.23963,-51.84621],[-58.23783,-51.84629],[-58.23755,-51.84639]]],[[[-58.30695,-51.82632],[-58.30899,-51.82847],[-58.32004,-51.82694],[-58.30924,-51.82567],[-58.30695,-51.82632]]],[[[-58.32467,-51.82713],[-58.32586,-51.82703],[-58.32586,-51.82677],[-58.32408,-51.82674],[-58.32467,-51.82713]]],[[[-58.13891,-51.80561],[-58.13933,-51.80645],[-58.14457,-51.80419],[-58.14183,-51.80427],[-58.13891,-51.80561]]],[[[-58.17396,-51.80685],[-58.20648,-51.80841],[-58.22593,-51.80491],[-58.18013,-51.80217],[-58.17396,-51.80685]]],[[[-58.15493,-51.8031],[-58.15451,-51.80329],[-58.16029,-51.80327],[-58.16285,-51.80239],[-58.16423,-51.80078],[-58.16623,-51.80047],[-58.16684,-51.80001],[-58.15493,-51.8031]]],[[[-58.24341,-51.80004],[-58.24416,-51.80012],[-58.24456,-51.80003],[-58.24285,-51.79955],[-58.24341,-51.80004]]],[[[-58.09379,-51.79767],[-58.09765,-51.79802],[-58.09915,-51.79726],[-58.09553,-51.79709],[-58.09379,-51.79767]]],[[[-58.04572,-51.79466],[-58.04619,-51.79513],[-58.05118,-51.79397],[-58.04939,-51.79365],[-58.04572,-51.79466]]],[[[-58.0822,-51.79181],[-58.08239,-51.79278],[-58.08511,-51.79223],[-58.08496,-51.79188],[-58.0822,-51.79181]]],[[[-58.04769,-51.78821],[-58.06093,-51.79441],[-58.08705,-51.78817],[-58.07464,-51.78611],[-58.04769,-51.78821]]],[[[-58.09726,-51.78839],[-58.09905,-51.78896],[-58.10001,-51.78814],[-58.09783,-51.78803],[-58.09726,-51.78839]]],[[[-58.14399,-51.78333],[-58.14356,-51.78292],[-58.14284,-51.78303],[-58.14342,-51.78364],[-58.14399,-51.78333]]],[[[-58.18783,-51.77608],[-58.19364,-51.77726],[-58.19923,-51.77581],[-58.19708,-51.7744],[-58.18783,-51.77608]]],[[[-57.85159,-51.73855],[-57.85279,-51.73834],[-57.85287,-51.73811],[-57.851,-51.73825],[-57.85159,-51.73855]]],[[[-57.68769,-51.67651],[-57.68905,-51.67592],[-57.69405,-51.67604],[-57.68873,-51.67524],[-57.68769,-51.67651]]],[[[-57.76092,-51.67361],[-57.76238,-51.67382],[-57.76271,-51.67357],[-57.75993,-51.67336],[-57.76092,-51.67361]]],[[[-57.72656,-51.67427],[-57.73135,-51.67418],[-57.73332,-51.67303],[-57.72488,-51.6734],[-57.72656,-51.67427]]],[[[-57.74041,-51.6725],[-57.74744,-51.67347],[-57.74984,-51.67284],[-57.74765,-51.67083],[-57.74041,-51.6725]]],[[[-57.91805,-51.66433],[-57.91773,-51.66408],[-57.91749,-51.66485],[-57.91784,-51.66473],[-57.91805,-51.66433]]],[[[-57.74339,-51.62275],[-57.75112,-51.62656],[-57.76045,-51.62258],[-57.75756,-51.62081],[-57.74339,-51.62275]]],[[[-57.78465,-51.60645],[-57.78421,-51.60715],[-57.79462,-51.60418],[-57.79037,-51.60379],[-57.78465,-51.60645]]],[[[-58.11187,-51.57385],[-58.11265,-51.57442],[-58.11335,-51.57416],[-58.11072,-51.57359],[-58.11187,-51.57385]]],[[[-58.23066,-51.56741],[-58.23243,-51.56612],[-58.23161,-51.56493],[-58.23192,-51.56616],[-58.23066,-51.56741]]],[[[-58.03869,-51.56135],[-58.07604,-51.56148],[-58.09548,-51.55304],[-58.07794,-51.5493],[-58.03869,-51.56135]]],[[[-58.09091,-51.5474],[-58.09013,-51.54801],[-58.09251,-51.54758],[-58.09228,-51.54739],[-58.09091,-51.5474]]],[[[-58.13767,-51.54654],[-58.13845,-51.54692],[-58.139,-51.54671],[-58.13702,-51.54643],[-58.13767,-51.54654]]],[[[-58.27104,-51.53878],[-58.27634,-51.54758],[-58.28539,-51.54785],[-58.28604,-51.54012],[-58.27104,-51.53878]]],[[[-58.06534,-51.54375],[-58.06508,-51.54428],[-58.06905,-51.54312],[-58.0681,-51.54284],[-58.06534,-51.54375]]],[[[-58.07627,-51.54241],[-58.08737,-51.54137],[-58.09284,-51.53832],[-58.08576,-51.53754],[-58.07627,-51.54241]]],[[[-58.10591,-51.53757],[-58.10658,-51.53762],[-58.11012,-51.53701],[-58.10774,-51.53509],[-58.10591,-51.53757]]],[[[-58.09862,-51.53448],[-58.09787,-51.53401],[-58.09767,-51.53498],[-58.09851,-51.53497],[-58.09862,-51.53448]]],[[[-57.71873,-51.51647],[-57.719,-51.51766],[-57.73714,-51.51317],[-57.72236,-51.51534],[-57.71873,-51.51647]]],[[[-58.30477,-51.4245],[-58.31038,-51.42885],[-58.31473,-51.4242],[-58.30699,-51.42032],[-58.30477,-51.4245]]],[[[-58.31292,-51.39621],[-58.31903,-51.39632],[-58.32044,-51.39548],[-58.31586,-51.39212],[-58.31292,-51.39621]]],[[[-58.31896,-51.3901],[-58.31963,-51.39124],[-58.32232,-51.39165],[-58.32152,-51.39069],[-58.31896,-51.3901]]],[[[-57.89202,-51.38594],[-57.89113,-51.38579],[-57.89074,-51.38635],[-57.89212,-51.38635],[-57.89202,-51.38594]]],[[[-57.95504,-51.36497],[-57.95539,-51.36557],[-57.95759,-51.36475],[-57.95622,-51.36379],[-57.95504,-51.36497]]]]}}]}